job_title,job_description,required_skills,experience,education,responsibilities,salary,benefits,quality_score,quality_label,issues,clean_description
Python Developer,We are looking for a Python Developer to build and maintain web applications and software systems.,"Python, Flask, SQL",2 years,BS Computer Science,"Develop web applications, maintain software systems, write clean code, and fix bugs",80000-120000,"Health insurance, annual bonus, paid leave",95,Good,,we are looking for a python developer to build and maintain web applications and software systems
Office Worker,We need a hardworking person for office work. Apply now.,Not specified,Not specified,Not specified,Not specified,Not specified,Not specified,30,Poor,"Skills, experience, education, responsibilities and salary missing",we need a hardworking person for office work apply now
Frontend Developer,We are hiring a Frontend Developer to create responsive websites using modern web technologies.,"HTML, CSS, JavaScript, React",2-3 years,BS Computer Science,"Develop responsive interfaces, improve website performance, collaborate with designers",90000-140000,"Health insurance, paid leave, flexible hours",94,Good,,we are hiring a frontend developer to create responsive websites using modern web technologies
Data Analyst,We need a Data Analyst to analyze business data and create reports for management.,"Python, SQL, Excel, Power BI",1-2 years,BS Computer Science or Data Science,"Analyze datasets, create dashboards, prepare reports, identify business trends",85000-130000,"Medical insurance, bonuses, training",92,Good,,we need a data analyst to analyze business data and create reports for management
Graphic Designer,Looking for a creative person who can make designs.,"Photoshop, Illustrator",Not specified,Not specified,Create graphics for company projects,50000-80000,Paid leave,58,Poor,"Experience and education missing, responsibilities limited, benefits incomplete",looking for a creative person who can make designs
Backend Developer,We are looking for a Backend Developer to develop secure APIs and server-side applications.,"Python, Django, REST API, PostgreSQL",2 years,BS Computer Science,"Develop APIs, manage databases, improve application security and troubleshoot backend issues",100000-160000,"Health insurance, paid leave, performance bonus",96,Good,,we are looking for a backend developer to develop secure apis and server side applications
Marketing Manager,We are seeking an experienced Marketing Manager to develop and execute digital marketing strategies.,"SEO, Google Ads, Analytics, Communication",3-5 years,Bachelors degree,"Plan marketing campaigns, analyze campaign performance, manage digital channels",100000-180000,"Health insurance, annual bonus, paid vacation",94,Good,,we are seeking an experienced marketing manager to develop and execute digital marketing strategies
Software Engineer,Hiring a software engineer. Must be hardworking.,Programming,Not specified,Not specified,Work on software projects,Not specified,Not specified,45,Poor,"Skills are vague, experience, education, salary and benefits missing",hiring a software engineer must be hardworking
HR Manager,"We are seeking an HR Manager to manage recruitment, employee relations, and HR operations.","Recruitment, HR Management, Communication",3 years,BS Business Administration or HR,"Manage recruitment, maintain employee records, handle employee concerns and support HR policies",90000-150000,"Medical insurance, paid leave, annual bonus",93,Good,,we are seeking an hr manager to manage recruitment employee relations and hr operations
Mobile App Developer,We are hiring a Mobile App Developer to design and develop Android applications.,"Java, Kotlin, Android Studio",2 years,BS Computer Science,"Develop Android applications, test features, fix bugs and maintain existing apps",90000-150000,"Health insurance, flexible hours, paid leave",91,Good,,we are hiring a mobile app developer to design and develop android applications
Sales Executive,We need a sales person who can communicate with customers and increase sales.,"Communication, Sales, CRM",1 year,Bachelors degree,"Contact customers, explain products, maintain customer relationships and achieve sales targets",60000-100000,"Commission, paid leave, bonuses",88,Good,,we need a sales person who can communicate with customers and increase sales
Customer Support Representative,"We are looking for a Customer Support Representative to assist customers through phone, email and chat.","Communication, CRM, Problem Solving",1 year,Bachelors degree,"Respond to customer queries, resolve complaints, document customer interactions",50000-85000,"Health insurance, paid leave, training",90,Good,,we are looking for a customer support representative to assist customers through phone email and chat
Project Manager,We are seeking an experienced Project Manager to plan and deliver software projects on time and within budget.,"Project Management, Agile, Jira, Communication",4 years,BS Computer Science or Management,"Plan projects, manage teams, track deadlines, communicate with stakeholders and manage risks",150000-220000,"Health insurance, annual bonus, paid vacation",97,Good,,we are seeking an experienced project manager to plan and deliver software projects on time and within budget
Web Developer,We need someone to make websites.,Not specified,Not specified,Not specified,Make websites,Not specified,Not specified,35,Poor,"Skills, experience, education, salary and benefits missing",we need someone to make websites
Cybersecurity Analyst,We are hiring a Cybersecurity Analyst to monitor security threats and protect company systems and data.,"Network Security, SIEM, Linux, Python",2-3 years,BS Cybersecurity or Computer Science,"Monitor security alerts, investigate incidents, perform vulnerability assessments and prepare reports",110000-180000,"Health insurance, training budget, paid leave",96,Good,,we are hiring a cybersecurity analyst to monitor security threats and protect company systems and data
Database Administrator,We are looking for a Database Administrator to manage and maintain company databases.,"SQL, MySQL, PostgreSQL, Backup",2 years,BS Computer Science,"Manage databases, perform backups, monitor performance and troubleshoot database issues",100000-170000,"Medical insurance, annual bonus, paid leave",92,Good,,we are looking for a database administrator to manage and maintain company databases
Content Writer,Looking for a good writer who can write articles for our website.,"Writing, SEO",Not specified,Not specified,Write website articles and social media content,40000-70000,Not specified,62,Average,"Experience, education and benefits missing",looking for a good writer who can write articles for our website
UI UX Designer,We are seeking a UI/UX Designer to design user-friendly interfaces for web and mobile applications.,"Figma, UI Design, UX Research, Prototyping",2 years,BS Design or Computer Science,"Design wireframes, prototypes and interfaces, conduct user research and collaborate with developers",80000-130000,"Health insurance, flexible hours, paid leave",94,Good,,we are seeking a ui ux designer to design user friendly interfaces for web and mobile applications
Accountant,We are hiring an Accountant to manage financial records and prepare monthly reports.,"Excel, Accounting, QuickBooks",2 years,Bachelors in Accounting or Finance,"Maintain financial records, prepare reports, reconcile accounts and support audits",70000-110000,"Health insurance, paid leave, annual bonus",91,Good,,we are hiring an accountant to manage financial records and prepare monthly reports
Intern,We need an intern for our company.,Computer skills,Not specified,Not specified,Help employees with different tasks,20000-30000,Not specified,50,Poor,"Role is unclear, experience and education requirements missing, benefits missing",we need an intern for our company
Data Scientist,"We are looking for a Data Scientist to join our team. The successful candidate will use Python, Pandas, Scikit-learn to support our projects and business goals. Candidates should have 2-3 years of relevant experience and a BS Data Science. Strong communication, problem-solving, and teamwork skills are expected.","Python, Pandas, Scikit-learn, SQL",2-3 years,BS Data Science,"Manage records, prepare reports, monitor processes, and ensure accurate documentation.",60000-100000,"Medical insurance, flexible hours, paid vacation",86,Good,,we are looking for a data scientist to join our team the successful candidate will use python pandas scikit learn to support our projects and business goals candidates should have 2 3 years of relevant experience and a bs data science strong communication problem solving and teamwork skills are expected
Content Writer,"We are looking for a Content Writer to join our team. The successful candidate will use Writing, SEO, Research to support our projects and business goals. Candidates should have 3 years of relevant experience and a Bachelor degree. Strong communication, problem-solving, and teamwork skills are expected.","Writing, SEO, Research",3 years,Bachelor degree,"Analyze data, prepare reports, communicate findings, and support business decisions.",50000-80000,"Health insurance, paid leave, annual bonus",88,Good,,we are looking for a content writer to join our team the successful candidate will use writing seo research to support our projects and business goals candidates should have 3 years of relevant experience and a bachelor degree strong communication problem solving and teamwork skills are expected
Network Administrator,"We are hiring a Network Administrator. The candidate should have knowledge of Networking, Cisco. The role involves supporting company projects and completing assigned tasks.","Networking, Cisco, TCP/IP, Linux",Not specified,BS Computer Science,"Create user-focused designs, review feedback, and collaborate with developers.",60000-100000,Not specified,67,Average,Salary information missing,we are hiring a network administrator the candidate should have knowledge of networking cisco the role involves supporting company projects and completing assigned tasks
Business Analyst,"We are looking for a Business Analyst to join our team. The successful candidate will use SQL, Excel, Requirements Analysis to support our projects and business goals. Candidates should have 1 year of relevant experience and a Bachelor degree. Strong communication, problem-solving, and teamwork skills are expected.","SQL, Excel, Requirements Analysis",1 year,Bachelor degree,"Manage projects, coordinate stakeholders, track deadlines, and resolve project risks.",60000-120000,"Paid leave, training budget, performance bonus",87,Good,,we are looking for a business analyst to join our team the successful candidate will use sql excel requirements analysis to support our projects and business goals candidates should have 1 year of relevant experience and a bachelor degree strong communication problem solving and teamwork skills are expected
UI UX Designer,Looking for someone for a UI UX Designer position. Good opportunity.,"Figma, UI Design, UX Research, Prototyping",Not specified,Not specified,Not specified,Not specified,Not specified,23,Poor,"Skills, experience, education, responsibilities and salary missing",looking for someone for a ui ux designer position good opportunity
Customer Support Representative,"We are looking for a Customer Support Representative to join our team. The successful candidate will use Communication, CRM, Problem Solving to support our projects and business goals. Candidates should have 2-3 years of relevant experience and a Bachelor degree. Strong communication, problem-solving, and teamwork skills are expected.","Communication, CRM, Problem Solving",2-3 years,Bachelor degree,"Manage records, prepare reports, monitor processes, and ensure accurate documentation.",90000-140000,"Health insurance, paid leave, annual bonus",92,Good,,we are looking for a customer support representative to join our team the successful candidate will use communication crm problem solving to support our projects and business goals candidates should have 2 3 years of relevant experience and a bachelor degree strong communication problem solving and teamwork skills are expected
Content Writer,"We are looking for a Content Writer to join our team. The successful candidate will use Writing, SEO, Research to support our projects and business goals. Candidates should have 3 years of relevant experience and a Bachelor degree. Strong communication, problem-solving, and teamwork skills are expected.","Writing, SEO, Research",3 years,Bachelor degree,"Support customers, resolve queries, document interactions, and maintain service quality.",50000-100000,"Paid leave, training budget, performance bonus",88,Good,,we are looking for a content writer to join our team the successful candidate will use writing seo research to support our projects and business goals candidates should have 3 years of relevant experience and a bachelor degree strong communication problem solving and teamwork skills are expected
Data Analyst,"We are looking for a Data Analyst to join our team. The successful candidate will use Python, SQL, Excel to support our projects and business goals. Candidates should have 2 years of relevant experience and a BS Data Science. Strong communication, problem-solving, and teamwork skills are expected.","Python, SQL, Excel, Power BI",2 years,BS Data Science,"Develop and maintain applications, collaborate with team members, test solutions, and fix issues.",70000-100000,"Medical insurance, flexible hours, paid vacation",91,Good,,we are looking for a data analyst to join our team the successful candidate will use python sql excel to support our projects and business goals candidates should have 2 years of relevant experience and a bs data science strong communication problem solving and teamwork skills are expected
Project Manager,"We are hiring a Project Manager. The candidate should have knowledge of Agile, Jira. The role involves supporting company projects and completing assigned tasks.","Agile, Jira, Communication, Risk Management",2 years,BS Management,"Manage projects, coordinate stakeholders, track deadlines, and resolve project risks.",60000-100000,"Paid leave, training budget, performance bonus",66,Average,Experience requirement unclear,we are hiring a project manager the candidate should have knowledge of agile jira the role involves supporting company projects and completing assigned tasks
Data Analyst,"We are hiring a Data Analyst. The candidate should have knowledge of Python, SQL. The role involves supporting company projects and completing assigned tasks.","Python, SQL, Excel, Power BI",1 year,BS Data Science,"Analyze data, prepare reports, communicate findings, and support business decisions.",Not specified,"Medical insurance, flexible hours, paid vacation",74,Average,Salary information missing,we are hiring a data analyst the candidate should have knowledge of python sql the role involves supporting company projects and completing assigned tasks
Project Manager,We need a person who can do Project Manager work. Contact us.,"Agile, Jira, Communication, Risk Management",Not specified,Not specified,Not specified,Not specified,Not specified,42,Poor,"Experience, education, salary and benefits missing",we need a person who can do project manager work contact us
Graphic Designer,"We are hiring a Graphic Designer. The candidate should have knowledge of Photoshop, Illustrator. The role involves supporting company projects and completing assigned tasks.","Photoshop, Illustrator, Canva",1 year,Bachelor degree,"Manage projects, coordinate stakeholders, track deadlines, and resolve project risks.",60000-100000,"Health insurance, paid leave, annual bonus",72,Average,Experience requirement unclear,we are hiring a graphic designer the candidate should have knowledge of photoshop illustrator the role involves supporting company projects and completing assigned tasks
Data Analyst,"We are looking for a Data Analyst to join our team. The successful candidate will use Python, SQL, Excel to support our projects and business goals. Candidates should have 3-5 years of relevant experience and a BS Data Science. Strong communication, problem-solving, and teamwork skills are expected.","Python, SQL, Excel, Power BI",3-5 years,BS Data Science,"Manage records, prepare reports, monitor processes, and ensure accurate documentation.",100000-150000,"Medical insurance, flexible hours, paid vacation",92,Good,,we are looking for a data analyst to join our team the successful candidate will use python sql excel to support our projects and business goals candidates should have 3 5 years of relevant experience and a bs data science strong communication problem solving and teamwork skills are expected
Customer Support Representative,We need a person who can do Customer Support Representative work. Contact us.,"Communication, CRM, Problem Solving",Not specified,Not specified,Not specified,Not specified,Not specified,34,Poor,"Skills, experience, education, responsibilities and salary missing",we need a person who can do customer support representative work contact us
Project Manager,"We are looking for a Project Manager to join our team. The successful candidate will use Agile, Jira, Communication to support our projects and business goals. Candidates should have 5 years of relevant experience and a BS Management. Strong communication, problem-solving, and teamwork skills are expected.","Agile, Jira, Communication, Risk Management",5 years,BS Management,"Support customers, resolve queries, document interactions, and maintain service quality.",90000-140000,"Health insurance, annual bonus, professional development",91,Good,,we are looking for a project manager to join our team the successful candidate will use agile jira communication to support our projects and business goals candidates should have 5 years of relevant experience and a bs management strong communication problem solving and teamwork skills are expected
Sales Executive,"We are looking for a Sales Executive to join our team. The successful candidate will use Sales, CRM, Communication to support our projects and business goals. Candidates should have 2 years of relevant experience and a Bachelor degree. Strong communication, problem-solving, and teamwork skills are expected.","Sales, CRM, Communication, Negotiation",2 years,Bachelor degree,"Develop and maintain applications, collaborate with team members, test solutions, and fix issues.",90000-150000,"Health insurance, paid leave, annual bonus",98,Good,,we are looking for a sales executive to join our team the successful candidate will use sales crm communication to support our projects and business goals candidates should have 2 years of relevant experience and a bachelor degree strong communication problem solving and teamwork skills are expected
Data Scientist,"We are looking for a Data Scientist to join our team. The successful candidate will use Python, Pandas, Scikit-learn to support our projects and business goals. Candidates should have 2 years of relevant experience and a BS Data Science. Strong communication, problem-solving, and teamwork skills are expected.","Python, Pandas, Scikit-learn, SQL",2 years,BS Data Science,"Create user-focused designs, review feedback, and collaborate with developers.",100000-160000,"Health insurance, paid leave, annual bonus",91,Good,,we are looking for a data scientist to join our team the successful candidate will use python pandas scikit learn to support our projects and business goals candidates should have 2 years of relevant experience and a bs data science strong communication problem solving and teamwork skills are expected
Teacher,We need a person who can do Teacher work. Contact us.,"Teaching, Communication, Lesson Planning",Not specified,Not specified,Not specified,Not specified,Not specified,28,Poor,"Experience, education, salary and benefits missing",we need a person who can do teacher work contact us
Software Developer,"We are hiring a Software Developer. The candidate should have knowledge of Python, Java. The role involves supporting company projects and completing assigned tasks.","Python, Java, C++, Git",1 year,BS Computer Science,"Manage projects, coordinate stakeholders, track deadlines, and resolve project risks.",Not specified,Not specified,70,Average,Education requirement missing,we are hiring a software developer the candidate should have knowledge of python java the role involves supporting company projects and completing assigned tasks
HR Manager,"We are looking for a HR Manager to join our team. The successful candidate will use Recruitment, HR Management, Communication to support our projects and business goals. Candidates should have 3 years of relevant experience and a BS Human Resources. Strong communication, problem-solving, and teamwork skills are expected.","Recruitment, HR Management, Communication",3 years,BS Human Resources,"Support customers, resolve queries, document interactions, and maintain service quality.",50000-100000,"Medical insurance, flexible hours, paid vacation",86,Good,,we are looking for a hr manager to join our team the successful candidate will use recruitment hr management communication to support our projects and business goals candidates should have 3 years of relevant experience and a bs human resources strong communication problem solving and teamwork skills are expected
HR Manager,We need a person who can do HR Manager work. Contact us.,"Recruitment, HR Management, Communication",Not specified,Not specified,Not specified,Not specified,Not specified,39,Poor,"Skills, experience, education, responsibilities and salary missing",we need a person who can do hr manager work contact us
Machine Learning Engineer,"We are looking for a Machine Learning Engineer to join our team. The successful candidate will use Python, TensorFlow, Scikit-learn to support our projects and business goals. Candidates should have 2 years of relevant experience and a BS Computer Science. Strong communication, problem-solving, and teamwork skills are expected.","Python, TensorFlow, Scikit-learn, SQL",2 years,BS Computer Science,"Create user-focused designs, review feedback, and collaborate with developers.",90000-120000,"Paid leave, training budget, performance bonus",85,Good,,we are looking for a machine learning engineer to join our team the successful candidate will use python tensorflow scikit learn to support our projects and business goals candidates should have 2 years of relevant experience and a bs computer science strong communication problem solving and teamwork skills are expected
Data Scientist,Looking for someone for a Data Scientist position. Good opportunity.,"Python, Pandas, Scikit-learn, SQL",Not specified,Not specified,Not specified,Not specified,Not specified,27,Poor,"Skills, experience, education, responsibilities and salary missing",looking for someone for a data scientist position good opportunity
Graphic Designer,We need a hardworking Graphic Designer. Apply now.,"Photoshop, Illustrator, Canva",Not specified,Not specified,Not specified,Not specified,Not specified,22,Poor,"Experience, education, salary and benefits missing",we need a hardworking graphic designer apply now
Mobile App Developer,We need a person who can do Mobile App Developer work. Contact us.,"Kotlin, Java, Android Studio",Not specified,Not specified,Not specified,Not specified,Not specified,44,Poor,"Skills, experience, education, responsibilities and salary missing",we need a person who can do mobile app developer work contact us
Machine Learning Engineer,"We are hiring a Machine Learning Engineer. The candidate should have knowledge of Python, TensorFlow. The role involves supporting company projects and completing assigned tasks.","Python, TensorFlow, Scikit-learn, SQL",Not specified,BS Computer Science,"Support customers, resolve queries, document interactions, and maintain service quality.",60000-100000,"Paid leave, training budget, performance bonus",79,Average,Salary information missing,we are hiring a machine learning engineer the candidate should have knowledge of python tensorflow the role involves supporting company projects and completing assigned tasks
UI UX Designer,We need a person who can do UI UX Designer work. Contact us.,"Figma, UI Design, UX Research, Prototyping",Not specified,Not specified,Not specified,Not specified,Not specified,42,Poor,"Skills, experience, education, responsibilities and salary missing",we need a person who can do ui ux designer work contact us
HR Manager,"We are looking for a HR Manager to join our team. The successful candidate will use Recruitment, HR Management, Communication to support our projects and business goals. Candidates should have 5 years of relevant experience and a BS Human Resources. Strong communication, problem-solving, and teamwork skills are expected.","Recruitment, HR Management, Communication",5 years,BS Human Resources,"Support customers, resolve queries, document interactions, and maintain service quality.",100000-150000,"Health insurance, annual bonus, professional development",92,Good,,we are looking for a hr manager to join our team the successful candidate will use recruitment hr management communication to support our projects and business goals candidates should have 5 years of relevant experience and a bs human resources strong communication problem solving and teamwork skills are expected
Data Scientist,"We are looking for a Data Scientist to join our team. The successful candidate will use Python, Pandas, Scikit-learn to support our projects and business goals. Candidates should have 1 year of relevant experience and a BS Data Science. Strong communication, problem-solving, and teamwork skills are expected.","Python, Pandas, Scikit-learn, SQL",1 year,BS Data Science,"Support customers, resolve queries, document interactions, and maintain service quality.",70000-100000,"Medical insurance, flexible hours, paid vacation",88,Good,,we are looking for a data scientist to join our team the successful candidate will use python pandas scikit learn to support our projects and business goals candidates should have 1 year of relevant experience and a bs data science strong communication problem solving and teamwork skills are expected
Software Developer,"We are looking for a Software Developer to join our team. The successful candidate will use Python, Java, C++ to support our projects and business goals. Candidates should have 5 years of relevant experience and a BS Computer Science. Strong communication, problem-solving, and teamwork skills are expected.","Python, Java, C++, Git",5 years,BS Computer Science,"Develop and maintain applications, collaborate with team members, test solutions, and fix issues.",50000-90000,"Health insurance, paid leave, annual bonus",98,Good,,we are looking for a software developer to join our team the successful candidate will use python java c to support our projects and business goals candidates should have 5 years of relevant experience and a bs computer science strong communication problem solving and teamwork skills are expected
Marketing Manager,"We are looking for a Marketing Manager to join our team. The successful candidate will use SEO, Google Ads, Analytics to support our projects and business goals. Candidates should have 2 years of relevant experience and a Bachelor degree. Strong communication, problem-solving, and teamwork skills are expected.","SEO, Google Ads, Analytics, Communication",2 years,Bachelor degree,"Support customers, resolve queries, document interactions, and maintain service quality.",70000-130000,"Medical insurance, flexible hours, paid vacation",87,Good,,we are looking for a marketing manager to join our team the successful candidate will use seo google ads analytics to support our projects and business goals candidates should have 2 years of relevant experience and a bachelor degree strong communication problem solving and teamwork skills are expected
Business Analyst,"We are hiring a Business Analyst. The candidate should have knowledge of SQL, Excel. The role involves supporting company projects and completing assigned tasks.","SQL, Excel, Requirements Analysis",1 year,Bachelor degree,"Analyze data, prepare reports, communicate findings, and support business decisions.",80000-130000,"Health insurance, annual bonus, professional development",63,Average,Education requirement missing,we are hiring a business analyst the candidate should have knowledge of sql excel the role involves supporting company projects and completing assigned tasks
Accountant,"We are looking for a Accountant to join our team. The successful candidate will use Excel, Accounting, QuickBooks to support our projects and business goals. Candidates should have 3 years of relevant experience and a BS Accounting. Strong communication, problem-solving, and teamwork skills are expected.","Excel, Accounting, QuickBooks",3 years,BS Accounting,"Develop and maintain applications, collaborate with team members, test solutions, and fix issues.",80000-110000,"Health insurance, paid leave, annual bonus",91,Good,,we are looking for a accountant to join our team the successful candidate will use excel accounting quickbooks to support our projects and business goals candidates should have 3 years of relevant experience and a bs accounting strong communication problem solving and teamwork skills are expected
Marketing Manager,We need a hardworking Marketing Manager. Apply now.,"SEO, Google Ads, Analytics, Communication",Not specified,Not specified,Not specified,Not specified,Not specified,27,Poor,"Skills, experience, education, responsibilities and salary missing",we need a hardworking marketing manager apply now
UI UX Designer,"We are hiring a UI UX Designer. The candidate should have knowledge of Figma, UI Design. The role involves supporting company projects and completing assigned tasks.","Figma, UI Design, UX Research, Prototyping",1 year,BS Design,"Manage projects, coordinate stakeholders, track deadlines, and resolve project risks.",80000-130000,"Medical insurance, flexible hours, paid vacation",74,Average,Benefits information missing,we are hiring a ui ux designer the candidate should have knowledge of figma ui design the role involves supporting company projects and completing assigned tasks
Data Analyst,"We are looking for a Data Analyst to join our team. The successful candidate will use Python, SQL, Excel to support our projects and business goals. Candidates should have 3-5 years of relevant experience and a BS Data Science. Strong communication, problem-solving, and teamwork skills are expected.","Python, SQL, Excel, Power BI",3-5 years,BS Data Science,"Develop and maintain applications, collaborate with team members, test solutions, and fix issues.",50000-80000,"Health insurance, paid leave, annual bonus",97,Good,,we are looking for a data analyst to join our team the successful candidate will use python sql excel to support our projects and business goals candidates should have 3 5 years of relevant experience and a bs data science strong communication problem solving and teamwork skills are expected
Graphic Designer,"We are looking for a Graphic Designer to join our team. The successful candidate will use Photoshop, Illustrator, Canva to support our projects and business goals. Candidates should have 3 years of relevant experience and a Bachelor degree. Strong communication, problem-solving, and teamwork skills are expected.","Photoshop, Illustrator, Canva",3 years,Bachelor degree,"Develop and maintain applications, collaborate with team members, test solutions, and fix issues.",80000-120000,"Health insurance, annual bonus, professional development",87,Good,,we are looking for a graphic designer to join our team the successful candidate will use photoshop illustrator canva to support our projects and business goals candidates should have 3 years of relevant experience and a bachelor degree strong communication problem solving and teamwork skills are expected
Customer Support Representative,"We are looking for a Customer Support Representative to join our team. The successful candidate will use Communication, CRM, Problem Solving to support our projects and business goals. Candidates should have 3 years of relevant experience and a Bachelor degree. Strong communication, problem-solving, and teamwork skills are expected.","Communication, CRM, Problem Solving",3 years,Bachelor degree,"Create user-focused designs, review feedback, and collaborate with developers.",70000-130000,"Paid leave, training budget, performance bonus",96,Good,,we are looking for a customer support representative to join our team the successful candidate will use communication crm problem solving to support our projects and business goals candidates should have 3 years of relevant experience and a bachelor degree strong communication problem solving and teamwork skills are expected
Content Writer,"We are hiring a Content Writer. The candidate should have knowledge of Writing, SEO. The role involves supporting company projects and completing assigned tasks.","Writing, SEO, Research",2 years,Bachelor degree,"Manage projects, coordinate stakeholders, track deadlines, and resolve project risks.",60000-100000,"Medical insurance, flexible hours, paid vacation",66,Average,Education requirement missing,we are hiring a content writer the candidate should have knowledge of writing seo the role involves supporting company projects and completing assigned tasks
Business Analyst,"We are hiring a Business Analyst. The candidate should have knowledge of SQL, Excel. The role involves supporting company projects and completing assigned tasks.","SQL, Excel, Requirements Analysis",1 year,Bachelor degree,"Develop and maintain applications, collaborate with team members, test solutions, and fix issues.",Not specified,"Paid leave, training budget, performance bonus",61,Average,Responsibilities are limited,we are hiring a business analyst the candidate should have knowledge of sql excel the role involves supporting company projects and completing assigned tasks
Mobile App Developer,"We are hiring a Mobile App Developer. The candidate should have knowledge of Kotlin, Java. The role involves supporting company projects and completing assigned tasks.","Kotlin, Java, Android Studio",Not specified,BS Computer Science,"Support customers, resolve queries, document interactions, and maintain service quality.",60000-100000,"Health insurance, paid leave, annual bonus",62,Average,Benefits information missing,we are hiring a mobile app developer the candidate should have knowledge of kotlin java the role involves supporting company projects and completing assigned tasks
Data Analyst,"We are hiring a Data Analyst. The candidate should have knowledge of Python, SQL. The role involves supporting company projects and completing assigned tasks.","Python, SQL, Excel, Power BI",Not specified,BS Data Science,"Develop and maintain applications, collaborate with team members, test solutions, and fix issues.",60000-100000,"Health insurance, annual bonus, professional development",78,Average,Benefits information missing,we are hiring a data analyst the candidate should have knowledge of python sql the role involves supporting company projects and completing assigned tasks
Business Analyst,"We are hiring a Business Analyst. The candidate should have knowledge of SQL, Excel. The role involves supporting company projects and completing assigned tasks.","SQL, Excel, Requirements Analysis",Not specified,Bachelor degree,"Manage records, prepare reports, monitor processes, and ensure accurate documentation.",60000-100000,"Health insurance, annual bonus, professional development",78,Average,Responsibilities are limited,we are hiring a business analyst the candidate should have knowledge of sql excel the role involves supporting company projects and completing assigned tasks
Network Administrator,"We are looking for a Network Administrator to join our team. The successful candidate will use Networking, Cisco, TCP/IP to support our projects and business goals. Candidates should have 2-3 years of relevant experience and a BS Computer Science. Strong communication, problem-solving, and teamwork skills are expected.","Networking, Cisco, TCP/IP, Linux",2-3 years,BS Computer Science,"Manage projects, coordinate stakeholders, track deadlines, and resolve project risks.",60000-110000,"Medical insurance, flexible hours, paid vacation",91,Good,,we are looking for a network administrator to join our team the successful candidate will use networking cisco tcp ip to support our projects and business goals candidates should have 2 3 years of relevant experience and a bs computer science strong communication problem solving and teamwork skills are expected
Machine Learning Engineer,"We are hiring a Machine Learning Engineer. The candidate should have knowledge of Python, TensorFlow. The role involves supporting company projects and completing assigned tasks.","Python, TensorFlow, Scikit-learn, SQL",2 years,BS Computer Science,"Develop and maintain applications, collaborate with team members, test solutions, and fix issues.",80000-130000,"Paid leave, training budget, performance bonus",60,Average,Salary information missing,we are hiring a machine learning engineer the candidate should have knowledge of python tensorflow the role involves supporting company projects and completing assigned tasks
Teacher,We need a hardworking Teacher. Apply now.,"Teaching, Communication, Lesson Planning",Not specified,Not specified,Not specified,Not specified,Not specified,22,Poor,"Experience, education, salary and benefits missing",we need a hardworking teacher apply now
UI UX Designer,"We are hiring a UI UX Designer. The candidate should have knowledge of Figma, UI Design. The role involves supporting company projects and completing assigned tasks.","Figma, UI Design, UX Research, Prototyping",1 year,BS Design,"Analyze data, prepare reports, communicate findings, and support business decisions.",80000-130000,"Health insurance, paid leave, annual bonus",71,Average,Experience requirement unclear,we are hiring a ui ux designer the candidate should have knowledge of figma ui design the role involves supporting company projects and completing assigned tasks
Cybersecurity Analyst,"We are looking for a Cybersecurity Analyst to join our team. The successful candidate will use Network Security, Linux, SIEM to support our projects and business goals. Candidates should have 3-5 years of relevant experience and a BS Cybersecurity. Strong communication, problem-solving, and teamwork skills are expected.","Network Security, Linux, SIEM, Python",3-5 years,BS Cybersecurity,"Manage records, prepare reports, monitor processes, and ensure accurate documentation.",100000-150000,"Health insurance, paid leave, annual bonus",98,Good,,we are looking for a cybersecurity analyst to join our team the successful candidate will use network security linux siem to support our projects and business goals candidates should have 3 5 years of relevant experience and a bs cybersecurity strong communication problem solving and teamwork skills are expected
Content Writer,"We are looking for a Content Writer to join our team. The successful candidate will use Writing, SEO, Research to support our projects and business goals. Candidates should have 5 years of relevant experience and a Bachelor degree. Strong communication, problem-solving, and teamwork skills are expected.","Writing, SEO, Research",5 years,Bachelor degree,"Develop and maintain applications, collaborate with team members, test solutions, and fix issues.",50000-90000,"Paid leave, training budget, performance bonus",86,Good,,we are looking for a content writer to join our team the successful candidate will use writing seo research to support our projects and business goals candidates should have 5 years of relevant experience and a bachelor degree strong communication problem solving and teamwork skills are expected
Content Writer,"We are looking for a Content Writer to join our team. The successful candidate will use Writing, SEO, Research to support our projects and business goals. Candidates should have 2-3 years of relevant experience and a Bachelor degree. Strong communication, problem-solving, and teamwork skills are expected.","Writing, SEO, Research",2-3 years,Bachelor degree,"Analyze data, prepare reports, communicate findings, and support business decisions.",90000-130000,"Paid leave, training budget, performance bonus",95,Good,,we are looking for a content writer to join our team the successful candidate will use writing seo research to support our projects and business goals candidates should have 2 3 years of relevant experience and a bachelor degree strong communication problem solving and teamwork skills are expected
Project Manager,"We are hiring a Project Manager. The candidate should have knowledge of Agile, Jira. The role involves supporting company projects and completing assigned tasks.","Agile, Jira, Communication, Risk Management",2 years,BS Management,"Manage records, prepare reports, monitor processes, and ensure accurate documentation.",60000-100000,"Health insurance, paid leave, annual bonus",73,Average,Experience requirement unclear,we are hiring a project manager the candidate should have knowledge of agile jira the role involves supporting company projects and completing assigned tasks
Web Developer,"We are looking for a Web Developer to join our team. The successful candidate will use HTML, CSS, JavaScript to support our projects and business goals. Candidates should have 2 years of relevant experience and a BS Computer Science. Strong communication, problem-solving, and teamwork skills are expected.","HTML, CSS, JavaScript, React",2 years,BS Computer Science,"Manage records, prepare reports, monitor processes, and ensure accurate documentation.",100000-150000,"Medical insurance, flexible hours, paid vacation",92,Good,,we are looking for a web developer to join our team the successful candidate will use html css javascript to support our projects and business goals candidates should have 2 years of relevant experience and a bs computer science strong communication problem solving and teamwork skills are expected
Content Writer,"We are hiring a Content Writer. The candidate should have knowledge of Writing, SEO. The role involves supporting company projects and completing assigned tasks.","Writing, SEO, Research",Not specified,Bachelor degree,"Develop and maintain applications, collaborate with team members, test solutions, and fix issues.",60000-100000,"Health insurance, paid leave, annual bonus",64,Average,Responsibilities are limited,we are hiring a content writer the candidate should have knowledge of writing seo the role involves supporting company projects and completing assigned tasks
Web Developer,We need a person who can do Web Developer work. Contact us.,"HTML, CSS, JavaScript, React",Not specified,Not specified,Not specified,Not specified,Not specified,37,Poor,"Skills, experience, education, responsibilities and salary missing",we need a person who can do web developer work contact us
Accountant,"We are looking for a Accountant to join our team. The successful candidate will use Excel, Accounting, QuickBooks to support our projects and business goals. Candidates should have 2-3 years of relevant experience and a BS Accounting. Strong communication, problem-solving, and teamwork skills are expected.","Excel, Accounting, QuickBooks",2-3 years,BS Accounting,"Analyze data, prepare reports, communicate findings, and support business decisions.",70000-100000,"Paid leave, training budget, performance bonus",95,Good,,we are looking for a accountant to join our team the successful candidate will use excel accounting quickbooks to support our projects and business goals candidates should have 2 3 years of relevant experience and a bs accounting strong communication problem solving and teamwork skills are expected
Graphic Designer,"We are hiring a Graphic Designer. The candidate should have knowledge of Photoshop, Illustrator. The role involves supporting company projects and completing assigned tasks.","Photoshop, Illustrator, Canva",2 years,Bachelor degree,"Support customers, resolve queries, document interactions, and maintain service quality.",Not specified,"Health insurance, annual bonus, professional development",64,Average,Benefits information missing,we are hiring a graphic designer the candidate should have knowledge of photoshop illustrator the role involves supporting company projects and completing assigned tasks
Cybersecurity Analyst,We need a hardworking Cybersecurity Analyst. Apply now.,"Network Security, Linux, SIEM, Python",Not specified,Not specified,Not specified,Not specified,Not specified,48,Poor,Job responsibilities unclear and required skills missing,we need a hardworking cybersecurity analyst apply now
Software Developer,"We are looking for a Software Developer to join our team. The successful candidate will use Python, Java, C++ to support our projects and business goals. Candidates should have 2-3 years of relevant experience and a BS Computer Science. Strong communication, problem-solving, and teamwork skills are expected.","Python, Java, C++, Git",2-3 years,BS Computer Science,"Analyze data, prepare reports, communicate findings, and support business decisions.",80000-120000,"Paid leave, training budget, performance bonus",97,Good,,we are looking for a software developer to join our team the successful candidate will use python java c to support our projects and business goals candidates should have 2 3 years of relevant experience and a bs computer science strong communication problem solving and teamwork skills are expected
Data Scientist,"We are looking for a Data Scientist to join our team. The successful candidate will use Python, Pandas, Scikit-learn to support our projects and business goals. Candidates should have 1 year of relevant experience and a BS Data Science. Strong communication, problem-solving, and teamwork skills are expected.","Python, Pandas, Scikit-learn, SQL",1 year,BS Data Science,"Create user-focused designs, review feedback, and collaborate with developers.",80000-120000,"Medical insurance, flexible hours, paid vacation",90,Good,,we are looking for a data scientist to join our team the successful candidate will use python pandas scikit learn to support our projects and business goals candidates should have 1 year of relevant experience and a bs data science strong communication problem solving and teamwork skills are expected
HR Manager,We need a hardworking HR Manager. Apply now.,"Recruitment, HR Management, Communication",Not specified,Not specified,Not specified,Not specified,Not specified,27,Poor,"Skills, experience, education, responsibilities and salary missing",we need a hardworking hr manager apply now
UI UX Designer,"We are looking for a UI UX Designer to join our team. The successful candidate will use Figma, UI Design, UX Research to support our projects and business goals. Candidates should have 2-3 years of relevant experience and a BS Design. Strong communication, problem-solving, and teamwork skills are expected.","Figma, UI Design, UX Research, Prototyping",2-3 years,BS Design,"Manage records, prepare reports, monitor processes, and ensure accurate documentation.",50000-100000,"Paid leave, training budget, performance bonus",93,Good,,we are looking for a ui ux designer to join our team the successful candidate will use figma ui design ux research to support our projects and business goals candidates should have 2 3 years of relevant experience and a bs design strong communication problem solving and teamwork skills are expected
Customer Support Representative,"We are hiring a Customer Support Representative. The candidate should have knowledge of Communication, CRM. The role involves supporting company projects and completing assigned tasks.","Communication, CRM, Problem Solving",Not specified,Bachelor degree,"Develop and maintain applications, collaborate with team members, test solutions, and fix issues.",80000-130000,"Health insurance, paid leave, annual bonus",68,Average,Benefits information missing,we are hiring a customer support representative the candidate should have knowledge of communication crm the role involves supporting company projects and completing assigned tasks
Business Analyst,Looking for someone for a Business Analyst position. Good opportunity.,"SQL, Excel, Requirements Analysis",Not specified,Not specified,Not specified,Not specified,Not specified,21,Poor,"Skills, experience, education, responsibilities and salary missing",looking for someone for a business analyst position good opportunity
Teacher,"We are looking for a Teacher to join our team. The successful candidate will use Teaching, Communication, Lesson Planning to support our projects and business goals. Candidates should have 5 years of relevant experience and a Bachelor degree. Strong communication, problem-solving, and teamwork skills are expected.","Teaching, Communication, Lesson Planning",5 years,Bachelor degree,"Create user-focused designs, review feedback, and collaborate with developers.",70000-130000,"Health insurance, paid leave, annual bonus",94,Good,,we are looking for a teacher to join our team the successful candidate will use teaching communication lesson planning to support our projects and business goals candidates should have 5 years of relevant experience and a bachelor degree strong communication problem solving and teamwork skills are expected
UI UX Designer,"We are looking for a UI UX Designer to join our team. The successful candidate will use Figma, UI Design, UX Research to support our projects and business goals. Candidates should have 5 years of relevant experience and a BS Design. Strong communication, problem-solving, and teamwork skills are expected.","Figma, UI Design, UX Research, Prototyping",5 years,BS Design,"Manage projects, coordinate stakeholders, track deadlines, and resolve project risks.",80000-110000,"Medical insurance, flexible hours, paid vacation",91,Good,,we are looking for a ui ux designer to join our team the successful candidate will use figma ui design ux research to support our projects and business goals candidates should have 5 years of relevant experience and a bs design strong communication problem solving and teamwork skills are expected
Data Analyst,Looking for someone for a Data Analyst position. Good opportunity.,"Python, SQL, Excel, Power BI",Not specified,Not specified,Not specified,Not specified,Not specified,39,Poor,Job responsibilities unclear and required skills missing,looking for someone for a data analyst position good opportunity
Data Scientist,"We are hiring a Data Scientist. The candidate should have knowledge of Python, Pandas. The role involves supporting company projects and completing assigned tasks.","Python, Pandas, Scikit-learn, SQL",2 years,BS Data Science,"Manage records, prepare reports, monitor processes, and ensure accurate documentation.",Not specified,"Paid leave, training budget, performance bonus",73,Average,Experience requirement unclear,we are hiring a data scientist the candidate should have knowledge of python pandas the role involves supporting company projects and completing assigned tasks
Customer Support Representative,"We are hiring a Customer Support Representative. The candidate should have knowledge of Communication, CRM. The role involves supporting company projects and completing assigned tasks.","Communication, CRM, Problem Solving",Not specified,Bachelor degree,"Create user-focused designs, review feedback, and collaborate with developers.",60000-100000,"Medical insurance, flexible hours, paid vacation",72,Average,Benefits information missing,we are hiring a customer support representative the candidate should have knowledge of communication crm the role involves supporting company projects and completing assigned tasks
Teacher,"We are hiring a Teacher. The candidate should have knowledge of Teaching, Communication. The role involves supporting company projects and completing assigned tasks.","Teaching, Communication, Lesson Planning",2 years,Bachelor degree,"Manage projects, coordinate stakeholders, track deadlines, and resolve project risks.",Not specified,"Health insurance, paid leave, annual bonus",69,Average,Benefits information missing,we are hiring a teacher the candidate should have knowledge of teaching communication the role involves supporting company projects and completing assigned tasks
Accountant,We need a person who can do Accountant work. Contact us.,"Excel, Accounting, QuickBooks",Not specified,Not specified,Not specified,Not specified,Not specified,40,Poor,Job responsibilities unclear and required skills missing,we need a person who can do accountant work contact us
Database Administrator,"We are looking for a Database Administrator to join our team. The successful candidate will use SQL, MySQL, PostgreSQL to support our projects and business goals. Candidates should have 5 years of relevant experience and a BS Computer Science. Strong communication, problem-solving, and teamwork skills are expected.","SQL, MySQL, PostgreSQL, Backup",5 years,BS Computer Science,"Manage records, prepare reports, monitor processes, and ensure accurate documentation.",60000-120000,"Medical insurance, flexible hours, paid vacation",86,Good,,we are looking for a database administrator to join our team the successful candidate will use sql mysql postgresql to support our projects and business goals candidates should have 5 years of relevant experience and a bs computer science strong communication problem solving and teamwork skills are expected
HR Manager,"We are hiring a HR Manager. The candidate should have knowledge of Recruitment, HR Management. The role involves supporting company projects and completing assigned tasks.","Recruitment, HR Management, Communication",Not specified,BS Human Resources,"Develop and maintain applications, collaborate with team members, test solutions, and fix issues.",Not specified,"Paid leave, training budget, performance bonus",67,Average,Experience requirement unclear,we are hiring a hr manager the candidate should have knowledge of recruitment hr management the role involves supporting company projects and completing assigned tasks
Graphic Designer,We need a hardworking Graphic Designer. Apply now.,"Photoshop, Illustrator, Canva",Not specified,Not specified,Not specified,Not specified,Not specified,20,Poor,"Skills, experience, education, responsibilities and salary missing",we need a hardworking graphic designer apply now
Graphic Designer,We need a person who can do Graphic Designer work. Contact us.,"Photoshop, Illustrator, Canva",Not specified,Not specified,Not specified,Not specified,Not specified,47,Poor,"Skills, experience, education, responsibilities and salary missing",we need a person who can do graphic designer work contact us
Database Administrator,"We are looking for a Database Administrator to join our team. The successful candidate will use SQL, MySQL, PostgreSQL to support our projects and business goals. Candidates should have 5 years of relevant experience and a BS Computer Science. Strong communication, problem-solving, and teamwork skills are expected.","SQL, MySQL, PostgreSQL, Backup",5 years,BS Computer Science,"Create user-focused designs, review feedback, and collaborate with developers.",90000-130000,"Health insurance, annual bonus, professional development",91,Good,,we are looking for a database administrator to join our team the successful candidate will use sql mysql postgresql to support our projects and business goals candidates should have 5 years of relevant experience and a bs computer science strong communication problem solving and teamwork skills are expected
Graphic Designer,"We are looking for a Graphic Designer to join our team. The successful candidate will use Photoshop, Illustrator, Canva to support our projects and business goals. Candidates should have 5 years of relevant experience and a Bachelor degree. Strong communication, problem-solving, and teamwork skills are expected.","Photoshop, Illustrator, Canva",5 years,Bachelor degree,"Analyze data, prepare reports, communicate findings, and support business decisions.",50000-80000,"Health insurance, annual bonus, professional development",87,Good,,we are looking for a graphic designer to join our team the successful candidate will use photoshop illustrator canva to support our projects and business goals candidates should have 5 years of relevant experience and a bachelor degree strong communication problem solving and teamwork skills are expected
Network Administrator,"We are hiring a Network Administrator. The candidate should have knowledge of Networking, Cisco. The role involves supporting company projects and completing assigned tasks.","Networking, Cisco, TCP/IP, Linux",Not specified,BS Computer Science,"Create user-focused designs, review feedback, and collaborate with developers.",60000-100000,"Health insurance, paid leave, annual bonus",64,Average,Salary information missing,we are hiring a network administrator the candidate should have knowledge of networking cisco the role involves supporting company projects and completing assigned tasks
Network Administrator,We need a person who can do Network Administrator work. Contact us.,"Networking, Cisco, TCP/IP, Linux",Not specified,Not specified,Not specified,Not specified,Not specified,30,Poor,Job responsibilities unclear and required skills missing,we need a person who can do network administrator work contact us
Teacher,We need a person who can do Teacher work. Contact us.,"Teaching, Communication, Lesson Planning",Not specified,Not specified,Not specified,Not specified,Not specified,33,Poor,"Experience, education, salary and benefits missing",we need a person who can do teacher work contact us
Database Administrator,We need a person who can do Database Administrator work. Contact us.,"SQL, MySQL, PostgreSQL, Backup",Not specified,Not specified,Not specified,Not specified,Not specified,47,Poor,Job responsibilities unclear and required skills missing,we need a person who can do database administrator work contact us
Database Administrator,"We are looking for a Database Administrator to join our team. The successful candidate will use SQL, MySQL, PostgreSQL to support our projects and business goals. Candidates should have 2 years of relevant experience and a BS Computer Science. Strong communication, problem-solving, and teamwork skills are expected.","SQL, MySQL, PostgreSQL, Backup",2 years,BS Computer Science,"Manage records, prepare reports, monitor processes, and ensure accurate documentation.",100000-150000,"Health insurance, annual bonus, professional development",88,Good,,we are looking for a database administrator to join our team the successful candidate will use sql mysql postgresql to support our projects and business goals candidates should have 2 years of relevant experience and a bs computer science strong communication problem solving and teamwork skills are expected
Project Manager,"We are looking for a Project Manager to join our team. The successful candidate will use Agile, Jira, Communication to support our projects and business goals. Candidates should have 5 years of relevant experience and a BS Management. Strong communication, problem-solving, and teamwork skills are expected.","Agile, Jira, Communication, Risk Management",5 years,BS Management,"Manage projects, coordinate stakeholders, track deadlines, and resolve project risks.",70000-110000,"Paid leave, training budget, performance bonus",90,Good,,we are looking for a project manager to join our team the successful candidate will use agile jira communication to support our projects and business goals candidates should have 5 years of relevant experience and a bs management strong communication problem solving and teamwork skills are expected
Content Writer,"We are looking for a Content Writer to join our team. The successful candidate will use Writing, SEO, Research to support our projects and business goals. Candidates should have 2 years of relevant experience and a Bachelor degree. Strong communication, problem-solving, and teamwork skills are expected.","Writing, SEO, Research",2 years,Bachelor degree,"Manage records, prepare reports, monitor processes, and ensure accurate documentation.",60000-120000,"Medical insurance, flexible hours, paid vacation",88,Good,,we are looking for a content writer to join our team the successful candidate will use writing seo research to support our projects and business goals candidates should have 2 years of relevant experience and a bachelor degree strong communication problem solving and teamwork skills are expected
Data Analyst,"We are looking for a Data Analyst to join our team. The successful candidate will use Python, SQL, Excel to support our projects and business goals. Candidates should have 2-3 years of relevant experience and a BS Data Science. Strong communication, problem-solving, and teamwork skills are expected.","Python, SQL, Excel, Power BI",2-3 years,BS Data Science,"Develop and maintain applications, collaborate with team members, test solutions, and fix issues.",90000-150000,"Health insurance, annual bonus, professional development",88,Good,,we are looking for a data analyst to join our team the successful candidate will use python sql excel to support our projects and business goals candidates should have 2 3 years of relevant experience and a bs data science strong communication problem solving and teamwork skills are expected
Accountant,"We are looking for a Accountant to join our team. The successful candidate will use Excel, Accounting, QuickBooks to support our projects and business goals. Candidates should have 3-5 years of relevant experience and a BS Accounting. Strong communication, problem-solving, and teamwork skills are expected.","Excel, Accounting, QuickBooks",3-5 years,BS Accounting,"Create user-focused designs, review feedback, and collaborate with developers.",100000-130000,"Health insurance, annual bonus, professional development",85,Good,,we are looking for a accountant to join our team the successful candidate will use excel accounting quickbooks to support our projects and business goals candidates should have 3 5 years of relevant experience and a bs accounting strong communication problem solving and teamwork skills are expected
Sales Executive,"We are looking for a Sales Executive to join our team. The successful candidate will use Sales, CRM, Communication to support our projects and business goals. Candidates should have 3 years of relevant experience and a Bachelor degree. Strong communication, problem-solving, and teamwork skills are expected.","Sales, CRM, Communication, Negotiation",3 years,Bachelor degree,"Analyze data, prepare reports, communicate findings, and support business decisions.",80000-120000,"Health insurance, annual bonus, professional development",89,Good,,we are looking for a sales executive to join our team the successful candidate will use sales crm communication to support our projects and business goals candidates should have 3 years of relevant experience and a bachelor degree strong communication problem solving and teamwork skills are expected
Accountant,"We are hiring a Accountant. The candidate should have knowledge of Excel, Accounting. The role involves supporting company projects and completing assigned tasks.","Excel, Accounting, QuickBooks",2 years,BS Accounting,"Manage records, prepare reports, monitor processes, and ensure accurate documentation.",80000-130000,"Health insurance, annual bonus, professional development",65,Average,Salary information missing,we are hiring a accountant the candidate should have knowledge of excel accounting the role involves supporting company projects and completing assigned tasks
Machine Learning Engineer,We need a person who can do Machine Learning Engineer work. Contact us.,"Python, TensorFlow, Scikit-learn, SQL",Not specified,Not specified,Not specified,Not specified,Not specified,20,Poor,Job responsibilities unclear and required skills missing,we need a person who can do machine learning engineer work contact us
Business Analyst,"We are hiring a Business Analyst. The candidate should have knowledge of SQL, Excel. The role involves supporting company projects and completing assigned tasks.","SQL, Excel, Requirements Analysis",1 year,Bachelor degree,"Analyze data, prepare reports, communicate findings, and support business decisions.",60000-100000,"Health insurance, annual bonus, professional development",74,Average,Benefits information missing,we are hiring a business analyst the candidate should have knowledge of sql excel the role involves supporting company projects and completing assigned tasks
Web Developer,"We are looking for a Web Developer to join our team. The successful candidate will use HTML, CSS, JavaScript to support our projects and business goals. Candidates should have 2-3 years of relevant experience and a BS Computer Science. Strong communication, problem-solving, and teamwork skills are expected.","HTML, CSS, JavaScript, React",2-3 years,BS Computer Science,"Manage projects, coordinate stakeholders, track deadlines, and resolve project risks.",60000-120000,"Paid leave, training budget, performance bonus",97,Good,,we are looking for a web developer to join our team the successful candidate will use html css javascript to support our projects and business goals candidates should have 2 3 years of relevant experience and a bs computer science strong communication problem solving and teamwork skills are expected
Customer Support Representative,"We are looking for a Customer Support Representative to join our team. The successful candidate will use Communication, CRM, Problem Solving to support our projects and business goals. Candidates should have 3 years of relevant experience and a Bachelor degree. Strong communication, problem-solving, and teamwork skills are expected.","Communication, CRM, Problem Solving",3 years,Bachelor degree,"Develop and maintain applications, collaborate with team members, test solutions, and fix issues.",70000-100000,"Health insurance, annual bonus, professional development",96,Good,,we are looking for a customer support representative to join our team the successful candidate will use communication crm problem solving to support our projects and business goals candidates should have 3 years of relevant experience and a bachelor degree strong communication problem solving and teamwork skills are expected
Content Writer,"We are looking for a Content Writer to join our team. The successful candidate will use Writing, SEO, Research to support our projects and business goals. Candidates should have 2-3 years of relevant experience and a Bachelor degree. Strong communication, problem-solving, and teamwork skills are expected.","Writing, SEO, Research",2-3 years,Bachelor degree,"Develop and maintain applications, collaborate with team members, test solutions, and fix issues.",60000-90000,"Health insurance, paid leave, annual bonus",88,Good,,we are looking for a content writer to join our team the successful candidate will use writing seo research to support our projects and business goals candidates should have 2 3 years of relevant experience and a bachelor degree strong communication problem solving and teamwork skills are expected
UI UX Designer,We need a person who can do UI UX Designer work. Contact us.,"Figma, UI Design, UX Research, Prototyping",Not specified,Not specified,Not specified,Not specified,Not specified,24,Poor,"Skills, experience, education, responsibilities and salary missing",we need a person who can do ui ux designer work contact us
Machine Learning Engineer,"We are hiring a Machine Learning Engineer. The candidate should have knowledge of Python, TensorFlow. The role involves supporting company projects and completing assigned tasks.","Python, TensorFlow, Scikit-learn, SQL",1 year,BS Computer Science,"Create user-focused designs, review feedback, and collaborate with developers.",Not specified,"Medical insurance, flexible hours, paid vacation",68,Average,Experience requirement unclear,we are hiring a machine learning engineer the candidate should have knowledge of python tensorflow the role involves supporting company projects and completing assigned tasks
Cybersecurity Analyst,"We are hiring a Cybersecurity Analyst. The candidate should have knowledge of Network Security, Linux. The role involves supporting company projects and completing assigned tasks.","Network Security, Linux, SIEM, Python",Not specified,BS Cybersecurity,"Analyze data, prepare reports, communicate findings, and support business decisions.",Not specified,"Health insurance, paid leave, annual bonus",69,Average,Education requirement missing,we are hiring a cybersecurity analyst the candidate should have knowledge of network security linux the role involves supporting company projects and completing assigned tasks
Business Analyst,"We are looking for a Business Analyst to join our team. The successful candidate will use SQL, Excel, Requirements Analysis to support our projects and business goals. Candidates should have 2-3 years of relevant experience and a Bachelor degree. Strong communication, problem-solving, and teamwork skills are expected.","SQL, Excel, Requirements Analysis",2-3 years,Bachelor degree,"Manage records, prepare reports, monitor processes, and ensure accurate documentation.",90000-150000,"Health insurance, annual bonus, professional development",88,Good,,we are looking for a business analyst to join our team the successful candidate will use sql excel requirements analysis to support our projects and business goals candidates should have 2 3 years of relevant experience and a bachelor degree strong communication problem solving and teamwork skills are expected
Data Analyst,"We are hiring a Data Analyst. The candidate should have knowledge of Python, SQL. The role involves supporting company projects and completing assigned tasks.","Python, SQL, Excel, Power BI",Not specified,BS Data Science,"Manage records, prepare reports, monitor processes, and ensure accurate documentation.",60000-100000,"Health insurance, paid leave, annual bonus",69,Average,Responsibilities are limited,we are hiring a data analyst the candidate should have knowledge of python sql the role involves supporting company projects and completing assigned tasks
Data Scientist,We need a person who can do Data Scientist work. Contact us.,"Python, Pandas, Scikit-learn, SQL",Not specified,Not specified,Not specified,Not specified,Not specified,45,Poor,"Skills, experience, education, responsibilities and salary missing",we need a person who can do data scientist work contact us
Sales Executive,"We are hiring a Sales Executive. The candidate should have knowledge of Sales, CRM. The role involves supporting company projects and completing assigned tasks.","Sales, CRM, Communication, Negotiation",Not specified,Bachelor degree,"Support customers, resolve queries, document interactions, and maintain service quality.",80000-130000,"Health insurance, paid leave, annual bonus",70,Average,Education requirement missing,we are hiring a sales executive the candidate should have knowledge of sales crm the role involves supporting company projects and completing assigned tasks
Accountant,We need a hardworking Accountant. Apply now.,"Excel, Accounting, QuickBooks",Not specified,Not specified,Not specified,Not specified,Not specified,33,Poor,Job responsibilities unclear and required skills missing,we need a hardworking accountant apply now
Database Administrator,"We are hiring a Database Administrator. The candidate should have knowledge of SQL, MySQL. The role involves supporting company projects and completing assigned tasks.","SQL, MySQL, PostgreSQL, Backup",2 years,BS Computer Science,"Manage records, prepare reports, monitor processes, and ensure accurate documentation.",60000-100000,Not specified,68,Average,Responsibilities are limited,we are hiring a database administrator the candidate should have knowledge of sql mysql the role involves supporting company projects and completing assigned tasks
Content Writer,Looking for someone for a Content Writer position. Good opportunity.,"Writing, SEO, Research",Not specified,Not specified,Not specified,Not specified,Not specified,33,Poor,"Experience, education, salary and benefits missing",looking for someone for a content writer position good opportunity
Business Analyst,"We are looking for a Business Analyst to join our team. The successful candidate will use SQL, Excel, Requirements Analysis to support our projects and business goals. Candidates should have 2 years of relevant experience and a Bachelor degree. Strong communication, problem-solving, and teamwork skills are expected.","SQL, Excel, Requirements Analysis",2 years,Bachelor degree,"Analyze data, prepare reports, communicate findings, and support business decisions.",50000-100000,"Health insurance, annual bonus, professional development",97,Good,,we are looking for a business analyst to join our team the successful candidate will use sql excel requirements analysis to support our projects and business goals candidates should have 2 years of relevant experience and a bachelor degree strong communication problem solving and teamwork skills are expected
Database Administrator,"We are hiring a Database Administrator. The candidate should have knowledge of SQL, MySQL. The role involves supporting company projects and completing assigned tasks.","SQL, MySQL, PostgreSQL, Backup",Not specified,BS Computer Science,"Develop and maintain applications, collaborate with team members, test solutions, and fix issues.",80000-130000,"Paid leave, training budget, performance bonus",75,Average,Experience requirement unclear,we are hiring a database administrator the candidate should have knowledge of sql mysql the role involves supporting company projects and completing assigned tasks
Cybersecurity Analyst,"We are hiring a Cybersecurity Analyst. The candidate should have knowledge of Network Security, Linux. The role involves supporting company projects and completing assigned tasks.","Network Security, Linux, SIEM, Python",2 years,BS Cybersecurity,"Manage projects, coordinate stakeholders, track deadlines, and resolve project risks.",80000-130000,"Paid leave, training budget, performance bonus",79,Average,Experience requirement unclear,we are hiring a cybersecurity analyst the candidate should have knowledge of network security linux the role involves supporting company projects and completing assigned tasks
Content Writer,"We are looking for a Content Writer to join our team. The successful candidate will use Writing, SEO, Research to support our projects and business goals. Candidates should have 2 years of relevant experience and a Bachelor degree. Strong communication, problem-solving, and teamwork skills are expected.","Writing, SEO, Research",2 years,Bachelor degree,"Create user-focused designs, review feedback, and collaborate with developers.",50000-90000,"Health insurance, annual bonus, professional development",93,Good,,we are looking for a content writer to join our team the successful candidate will use writing seo research to support our projects and business goals candidates should have 2 years of relevant experience and a bachelor degree strong communication problem solving and teamwork skills are expected
Graphic Designer,"We are hiring a Graphic Designer. The candidate should have knowledge of Photoshop, Illustrator. The role involves supporting company projects and completing assigned tasks.","Photoshop, Illustrator, Canva",Not specified,Bachelor degree,"Create user-focused designs, review feedback, and collaborate with developers.",Not specified,"Health insurance, annual bonus, professional development",60,Average,Education requirement missing,we are hiring a graphic designer the candidate should have knowledge of photoshop illustrator the role involves supporting company projects and completing assigned tasks
HR Manager,"We are looking for a HR Manager to join our team. The successful candidate will use Recruitment, HR Management, Communication to support our projects and business goals. Candidates should have 5 years of relevant experience and a BS Human Resources. Strong communication, problem-solving, and teamwork skills are expected.","Recruitment, HR Management, Communication",5 years,BS Human Resources,"Create user-focused designs, review feedback, and collaborate with developers.",60000-110000,"Paid leave, training budget, performance bonus",93,Good,,we are looking for a hr manager to join our team the successful candidate will use recruitment hr management communication to support our projects and business goals candidates should have 5 years of relevant experience and a bs human resources strong communication problem solving and teamwork skills are expected
Network Administrator,"We are looking for a Network Administrator to join our team. The successful candidate will use Networking, Cisco, TCP/IP to support our projects and business goals. Candidates should have 5 years of relevant experience and a BS Computer Science. Strong communication, problem-solving, and teamwork skills are expected.","Networking, Cisco, TCP/IP, Linux",5 years,BS Computer Science,"Manage records, prepare reports, monitor processes, and ensure accurate documentation.",90000-140000,"Paid leave, training budget, performance bonus",92,Good,,we are looking for a network administrator to join our team the successful candidate will use networking cisco tcp ip to support our projects and business goals candidates should have 5 years of relevant experience and a bs computer science strong communication problem solving and teamwork skills are expected
Project Manager,"We are looking for a Project Manager to join our team. The successful candidate will use Agile, Jira, Communication to support our projects and business goals. Candidates should have 2 years of relevant experience and a BS Management. Strong communication, problem-solving, and teamwork skills are expected.","Agile, Jira, Communication, Risk Management",2 years,BS Management,"Develop and maintain applications, collaborate with team members, test solutions, and fix issues.",50000-90000,"Paid leave, training budget, performance bonus",96,Good,,we are looking for a project manager to join our team the successful candidate will use agile jira communication to support our projects and business goals candidates should have 2 years of relevant experience and a bs management strong communication problem solving and teamwork skills are expected
Content Writer,We need a person who can do Content Writer work. Contact us.,"Writing, SEO, Research",Not specified,Not specified,Not specified,Not specified,Not specified,25,Poor,"Skills, experience, education, responsibilities and salary missing",we need a person who can do content writer work contact us
UI UX Designer,"We are hiring a UI UX Designer. The candidate should have knowledge of Figma, UI Design. The role involves supporting company projects and completing assigned tasks.","Figma, UI Design, UX Research, Prototyping",2 years,BS Design,"Support customers, resolve queries, document interactions, and maintain service quality.",Not specified,Not specified,79,Average,Experience requirement unclear,we are hiring a ui ux designer the candidate should have knowledge of figma ui design the role involves supporting company projects and completing assigned tasks
Data Scientist,Looking for someone for a Data Scientist position. Good opportunity.,"Python, Pandas, Scikit-learn, SQL",Not specified,Not specified,Not specified,Not specified,Not specified,27,Poor,Job responsibilities unclear and required skills missing,looking for someone for a data scientist position good opportunity
Cybersecurity Analyst,"We are looking for a Cybersecurity Analyst to join our team. The successful candidate will use Network Security, Linux, SIEM to support our projects and business goals. Candidates should have 5 years of relevant experience and a BS Cybersecurity. Strong communication, problem-solving, and teamwork skills are expected.","Network Security, Linux, SIEM, Python",5 years,BS Cybersecurity,"Develop and maintain applications, collaborate with team members, test solutions, and fix issues.",90000-130000,"Paid leave, training budget, performance bonus",85,Good,,we are looking for a cybersecurity analyst to join our team the successful candidate will use network security linux siem to support our projects and business goals candidates should have 5 years of relevant experience and a bs cybersecurity strong communication problem solving and teamwork skills are expected
Content Writer,"We are looking for a Content Writer to join our team. The successful candidate will use Writing, SEO, Research to support our projects and business goals. Candidates should have 2 years of relevant experience and a Bachelor degree. Strong communication, problem-solving, and teamwork skills are expected.","Writing, SEO, Research",2 years,Bachelor degree,"Develop and maintain applications, collaborate with team members, test solutions, and fix issues.",100000-160000,"Health insurance, paid leave, annual bonus",94,Good,,we are looking for a content writer to join our team the successful candidate will use writing seo research to support our projects and business goals candidates should have 2 years of relevant experience and a bachelor degree strong communication problem solving and teamwork skills are expected
HR Manager,"We are hiring a HR Manager. The candidate should have knowledge of Recruitment, HR Management. The role involves supporting company projects and completing assigned tasks.","Recruitment, HR Management, Communication",2 years,BS Human Resources,"Develop and maintain applications, collaborate with team members, test solutions, and fix issues.",80000-130000,"Medical insurance, flexible hours, paid vacation",68,Average,Salary information missing,we are hiring a hr manager the candidate should have knowledge of recruitment hr management the role involves supporting company projects and completing assigned tasks
Data Scientist,Looking for someone for a Data Scientist position. Good opportunity.,"Python, Pandas, Scikit-learn, SQL",Not specified,Not specified,Not specified,Not specified,Not specified,35,Poor,"Skills, experience, education, responsibilities and salary missing",looking for someone for a data scientist position good opportunity
Business Analyst,"We are hiring a Business Analyst. The candidate should have knowledge of SQL, Excel. The role involves supporting company projects and completing assigned tasks.","SQL, Excel, Requirements Analysis",1 year,Bachelor degree,"Support customers, resolve queries, document interactions, and maintain service quality.",60000-100000,"Medical insurance, flexible hours, paid vacation",69,Average,Education requirement missing,we are hiring a business analyst the candidate should have knowledge of sql excel the role involves supporting company projects and completing assigned tasks
Graphic Designer,"We are looking for a Graphic Designer to join our team. The successful candidate will use Photoshop, Illustrator, Canva to support our projects and business goals. Candidates should have 3 years of relevant experience and a Bachelor degree. Strong communication, problem-solving, and teamwork skills are expected.","Photoshop, Illustrator, Canva",3 years,Bachelor degree,"Create user-focused designs, review feedback, and collaborate with developers.",90000-130000,"Health insurance, annual bonus, professional development",92,Good,,we are looking for a graphic designer to join our team the successful candidate will use photoshop illustrator canva to support our projects and business goals candidates should have 3 years of relevant experience and a bachelor degree strong communication problem solving and teamwork skills are expected
HR Manager,Looking for someone for a HR Manager position. Good opportunity.,"Recruitment, HR Management, Communication",Not specified,Not specified,Not specified,Not specified,Not specified,29,Poor,"Experience, education, salary and benefits missing",looking for someone for a hr manager position good opportunity
Teacher,"We are looking for a Teacher to join our team. The successful candidate will use Teaching, Communication, Lesson Planning to support our projects and business goals. Candidates should have 5 years of relevant experience and a Bachelor degree. Strong communication, problem-solving, and teamwork skills are expected.","Teaching, Communication, Lesson Planning",5 years,Bachelor degree,"Manage projects, coordinate stakeholders, track deadlines, and resolve project risks.",50000-90000,"Medical insurance, flexible hours, paid vacation",95,Good,,we are looking for a teacher to join our team the successful candidate will use teaching communication lesson planning to support our projects and business goals candidates should have 5 years of relevant experience and a bachelor degree strong communication problem solving and teamwork skills are expected
Data Analyst,"We are looking for a Data Analyst to join our team. The successful candidate will use Python, SQL, Excel to support our projects and business goals. Candidates should have 2 years of relevant experience and a BS Data Science. Strong communication, problem-solving, and teamwork skills are expected.","Python, SQL, Excel, Power BI",2 years,BS Data Science,"Develop and maintain applications, collaborate with team members, test solutions, and fix issues.",90000-120000,"Medical insurance, flexible hours, paid vacation",91,Good,,we are looking for a data analyst to join our team the successful candidate will use python sql excel to support our projects and business goals candidates should have 2 years of relevant experience and a bs data science strong communication problem solving and teamwork skills are expected
Database Administrator,"We are hiring a Database Administrator. The candidate should have knowledge of SQL, MySQL. The role involves supporting company projects and completing assigned tasks.","SQL, MySQL, PostgreSQL, Backup",2 years,BS Computer Science,"Analyze data, prepare reports, communicate findings, and support business decisions.",80000-130000,"Health insurance, paid leave, annual bonus",69,Average,Experience requirement unclear,we are hiring a database administrator the candidate should have knowledge of sql mysql the role involves supporting company projects and completing assigned tasks
Database Administrator,"We are looking for a Database Administrator to join our team. The successful candidate will use SQL, MySQL, PostgreSQL to support our projects and business goals. Candidates should have 2 years of relevant experience and a BS Computer Science. Strong communication, problem-solving, and teamwork skills are expected.","SQL, MySQL, PostgreSQL, Backup",2 years,BS Computer Science,"Develop and maintain applications, collaborate with team members, test solutions, and fix issues.",70000-110000,"Health insurance, annual bonus, professional development",93,Good,,we are looking for a database administrator to join our team the successful candidate will use sql mysql postgresql to support our projects and business goals candidates should have 2 years of relevant experience and a bs computer science strong communication problem solving and teamwork skills are expected
Graphic Designer,"We are hiring a Graphic Designer. The candidate should have knowledge of Photoshop, Illustrator. The role involves supporting company projects and completing assigned tasks.","Photoshop, Illustrator, Canva",2 years,Bachelor degree,"Develop and maintain applications, collaborate with team members, test solutions, and fix issues.",60000-100000,"Health insurance, paid leave, annual bonus",65,Average,Experience requirement unclear,we are hiring a graphic designer the candidate should have knowledge of photoshop illustrator the role involves supporting company projects and completing assigned tasks
Teacher,"We are hiring a Teacher. The candidate should have knowledge of Teaching, Communication. The role involves supporting company projects and completing assigned tasks.","Teaching, Communication, Lesson Planning",Not specified,Bachelor degree,"Develop and maintain applications, collaborate with team members, test solutions, and fix issues.",80000-130000,"Health insurance, annual bonus, professional development",74,Average,Experience requirement unclear,we are hiring a teacher the candidate should have knowledge of teaching communication the role involves supporting company projects and completing assigned tasks
Customer Support Representative,We need a person who can do Customer Support Representative work. Contact us.,"Communication, CRM, Problem Solving",Not specified,Not specified,Not specified,Not specified,Not specified,37,Poor,Job responsibilities unclear and required skills missing,we need a person who can do customer support representative work contact us
Database Administrator,"We are looking for a Database Administrator to join our team. The successful candidate will use SQL, MySQL, PostgreSQL to support our projects and business goals. Candidates should have 1 year of relevant experience and a BS Computer Science. Strong communication, problem-solving, and teamwork skills are expected.","SQL, MySQL, PostgreSQL, Backup",1 year,BS Computer Science,"Develop and maintain applications, collaborate with team members, test solutions, and fix issues.",80000-130000,"Paid leave, training budget, performance bonus",86,Good,,we are looking for a database administrator to join our team the successful candidate will use sql mysql postgresql to support our projects and business goals candidates should have 1 year of relevant experience and a bs computer science strong communication problem solving and teamwork skills are expected
Graphic Designer,We need a person who can do Graphic Designer work. Contact us.,"Photoshop, Illustrator, Canva",Not specified,Not specified,Not specified,Not specified,Not specified,38,Poor,"Skills, experience, education, responsibilities and salary missing",we need a person who can do graphic designer work contact us
Project Manager,"We are hiring a Project Manager. The candidate should have knowledge of Agile, Jira. The role involves supporting company projects and completing assigned tasks.","Agile, Jira, Communication, Risk Management",1 year,BS Management,"Manage records, prepare reports, monitor processes, and ensure accurate documentation.",80000-130000,Not specified,74,Average,Experience requirement unclear,we are hiring a project manager the candidate should have knowledge of agile jira the role involves supporting company projects and completing assigned tasks
Cybersecurity Analyst,Looking for someone for a Cybersecurity Analyst position. Good opportunity.,"Network Security, Linux, SIEM, Python",Not specified,Not specified,Not specified,Not specified,Not specified,40,Poor,Job responsibilities unclear and required skills missing,looking for someone for a cybersecurity analyst position good opportunity
Data Analyst,"We are hiring a Data Analyst. The candidate should have knowledge of Python, SQL. The role involves supporting company projects and completing assigned tasks.","Python, SQL, Excel, Power BI",2 years,BS Data Science,"Manage records, prepare reports, monitor processes, and ensure accurate documentation.",80000-130000,"Paid leave, training budget, performance bonus",63,Average,Benefits information missing,we are hiring a data analyst the candidate should have knowledge of python sql the role involves supporting company projects and completing assigned tasks
Marketing Manager,"We are looking for a Marketing Manager to join our team. The successful candidate will use SEO, Google Ads, Analytics to support our projects and business goals. Candidates should have 3 years of relevant experience and a Bachelor degree. Strong communication, problem-solving, and teamwork skills are expected.","SEO, Google Ads, Analytics, Communication",3 years,Bachelor degree,"Create user-focused designs, review feedback, and collaborate with developers.",70000-130000,"Health insurance, paid leave, annual bonus",86,Good,,we are looking for a marketing manager to join our team the successful candidate will use seo google ads analytics to support our projects and business goals candidates should have 3 years of relevant experience and a bachelor degree strong communication problem solving and teamwork skills are expected
Marketing Manager,"We are looking for a Marketing Manager to join our team. The successful candidate will use SEO, Google Ads, Analytics to support our projects and business goals. Candidates should have 1 year of relevant experience and a Bachelor degree. Strong communication, problem-solving, and teamwork skills are expected.","SEO, Google Ads, Analytics, Communication",1 year,Bachelor degree,"Create user-focused designs, review feedback, and collaborate with developers.",80000-110000,"Health insurance, annual bonus, professional development",85,Good,,we are looking for a marketing manager to join our team the successful candidate will use seo google ads analytics to support our projects and business goals candidates should have 1 year of relevant experience and a bachelor degree strong communication problem solving and teamwork skills are expected
UI UX Designer,"We are hiring a UI UX Designer. The candidate should have knowledge of Figma, UI Design. The role involves supporting company projects and completing assigned tasks.","Figma, UI Design, UX Research, Prototyping",Not specified,BS Design,"Develop and maintain applications, collaborate with team members, test solutions, and fix issues.",80000-130000,"Health insurance, annual bonus, professional development",66,Average,Experience requirement unclear,we are hiring a ui ux designer the candidate should have knowledge of figma ui design the role involves supporting company projects and completing assigned tasks
Content Writer,"We are looking for a Content Writer to join our team. The successful candidate will use Writing, SEO, Research to support our projects and business goals. Candidates should have 2-3 years of relevant experience and a Bachelor degree. Strong communication, problem-solving, and teamwork skills are expected.","Writing, SEO, Research",2-3 years,Bachelor degree,"Develop and maintain applications, collaborate with team members, test solutions, and fix issues.",80000-140000,"Health insurance, paid leave, annual bonus",95,Good,,we are looking for a content writer to join our team the successful candidate will use writing seo research to support our projects and business goals candidates should have 2 3 years of relevant experience and a bachelor degree strong communication problem solving and teamwork skills are expected
Teacher,We need a person who can do Teacher work. Contact us.,"Teaching, Communication, Lesson Planning",Not specified,Not specified,Not specified,Not specified,Not specified,25,Poor,Job responsibilities unclear and required skills missing,we need a person who can do teacher work contact us
Content Writer,"We are looking for a Content Writer to join our team. The successful candidate will use Writing, SEO, Research to support our projects and business goals. Candidates should have 3 years of relevant experience and a Bachelor degree. Strong communication, problem-solving, and teamwork skills are expected.","Writing, SEO, Research",3 years,Bachelor degree,"Create user-focused designs, review feedback, and collaborate with developers.",50000-90000,"Health insurance, paid leave, annual bonus",86,Good,,we are looking for a content writer to join our team the successful candidate will use writing seo research to support our projects and business goals candidates should have 3 years of relevant experience and a bachelor degree strong communication problem solving and teamwork skills are expected
Machine Learning Engineer,"We are hiring a Machine Learning Engineer. The candidate should have knowledge of Python, TensorFlow. The role involves supporting company projects and completing assigned tasks.","Python, TensorFlow, Scikit-learn, SQL",Not specified,BS Computer Science,"Manage records, prepare reports, monitor processes, and ensure accurate documentation.",80000-130000,Not specified,68,Average,Salary information missing,we are hiring a machine learning engineer the candidate should have knowledge of python tensorflow the role involves supporting company projects and completing assigned tasks
Mobile App Developer,We need a hardworking Mobile App Developer. Apply now.,"Kotlin, Java, Android Studio",Not specified,Not specified,Not specified,Not specified,Not specified,34,Poor,"Experience, education, salary and benefits missing",we need a hardworking mobile app developer apply now
Machine Learning Engineer,"We are looking for a Machine Learning Engineer to join our team. The successful candidate will use Python, TensorFlow, Scikit-learn to support our projects and business goals. Candidates should have 3-5 years of relevant experience and a BS Computer Science. Strong communication, problem-solving, and teamwork skills are expected.","Python, TensorFlow, Scikit-learn, SQL",3-5 years,BS Computer Science,"Manage projects, coordinate stakeholders, track deadlines, and resolve project risks.",90000-130000,"Health insurance, paid leave, annual bonus",97,Good,,we are looking for a machine learning engineer to join our team the successful candidate will use python tensorflow scikit learn to support our projects and business goals candidates should have 3 5 years of relevant experience and a bs computer science strong communication problem solving and teamwork skills are expected
Accountant,"We are looking for a Accountant to join our team. The successful candidate will use Excel, Accounting, QuickBooks to support our projects and business goals. Candidates should have 3-5 years of relevant experience and a BS Accounting. Strong communication, problem-solving, and teamwork skills are expected.","Excel, Accounting, QuickBooks",3-5 years,BS Accounting,"Manage records, prepare reports, monitor processes, and ensure accurate documentation.",70000-100000,"Paid leave, training budget, performance bonus",89,Good,,we are looking for a accountant to join our team the successful candidate will use excel accounting quickbooks to support our projects and business goals candidates should have 3 5 years of relevant experience and a bs accounting strong communication problem solving and teamwork skills are expected
Business Analyst,"We are hiring a Business Analyst. The candidate should have knowledge of SQL, Excel. The role involves supporting company projects and completing assigned tasks.","SQL, Excel, Requirements Analysis",Not specified,Bachelor degree,"Create user-focused designs, review feedback, and collaborate with developers.",80000-130000,"Medical insurance, flexible hours, paid vacation",77,Average,Salary information missing,we are hiring a business analyst the candidate should have knowledge of sql excel the role involves supporting company projects and completing assigned tasks
Sales Executive,"We are looking for a Sales Executive to join our team. The successful candidate will use Sales, CRM, Communication to support our projects and business goals. Candidates should have 3-5 years of relevant experience and a Bachelor degree. Strong communication, problem-solving, and teamwork skills are expected.","Sales, CRM, Communication, Negotiation",3-5 years,Bachelor degree,"Analyze data, prepare reports, communicate findings, and support business decisions.",80000-140000,"Paid leave, training budget, performance bonus",96,Good,,we are looking for a sales executive to join our team the successful candidate will use sales crm communication to support our projects and business goals candidates should have 3 5 years of relevant experience and a bachelor degree strong communication problem solving and teamwork skills are expected
Graphic Designer,"We are hiring a Graphic Designer. The candidate should have knowledge of Photoshop, Illustrator. The role involves supporting company projects and completing assigned tasks.","Photoshop, Illustrator, Canva",1 year,Bachelor degree,"Manage projects, coordinate stakeholders, track deadlines, and resolve project risks.",80000-130000,"Health insurance, paid leave, annual bonus",75,Average,Salary information missing,we are hiring a graphic designer the candidate should have knowledge of photoshop illustrator the role involves supporting company projects and completing assigned tasks
Customer Support Representative,We need a person who can do Customer Support Representative work. Contact us.,"Communication, CRM, Problem Solving",Not specified,Not specified,Not specified,Not specified,Not specified,24,Poor,Job responsibilities unclear and required skills missing,we need a person who can do customer support representative work contact us
Web Developer,"We are looking for a Web Developer to join our team. The successful candidate will use HTML, CSS, JavaScript to support our projects and business goals. Candidates should have 3-5 years of relevant experience and a BS Computer Science. Strong communication, problem-solving, and teamwork skills are expected.","HTML, CSS, JavaScript, React",3-5 years,BS Computer Science,"Develop and maintain applications, collaborate with team members, test solutions, and fix issues.",70000-100000,"Health insurance, annual bonus, professional development",93,Good,,we are looking for a web developer to join our team the successful candidate will use html css javascript to support our projects and business goals candidates should have 3 5 years of relevant experience and a bs computer science strong communication problem solving and teamwork skills are expected
Database Administrator,"We are looking for a Database Administrator to join our team. The successful candidate will use SQL, MySQL, PostgreSQL to support our projects and business goals. Candidates should have 2 years of relevant experience and a BS Computer Science. Strong communication, problem-solving, and teamwork skills are expected.","SQL, MySQL, PostgreSQL, Backup",2 years,BS Computer Science,"Create user-focused designs, review feedback, and collaborate with developers.",80000-120000,"Health insurance, paid leave, annual bonus",97,Good,,we are looking for a database administrator to join our team the successful candidate will use sql mysql postgresql to support our projects and business goals candidates should have 2 years of relevant experience and a bs computer science strong communication problem solving and teamwork skills are expected
Project Manager,"We are looking for a Project Manager to join our team. The successful candidate will use Agile, Jira, Communication to support our projects and business goals. Candidates should have 5 years of relevant experience and a BS Management. Strong communication, problem-solving, and teamwork skills are expected.","Agile, Jira, Communication, Risk Management",5 years,BS Management,"Manage records, prepare reports, monitor processes, and ensure accurate documentation.",80000-110000,"Paid leave, training budget, performance bonus",98,Good,,we are looking for a project manager to join our team the successful candidate will use agile jira communication to support our projects and business goals candidates should have 5 years of relevant experience and a bs management strong communication problem solving and teamwork skills are expected
Content Writer,"We are looking for a Content Writer to join our team. The successful candidate will use Writing, SEO, Research to support our projects and business goals. Candidates should have 2-3 years of relevant experience and a Bachelor degree. Strong communication, problem-solving, and teamwork skills are expected.","Writing, SEO, Research",2-3 years,Bachelor degree,"Support customers, resolve queries, document interactions, and maintain service quality.",100000-160000,"Health insurance, paid leave, annual bonus",86,Good,,we are looking for a content writer to join our team the successful candidate will use writing seo research to support our projects and business goals candidates should have 2 3 years of relevant experience and a bachelor degree strong communication problem solving and teamwork skills are expected
Graphic Designer,"We are hiring a Graphic Designer. The candidate should have knowledge of Photoshop, Illustrator. The role involves supporting company projects and completing assigned tasks.","Photoshop, Illustrator, Canva",2 years,Bachelor degree,"Create user-focused designs, review feedback, and collaborate with developers.",60000-100000,"Health insurance, paid leave, annual bonus",63,Average,Education requirement missing,we are hiring a graphic designer the candidate should have knowledge of photoshop illustrator the role involves supporting company projects and completing assigned tasks
Database Administrator,"We are looking for a Database Administrator to join our team. The successful candidate will use SQL, MySQL, PostgreSQL to support our projects and business goals. Candidates should have 2-3 years of relevant experience and a BS Computer Science. Strong communication, problem-solving, and teamwork skills are expected.","SQL, MySQL, PostgreSQL, Backup",2-3 years,BS Computer Science,"Develop and maintain applications, collaborate with team members, test solutions, and fix issues.",50000-80000,"Paid leave, training budget, performance bonus",89,Good,,we are looking for a database administrator to join our team the successful candidate will use sql mysql postgresql to support our projects and business goals candidates should have 2 3 years of relevant experience and a bs computer science strong communication problem solving and teamwork skills are expected
Sales Executive,"We are looking for a Sales Executive to join our team. The successful candidate will use Sales, CRM, Communication to support our projects and business goals. Candidates should have 2 years of relevant experience and a Bachelor degree. Strong communication, problem-solving, and teamwork skills are expected.","Sales, CRM, Communication, Negotiation",2 years,Bachelor degree,"Analyze data, prepare reports, communicate findings, and support business decisions.",60000-120000,"Medical insurance, flexible hours, paid vacation",87,Good,,we are looking for a sales executive to join our team the successful candidate will use sales crm communication to support our projects and business goals candidates should have 2 years of relevant experience and a bachelor degree strong communication problem solving and teamwork skills are expected
Data Analyst,"We are hiring a Data Analyst. The candidate should have knowledge of Python, SQL. The role involves supporting company projects and completing assigned tasks.","Python, SQL, Excel, Power BI",2 years,BS Data Science,"Create user-focused designs, review feedback, and collaborate with developers.",Not specified,"Medical insurance, flexible hours, paid vacation",78,Average,Benefits information missing,we are hiring a data analyst the candidate should have knowledge of python sql the role involves supporting company projects and completing assigned tasks
Graphic Designer,"We are hiring a Graphic Designer. The candidate should have knowledge of Photoshop, Illustrator. The role involves supporting company projects and completing assigned tasks.","Photoshop, Illustrator, Canva",2 years,Bachelor degree,"Manage records, prepare reports, monitor processes, and ensure accurate documentation.",80000-130000,"Paid leave, training budget, performance bonus",60,Average,Salary information missing,we are hiring a graphic designer the candidate should have knowledge of photoshop illustrator the role involves supporting company projects and completing assigned tasks
HR Manager,"We are hiring a HR Manager. The candidate should have knowledge of Recruitment, HR Management. The role involves supporting company projects and completing assigned tasks.","Recruitment, HR Management, Communication",1 year,BS Human Resources,"Manage projects, coordinate stakeholders, track deadlines, and resolve project risks.",60000-100000,"Health insurance, annual bonus, professional development",78,Average,Experience requirement unclear,we are hiring a hr manager the candidate should have knowledge of recruitment hr management the role involves supporting company projects and completing assigned tasks
Accountant,"We are hiring a Accountant. The candidate should have knowledge of Excel, Accounting. The role involves supporting company projects and completing assigned tasks.","Excel, Accounting, QuickBooks",2 years,BS Accounting,"Create user-focused designs, review feedback, and collaborate with developers.",80000-130000,"Medical insurance, flexible hours, paid vacation",75,Average,Education requirement missing,we are hiring a accountant the candidate should have knowledge of excel accounting the role involves supporting company projects and completing assigned tasks
Graphic Designer,"We are looking for a Graphic Designer to join our team. The successful candidate will use Photoshop, Illustrator, Canva to support our projects and business goals. Candidates should have 2-3 years of relevant experience and a Bachelor degree. Strong communication, problem-solving, and teamwork skills are expected.","Photoshop, Illustrator, Canva",2-3 years,Bachelor degree,"Develop and maintain applications, collaborate with team members, test solutions, and fix issues.",90000-140000,"Paid leave, training budget, performance bonus",98,Good,,we are looking for a graphic designer to join our team the successful candidate will use photoshop illustrator canva to support our projects and business goals candidates should have 2 3 years of relevant experience and a bachelor degree strong communication problem solving and teamwork skills are expected
Customer Support Representative,"We are looking for a Customer Support Representative to join our team. The successful candidate will use Communication, CRM, Problem Solving to support our projects and business goals. Candidates should have 3-5 years of relevant experience and a Bachelor degree. Strong communication, problem-solving, and teamwork skills are expected.","Communication, CRM, Problem Solving",3-5 years,Bachelor degree,"Manage projects, coordinate stakeholders, track deadlines, and resolve project risks.",100000-130000,"Health insurance, annual bonus, professional development",97,Good,,we are looking for a customer support representative to join our team the successful candidate will use communication crm problem solving to support our projects and business goals candidates should have 3 5 years of relevant experience and a bachelor degree strong communication problem solving and teamwork skills are expected
Graphic Designer,"We are hiring a Graphic Designer. The candidate should have knowledge of Photoshop, Illustrator. The role involves supporting company projects and completing assigned tasks.","Photoshop, Illustrator, Canva",2 years,Bachelor degree,"Support customers, resolve queries, document interactions, and maintain service quality.",60000-100000,"Medical insurance, flexible hours, paid vacation",68,Average,Benefits information missing,we are hiring a graphic designer the candidate should have knowledge of photoshop illustrator the role involves supporting company projects and completing assigned tasks
Data Scientist,We need a person who can do Data Scientist work. Contact us.,"Python, Pandas, Scikit-learn, SQL",Not specified,Not specified,Not specified,Not specified,Not specified,21,Poor,Job responsibilities unclear and required skills missing,we need a person who can do data scientist work contact us
Database Administrator,"We are looking for a Database Administrator to join our team. The successful candidate will use SQL, MySQL, PostgreSQL to support our projects and business goals. Candidates should have 2-3 years of relevant experience and a BS Computer Science. Strong communication, problem-solving, and teamwork skills are expected.","SQL, MySQL, PostgreSQL, Backup",2-3 years,BS Computer Science,"Manage projects, coordinate stakeholders, track deadlines, and resolve project risks.",100000-140000,"Health insurance, paid leave, annual bonus",90,Good,,we are looking for a database administrator to join our team the successful candidate will use sql mysql postgresql to support our projects and business goals candidates should have 2 3 years of relevant experience and a bs computer science strong communication problem solving and teamwork skills are expected
Accountant,"We are looking for a Accountant to join our team. The successful candidate will use Excel, Accounting, QuickBooks to support our projects and business goals. Candidates should have 2 years of relevant experience and a BS Accounting. Strong communication, problem-solving, and teamwork skills are expected.","Excel, Accounting, QuickBooks",2 years,BS Accounting,"Analyze data, prepare reports, communicate findings, and support business decisions.",90000-140000,"Paid leave, training budget, performance bonus",89,Good,,we are looking for a accountant to join our team the successful candidate will use excel accounting quickbooks to support our projects and business goals candidates should have 2 years of relevant experience and a bs accounting strong communication problem solving and teamwork skills are expected
Mobile App Developer,Looking for someone for a Mobile App Developer position. Good opportunity.,"Kotlin, Java, Android Studio",Not specified,Not specified,Not specified,Not specified,Not specified,43,Poor,Job responsibilities unclear and required skills missing,looking for someone for a mobile app developer position good opportunity
Data Scientist,"We are hiring a Data Scientist. The candidate should have knowledge of Python, Pandas. The role involves supporting company projects and completing assigned tasks.","Python, Pandas, Scikit-learn, SQL",1 year,BS Data Science,"Manage records, prepare reports, monitor processes, and ensure accurate documentation.",60000-100000,"Medical insurance, flexible hours, paid vacation",72,Average,Responsibilities are limited,we are hiring a data scientist the candidate should have knowledge of python pandas the role involves supporting company projects and completing assigned tasks
Sales Executive,"We are looking for a Sales Executive to join our team. The successful candidate will use Sales, CRM, Communication to support our projects and business goals. Candidates should have 3 years of relevant experience and a Bachelor degree. Strong communication, problem-solving, and teamwork skills are expected.","Sales, CRM, Communication, Negotiation",3 years,Bachelor degree,"Create user-focused designs, review feedback, and collaborate with developers.",50000-100000,"Health insurance, paid leave, annual bonus",90,Good,,we are looking for a sales executive to join our team the successful candidate will use sales crm communication to support our projects and business goals candidates should have 3 years of relevant experience and a bachelor degree strong communication problem solving and teamwork skills are expected
Project Manager,"We are hiring a Project Manager. The candidate should have knowledge of Agile, Jira. The role involves supporting company projects and completing assigned tasks.","Agile, Jira, Communication, Risk Management",Not specified,BS Management,"Manage records, prepare reports, monitor processes, and ensure accurate documentation.",80000-130000,"Health insurance, paid leave, annual bonus",67,Average,Salary information missing,we are hiring a project manager the candidate should have knowledge of agile jira the role involves supporting company projects and completing assigned tasks
Software Developer,"We are hiring a Software Developer. The candidate should have knowledge of Python, Java. The role involves supporting company projects and completing assigned tasks.","Python, Java, C++, Git",Not specified,BS Computer Science,"Analyze data, prepare reports, communicate findings, and support business decisions.",80000-130000,Not specified,62,Average,Salary information missing,we are hiring a software developer the candidate should have knowledge of python java the role involves supporting company projects and completing assigned tasks
HR Manager,"We are hiring a HR Manager. The candidate should have knowledge of Recruitment, HR Management. The role involves supporting company projects and completing assigned tasks.","Recruitment, HR Management, Communication",1 year,BS Human Resources,"Develop and maintain applications, collaborate with team members, test solutions, and fix issues.",60000-100000,"Health insurance, paid leave, annual bonus",69,Average,Salary information missing,we are hiring a hr manager the candidate should have knowledge of recruitment hr management the role involves supporting company projects and completing assigned tasks
Data Scientist,"We are looking for a Data Scientist to join our team. The successful candidate will use Python, Pandas, Scikit-learn to support our projects and business goals. Candidates should have 3-5 years of relevant experience and a BS Data Science. Strong communication, problem-solving, and teamwork skills are expected.","Python, Pandas, Scikit-learn, SQL",3-5 years,BS Data Science,"Manage projects, coordinate stakeholders, track deadlines, and resolve project risks.",60000-120000,"Health insurance, annual bonus, professional development",95,Good,,we are looking for a data scientist to join our team the successful candidate will use python pandas scikit learn to support our projects and business goals candidates should have 3 5 years of relevant experience and a bs data science strong communication problem solving and teamwork skills are expected
Content Writer,"We are looking for a Content Writer to join our team. The successful candidate will use Writing, SEO, Research to support our projects and business goals. Candidates should have 5 years of relevant experience and a Bachelor degree. Strong communication, problem-solving, and teamwork skills are expected.","Writing, SEO, Research",5 years,Bachelor degree,"Manage records, prepare reports, monitor processes, and ensure accurate documentation.",100000-140000,"Health insurance, annual bonus, professional development",86,Good,,we are looking for a content writer to join our team the successful candidate will use writing seo research to support our projects and business goals candidates should have 5 years of relevant experience and a bachelor degree strong communication problem solving and teamwork skills are expected
Mobile App Developer,"We are hiring a Mobile App Developer. The candidate should have knowledge of Kotlin, Java. The role involves supporting company projects and completing assigned tasks.","Kotlin, Java, Android Studio",2 years,BS Computer Science,"Analyze data, prepare reports, communicate findings, and support business decisions.",60000-100000,"Paid leave, training budget, performance bonus",74,Average,Salary information missing,we are hiring a mobile app developer the candidate should have knowledge of kotlin java the role involves supporting company projects and completing assigned tasks
Graphic Designer,We need a hardworking Graphic Designer. Apply now.,"Photoshop, Illustrator, Canva",Not specified,Not specified,Not specified,Not specified,Not specified,41,Poor,Job responsibilities unclear and required skills missing,we need a hardworking graphic designer apply now
Content Writer,We need a person who can do Content Writer work. Contact us.,"Writing, SEO, Research",Not specified,Not specified,Not specified,Not specified,Not specified,31,Poor,"Skills, experience, education, responsibilities and salary missing",we need a person who can do content writer work contact us
Customer Support Representative,"We are looking for a Customer Support Representative to join our team. The successful candidate will use Communication, CRM, Problem Solving to support our projects and business goals. Candidates should have 1 year of relevant experience and a Bachelor degree. Strong communication, problem-solving, and teamwork skills are expected.","Communication, CRM, Problem Solving",1 year,Bachelor degree,"Manage records, prepare reports, monitor processes, and ensure accurate documentation.",80000-110000,"Medical insurance, flexible hours, paid vacation",95,Good,,we are looking for a customer support representative to join our team the successful candidate will use communication crm problem solving to support our projects and business goals candidates should have 1 year of relevant experience and a bachelor degree strong communication problem solving and teamwork skills are expected
Teacher,We need a hardworking Teacher. Apply now.,"Teaching, Communication, Lesson Planning",Not specified,Not specified,Not specified,Not specified,Not specified,45,Poor,Job responsibilities unclear and required skills missing,we need a hardworking teacher apply now
Graphic Designer,We need a person who can do Graphic Designer work. Contact us.,"Photoshop, Illustrator, Canva",Not specified,Not specified,Not specified,Not specified,Not specified,26,Poor,"Skills, experience, education, responsibilities and salary missing",we need a person who can do graphic designer work contact us
Content Writer,"We are looking for a Content Writer to join our team. The successful candidate will use Writing, SEO, Research to support our projects and business goals. Candidates should have 2 years of relevant experience and a Bachelor degree. Strong communication, problem-solving, and teamwork skills are expected.","Writing, SEO, Research",2 years,Bachelor degree,"Support customers, resolve queries, document interactions, and maintain service quality.",60000-110000,"Medical insurance, flexible hours, paid vacation",85,Good,,we are looking for a content writer to join our team the successful candidate will use writing seo research to support our projects and business goals candidates should have 2 years of relevant experience and a bachelor degree strong communication problem solving and teamwork skills are expected
Project Manager,We need a hardworking Project Manager. Apply now.,"Agile, Jira, Communication, Risk Management",Not specified,Not specified,Not specified,Not specified,Not specified,24,Poor,"Experience, education, salary and benefits missing",we need a hardworking project manager apply now
Project Manager,We need a hardworking Project Manager. Apply now.,"Agile, Jira, Communication, Risk Management",Not specified,Not specified,Not specified,Not specified,Not specified,41,Poor,"Skills, experience, education, responsibilities and salary missing",we need a hardworking project manager apply now
Machine Learning Engineer,"We are looking for a Machine Learning Engineer to join our team. The successful candidate will use Python, TensorFlow, Scikit-learn to support our projects and business goals. Candidates should have 2 years of relevant experience and a BS Computer Science. Strong communication, problem-solving, and teamwork skills are expected.","Python, TensorFlow, Scikit-learn, SQL",2 years,BS Computer Science,"Analyze data, prepare reports, communicate findings, and support business decisions.",90000-140000,"Health insurance, paid leave, annual bonus",89,Good,,we are looking for a machine learning engineer to join our team the successful candidate will use python tensorflow scikit learn to support our projects and business goals candidates should have 2 years of relevant experience and a bs computer science strong communication problem solving and teamwork skills are expected
Web Developer,"We are looking for a Web Developer to join our team. The successful candidate will use HTML, CSS, JavaScript to support our projects and business goals. Candidates should have 3 years of relevant experience and a BS Computer Science. Strong communication, problem-solving, and teamwork skills are expected.","HTML, CSS, JavaScript, React",3 years,BS Computer Science,"Create user-focused designs, review feedback, and collaborate with developers.",90000-120000,"Health insurance, paid leave, annual bonus",92,Good,,we are looking for a web developer to join our team the successful candidate will use html css javascript to support our projects and business goals candidates should have 3 years of relevant experience and a bs computer science strong communication problem solving and teamwork skills are expected
Sales Executive,"We are hiring a Sales Executive. The candidate should have knowledge of Sales, CRM. The role involves supporting company projects and completing assigned tasks.","Sales, CRM, Communication, Negotiation",1 year,Bachelor degree,"Analyze data, prepare reports, communicate findings, and support business decisions.",80000-130000,Not specified,79,Average,Education requirement missing,we are hiring a sales executive the candidate should have knowledge of sales crm the role involves supporting company projects and completing assigned tasks
Network Administrator,"We are looking for a Network Administrator to join our team. The successful candidate will use Networking, Cisco, TCP/IP to support our projects and business goals. Candidates should have 5 years of relevant experience and a BS Computer Science. Strong communication, problem-solving, and teamwork skills are expected.","Networking, Cisco, TCP/IP, Linux",5 years,BS Computer Science,"Create user-focused designs, review feedback, and collaborate with developers.",50000-80000,"Health insurance, annual bonus, professional development",91,Good,,we are looking for a network administrator to join our team the successful candidate will use networking cisco tcp ip to support our projects and business goals candidates should have 5 years of relevant experience and a bs computer science strong communication problem solving and teamwork skills are expected
Data Scientist,"We are hiring a Data Scientist. The candidate should have knowledge of Python, Pandas. The role involves supporting company projects and completing assigned tasks.","Python, Pandas, Scikit-learn, SQL",2 years,BS Data Science,"Manage projects, coordinate stakeholders, track deadlines, and resolve project risks.",60000-100000,"Health insurance, paid leave, annual bonus",79,Average,Benefits information missing,we are hiring a data scientist the candidate should have knowledge of python pandas the role involves supporting company projects and completing assigned tasks
Data Analyst,"We are looking for a Data Analyst to join our team. The successful candidate will use Python, SQL, Excel to support our projects and business goals. Candidates should have 3-5 years of relevant experience and a BS Data Science. Strong communication, problem-solving, and teamwork skills are expected.","Python, SQL, Excel, Power BI",3-5 years,BS Data Science,"Support customers, resolve queries, document interactions, and maintain service quality.",100000-150000,"Health insurance, annual bonus, professional development",93,Good,,we are looking for a data analyst to join our team the successful candidate will use python sql excel to support our projects and business goals candidates should have 3 5 years of relevant experience and a bs data science strong communication problem solving and teamwork skills are expected
HR Manager,"We are hiring a HR Manager. The candidate should have knowledge of Recruitment, HR Management. The role involves supporting company projects and completing assigned tasks.","Recruitment, HR Management, Communication",Not specified,BS Human Resources,"Manage records, prepare reports, monitor processes, and ensure accurate documentation.",80000-130000,"Health insurance, paid leave, annual bonus",63,Average,Responsibilities are limited,we are hiring a hr manager the candidate should have knowledge of recruitment hr management the role involves supporting company projects and completing assigned tasks
UI UX Designer,"We are looking for a UI UX Designer to join our team. The successful candidate will use Figma, UI Design, UX Research to support our projects and business goals. Candidates should have 2 years of relevant experience and a BS Design. Strong communication, problem-solving, and teamwork skills are expected.","Figma, UI Design, UX Research, Prototyping",2 years,BS Design,"Create user-focused designs, review feedback, and collaborate with developers.",80000-130000,"Health insurance, annual bonus, professional development",91,Good,,we are looking for a ui ux designer to join our team the successful candidate will use figma ui design ux research to support our projects and business goals candidates should have 2 years of relevant experience and a bs design strong communication problem solving and teamwork skills are expected
Data Scientist,"We are looking for a Data Scientist to join our team. The successful candidate will use Python, Pandas, Scikit-learn to support our projects and business goals. Candidates should have 2-3 years of relevant experience and a BS Data Science. Strong communication, problem-solving, and teamwork skills are expected.","Python, Pandas, Scikit-learn, SQL",2-3 years,BS Data Science,"Analyze data, prepare reports, communicate findings, and support business decisions.",100000-150000,"Paid leave, training budget, performance bonus",95,Good,,we are looking for a data scientist to join our team the successful candidate will use python pandas scikit learn to support our projects and business goals candidates should have 2 3 years of relevant experience and a bs data science strong communication problem solving and teamwork skills are expected
Mobile App Developer,"We are looking for a Mobile App Developer to join our team. The successful candidate will use Kotlin, Java, Android Studio to support our projects and business goals. Candidates should have 1 year of relevant experience and a BS Computer Science. Strong communication, problem-solving, and teamwork skills are expected.","Kotlin, Java, Android Studio",1 year,BS Computer Science,"Manage records, prepare reports, monitor processes, and ensure accurate documentation.",50000-110000,"Health insurance, paid leave, annual bonus",96,Good,,we are looking for a mobile app developer to join our team the successful candidate will use kotlin java android studio to support our projects and business goals candidates should have 1 year of relevant experience and a bs computer science strong communication problem solving and teamwork skills are expected
Sales Executive,We need a person who can do Sales Executive work. Contact us.,"Sales, CRM, Communication, Negotiation",Not specified,Not specified,Not specified,Not specified,Not specified,21,Poor,"Experience, education, salary and benefits missing",we need a person who can do sales executive work contact us
Content Writer,"We are hiring a Content Writer. The candidate should have knowledge of Writing, SEO. The role involves supporting company projects and completing assigned tasks.","Writing, SEO, Research",Not specified,Bachelor degree,"Manage projects, coordinate stakeholders, track deadlines, and resolve project risks.",60000-100000,"Health insurance, annual bonus, professional development",73,Average,Education requirement missing,we are hiring a content writer the candidate should have knowledge of writing seo the role involves supporting company projects and completing assigned tasks
HR Manager,"We are hiring a HR Manager. The candidate should have knowledge of Recruitment, HR Management. The role involves supporting company projects and completing assigned tasks.","Recruitment, HR Management, Communication",2 years,BS Human Resources,"Support customers, resolve queries, document interactions, and maintain service quality.",60000-100000,Not specified,66,Average,Benefits information missing,we are hiring a hr manager the candidate should have knowledge of recruitment hr management the role involves supporting company projects and completing assigned tasks
Mobile App Developer,"We are looking for a Mobile App Developer to join our team. The successful candidate will use Kotlin, Java, Android Studio to support our projects and business goals. Candidates should have 1 year of relevant experience and a BS Computer Science. Strong communication, problem-solving, and teamwork skills are expected.","Kotlin, Java, Android Studio",1 year,BS Computer Science,"Manage projects, coordinate stakeholders, track deadlines, and resolve project risks.",70000-120000,"Health insurance, paid leave, annual bonus",94,Good,,we are looking for a mobile app developer to join our team the successful candidate will use kotlin java android studio to support our projects and business goals candidates should have 1 year of relevant experience and a bs computer science strong communication problem solving and teamwork skills are expected
Graphic Designer,We need a person who can do Graphic Designer work. Contact us.,"Photoshop, Illustrator, Canva",Not specified,Not specified,Not specified,Not specified,Not specified,44,Poor,"Experience, education, salary and benefits missing",we need a person who can do graphic designer work contact us
Teacher,"We are hiring a Teacher. The candidate should have knowledge of Teaching, Communication. The role involves supporting company projects and completing assigned tasks.","Teaching, Communication, Lesson Planning",Not specified,Bachelor degree,"Manage records, prepare reports, monitor processes, and ensure accurate documentation.",60000-100000,Not specified,68,Average,Education requirement missing,we are hiring a teacher the candidate should have knowledge of teaching communication the role involves supporting company projects and completing assigned tasks
Cybersecurity Analyst,"We are looking for a Cybersecurity Analyst to join our team. The successful candidate will use Network Security, Linux, SIEM to support our projects and business goals. Candidates should have 2-3 years of relevant experience and a BS Cybersecurity. Strong communication, problem-solving, and teamwork skills are expected.","Network Security, Linux, SIEM, Python",2-3 years,BS Cybersecurity,"Analyze data, prepare reports, communicate findings, and support business decisions.",70000-120000,"Health insurance, paid leave, annual bonus",98,Good,,we are looking for a cybersecurity analyst to join our team the successful candidate will use network security linux siem to support our projects and business goals candidates should have 2 3 years of relevant experience and a bs cybersecurity strong communication problem solving and teamwork skills are expected
Machine Learning Engineer,"We are hiring a Machine Learning Engineer. The candidate should have knowledge of Python, TensorFlow. The role involves supporting company projects and completing assigned tasks.","Python, TensorFlow, Scikit-learn, SQL",2 years,BS Computer Science,"Manage records, prepare reports, monitor processes, and ensure accurate documentation.",60000-100000,"Medical insurance, flexible hours, paid vacation",60,Average,Education requirement missing,we are hiring a machine learning engineer the candidate should have knowledge of python tensorflow the role involves supporting company projects and completing assigned tasks
Network Administrator,"We are looking for a Network Administrator to join our team. The successful candidate will use Networking, Cisco, TCP/IP to support our projects and business goals. Candidates should have 3 years of relevant experience and a BS Computer Science. Strong communication, problem-solving, and teamwork skills are expected.","Networking, Cisco, TCP/IP, Linux",3 years,BS Computer Science,"Manage projects, coordinate stakeholders, track deadlines, and resolve project risks.",80000-130000,"Medical insurance, flexible hours, paid vacation",89,Good,,we are looking for a network administrator to join our team the successful candidate will use networking cisco tcp ip to support our projects and business goals candidates should have 3 years of relevant experience and a bs computer science strong communication problem solving and teamwork skills are expected
Marketing Manager,We need a person who can do Marketing Manager work. Contact us.,"SEO, Google Ads, Analytics, Communication",Not specified,Not specified,Not specified,Not specified,Not specified,39,Poor,"Skills, experience, education, responsibilities and salary missing",we need a person who can do marketing manager work contact us
Web Developer,"We are looking for a Web Developer to join our team. The successful candidate will use HTML, CSS, JavaScript to support our projects and business goals. Candidates should have 3-5 years of relevant experience and a BS Computer Science. Strong communication, problem-solving, and teamwork skills are expected.","HTML, CSS, JavaScript, React",3-5 years,BS Computer Science,"Create user-focused designs, review feedback, and collaborate with developers.",50000-80000,"Paid leave, training budget, performance bonus",95,Good,,we are looking for a web developer to join our team the successful candidate will use html css javascript to support our projects and business goals candidates should have 3 5 years of relevant experience and a bs computer science strong communication problem solving and teamwork skills are expected
Accountant,"We are hiring a Accountant. The candidate should have knowledge of Excel, Accounting. The role involves supporting company projects and completing assigned tasks.","Excel, Accounting, QuickBooks",2 years,BS Accounting,"Analyze data, prepare reports, communicate findings, and support business decisions.",80000-130000,"Paid leave, training budget, performance bonus",76,Average,Education requirement missing,we are hiring a accountant the candidate should have knowledge of excel accounting the role involves supporting company projects and completing assigned tasks
Sales Executive,"We are looking for a Sales Executive to join our team. The successful candidate will use Sales, CRM, Communication to support our projects and business goals. Candidates should have 2-3 years of relevant experience and a Bachelor degree. Strong communication, problem-solving, and teamwork skills are expected.","Sales, CRM, Communication, Negotiation",2-3 years,Bachelor degree,"Develop and maintain applications, collaborate with team members, test solutions, and fix issues.",100000-160000,"Paid leave, training budget, performance bonus",88,Good,,we are looking for a sales executive to join our team the successful candidate will use sales crm communication to support our projects and business goals candidates should have 2 3 years of relevant experience and a bachelor degree strong communication problem solving and teamwork skills are expected
Customer Support Representative,We need a hardworking Customer Support Representative. Apply now.,"Communication, CRM, Problem Solving",Not specified,Not specified,Not specified,Not specified,Not specified,20,Poor,"Skills, experience, education, responsibilities and salary missing",we need a hardworking customer support representative apply now
HR Manager,We need a hardworking HR Manager. Apply now.,"Recruitment, HR Management, Communication",Not specified,Not specified,Not specified,Not specified,Not specified,44,Poor,Job responsibilities unclear and required skills missing,we need a hardworking hr manager apply now
HR Manager,"We are looking for a HR Manager to join our team. The successful candidate will use Recruitment, HR Management, Communication to support our projects and business goals. Candidates should have 1 year of relevant experience and a BS Human Resources. Strong communication, problem-solving, and teamwork skills are expected.","Recruitment, HR Management, Communication",1 year,BS Human Resources,"Analyze data, prepare reports, communicate findings, and support business decisions.",80000-140000,"Medical insurance, flexible hours, paid vacation",91,Good,,we are looking for a hr manager to join our team the successful candidate will use recruitment hr management communication to support our projects and business goals candidates should have 1 year of relevant experience and a bs human resources strong communication problem solving and teamwork skills are expected
Content Writer,"We are hiring a Content Writer. The candidate should have knowledge of Writing, SEO. The role involves supporting company projects and completing assigned tasks.","Writing, SEO, Research",Not specified,Bachelor degree,"Develop and maintain applications, collaborate with team members, test solutions, and fix issues.",Not specified,"Paid leave, training budget, performance bonus",72,Average,Education requirement missing,we are hiring a content writer the candidate should have knowledge of writing seo the role involves supporting company projects and completing assigned tasks
Accountant,"We are looking for a Accountant to join our team. The successful candidate will use Excel, Accounting, QuickBooks to support our projects and business goals. Candidates should have 1 year of relevant experience and a BS Accounting. Strong communication, problem-solving, and teamwork skills are expected.","Excel, Accounting, QuickBooks",1 year,BS Accounting,"Manage records, prepare reports, monitor processes, and ensure accurate documentation.",70000-130000,"Health insurance, annual bonus, professional development",95,Good,,we are looking for a accountant to join our team the successful candidate will use excel accounting quickbooks to support our projects and business goals candidates should have 1 year of relevant experience and a bs accounting strong communication problem solving and teamwork skills are expected
Accountant,"We are looking for a Accountant to join our team. The successful candidate will use Excel, Accounting, QuickBooks to support our projects and business goals. Candidates should have 3 years of relevant experience and a BS Accounting. Strong communication, problem-solving, and teamwork skills are expected.","Excel, Accounting, QuickBooks",3 years,BS Accounting,"Support customers, resolve queries, document interactions, and maintain service quality.",50000-100000,"Medical insurance, flexible hours, paid vacation",92,Good,,we are looking for a accountant to join our team the successful candidate will use excel accounting quickbooks to support our projects and business goals candidates should have 3 years of relevant experience and a bs accounting strong communication problem solving and teamwork skills are expected
Sales Executive,"We are looking for a Sales Executive to join our team. The successful candidate will use Sales, CRM, Communication to support our projects and business goals. Candidates should have 1 year of relevant experience and a Bachelor degree. Strong communication, problem-solving, and teamwork skills are expected.","Sales, CRM, Communication, Negotiation",1 year,Bachelor degree,"Support customers, resolve queries, document interactions, and maintain service quality.",60000-120000,"Health insurance, annual bonus, professional development",86,Good,,we are looking for a sales executive to join our team the successful candidate will use sales crm communication to support our projects and business goals candidates should have 1 year of relevant experience and a bachelor degree strong communication problem solving and teamwork skills are expected
Customer Support Representative,We need a person who can do Customer Support Representative work. Contact us.,"Communication, CRM, Problem Solving",Not specified,Not specified,Not specified,Not specified,Not specified,30,Poor,"Skills, experience, education, responsibilities and salary missing",we need a person who can do customer support representative work contact us
Marketing Manager,We need a hardworking Marketing Manager. Apply now.,"SEO, Google Ads, Analytics, Communication",Not specified,Not specified,Not specified,Not specified,Not specified,36,Poor,"Experience, education, salary and benefits missing",we need a hardworking marketing manager apply now
Data Scientist,"We are hiring a Data Scientist. The candidate should have knowledge of Python, Pandas. The role involves supporting company projects and completing assigned tasks.","Python, Pandas, Scikit-learn, SQL",1 year,BS Data Science,"Manage records, prepare reports, monitor processes, and ensure accurate documentation.",80000-130000,"Paid leave, training budget, performance bonus",64,Average,Benefits information missing,we are hiring a data scientist the candidate should have knowledge of python pandas the role involves supporting company projects and completing assigned tasks
Data Scientist,"We are looking for a Data Scientist to join our team. The successful candidate will use Python, Pandas, Scikit-learn to support our projects and business goals. Candidates should have 2 years of relevant experience and a BS Data Science. Strong communication, problem-solving, and teamwork skills are expected.","Python, Pandas, Scikit-learn, SQL",2 years,BS Data Science,"Analyze data, prepare reports, communicate findings, and support business decisions.",60000-100000,"Health insurance, paid leave, annual bonus",97,Good,,we are looking for a data scientist to join our team the successful candidate will use python pandas scikit learn to support our projects and business goals candidates should have 2 years of relevant experience and a bs data science strong communication problem solving and teamwork skills are expected
Mobile App Developer,"We are hiring a Mobile App Developer. The candidate should have knowledge of Kotlin, Java. The role involves supporting company projects and completing assigned tasks.","Kotlin, Java, Android Studio",Not specified,BS Computer Science,"Manage records, prepare reports, monitor processes, and ensure accurate documentation.",Not specified,"Health insurance, annual bonus, professional development",78,Average,Responsibilities are limited,we are hiring a mobile app developer the candidate should have knowledge of kotlin java the role involves supporting company projects and completing assigned tasks
Marketing Manager,We need a person who can do Marketing Manager work. Contact us.,"SEO, Google Ads, Analytics, Communication",Not specified,Not specified,Not specified,Not specified,Not specified,30,Poor,"Skills, experience, education, responsibilities and salary missing",we need a person who can do marketing manager work contact us
Database Administrator,"We are looking for a Database Administrator to join our team. The successful candidate will use SQL, MySQL, PostgreSQL to support our projects and business goals. Candidates should have 3 years of relevant experience and a BS Computer Science. Strong communication, problem-solving, and teamwork skills are expected.","SQL, MySQL, PostgreSQL, Backup",3 years,BS Computer Science,"Support customers, resolve queries, document interactions, and maintain service quality.",100000-150000,"Paid leave, training budget, performance bonus",85,Good,,we are looking for a database administrator to join our team the successful candidate will use sql mysql postgresql to support our projects and business goals candidates should have 3 years of relevant experience and a bs computer science strong communication problem solving and teamwork skills are expected
Sales Executive,"We are hiring a Sales Executive. The candidate should have knowledge of Sales, CRM. The role involves supporting company projects and completing assigned tasks.","Sales, CRM, Communication, Negotiation",2 years,Bachelor degree,"Develop and maintain applications, collaborate with team members, test solutions, and fix issues.",80000-130000,"Health insurance, annual bonus, professional development",61,Average,Experience requirement unclear,we are hiring a sales executive the candidate should have knowledge of sales crm the role involves supporting company projects and completing assigned tasks
HR Manager,"We are looking for a HR Manager to join our team. The successful candidate will use Recruitment, HR Management, Communication to support our projects and business goals. Candidates should have 1 year of relevant experience and a BS Human Resources. Strong communication, problem-solving, and teamwork skills are expected.","Recruitment, HR Management, Communication",1 year,BS Human Resources,"Support customers, resolve queries, document interactions, and maintain service quality.",90000-150000,"Health insurance, annual bonus, professional development",93,Good,,we are looking for a hr manager to join our team the successful candidate will use recruitment hr management communication to support our projects and business goals candidates should have 1 year of relevant experience and a bs human resources strong communication problem solving and teamwork skills are expected
Web Developer,"We are looking for a Web Developer to join our team. The successful candidate will use HTML, CSS, JavaScript to support our projects and business goals. Candidates should have 3-5 years of relevant experience and a BS Computer Science. Strong communication, problem-solving, and teamwork skills are expected.","HTML, CSS, JavaScript, React",3-5 years,BS Computer Science,"Support customers, resolve queries, document interactions, and maintain service quality.",100000-140000,"Paid leave, training budget, performance bonus",92,Good,,we are looking for a web developer to join our team the successful candidate will use html css javascript to support our projects and business goals candidates should have 3 5 years of relevant experience and a bs computer science strong communication problem solving and teamwork skills are expected
Network Administrator,"We are looking for a Network Administrator to join our team. The successful candidate will use Networking, Cisco, TCP/IP to support our projects and business goals. Candidates should have 1 year of relevant experience and a BS Computer Science. Strong communication, problem-solving, and teamwork skills are expected.","Networking, Cisco, TCP/IP, Linux",1 year,BS Computer Science,"Manage records, prepare reports, monitor processes, and ensure accurate documentation.",80000-110000,"Paid leave, training budget, performance bonus",86,Good,,we are looking for a network administrator to join our team the successful candidate will use networking cisco tcp ip to support our projects and business goals candidates should have 1 year of relevant experience and a bs computer science strong communication problem solving and teamwork skills are expected
Network Administrator,"We are hiring a Network Administrator. The candidate should have knowledge of Networking, Cisco. The role involves supporting company projects and completing assigned tasks.","Networking, Cisco, TCP/IP, Linux",1 year,BS Computer Science,"Create user-focused designs, review feedback, and collaborate with developers.",60000-100000,"Health insurance, annual bonus, professional development",76,Average,Responsibilities are limited,we are hiring a network administrator the candidate should have knowledge of networking cisco the role involves supporting company projects and completing assigned tasks
Teacher,"We are looking for a Teacher to join our team. The successful candidate will use Teaching, Communication, Lesson Planning to support our projects and business goals. Candidates should have 2-3 years of relevant experience and a Bachelor degree. Strong communication, problem-solving, and teamwork skills are expected.","Teaching, Communication, Lesson Planning",2-3 years,Bachelor degree,"Manage projects, coordinate stakeholders, track deadlines, and resolve project risks.",70000-130000,"Health insurance, annual bonus, professional development",95,Good,,we are looking for a teacher to join our team the successful candidate will use teaching communication lesson planning to support our projects and business goals candidates should have 2 3 years of relevant experience and a bachelor degree strong communication problem solving and teamwork skills are expected
Teacher,"We are looking for a Teacher to join our team. The successful candidate will use Teaching, Communication, Lesson Planning to support our projects and business goals. Candidates should have 5 years of relevant experience and a Bachelor degree. Strong communication, problem-solving, and teamwork skills are expected.","Teaching, Communication, Lesson Planning",5 years,Bachelor degree,"Manage projects, coordinate stakeholders, track deadlines, and resolve project risks.",100000-150000,"Health insurance, paid leave, annual bonus",86,Good,,we are looking for a teacher to join our team the successful candidate will use teaching communication lesson planning to support our projects and business goals candidates should have 5 years of relevant experience and a bachelor degree strong communication problem solving and teamwork skills are expected
Content Writer,"We are hiring a Content Writer. The candidate should have knowledge of Writing, SEO. The role involves supporting company projects and completing assigned tasks.","Writing, SEO, Research",2 years,Bachelor degree,"Analyze data, prepare reports, communicate findings, and support business decisions.",80000-130000,Not specified,70,Average,Education requirement missing,we are hiring a content writer the candidate should have knowledge of writing seo the role involves supporting company projects and completing assigned tasks
Business Analyst,"We are hiring a Business Analyst. The candidate should have knowledge of SQL, Excel. The role involves supporting company projects and completing assigned tasks.","SQL, Excel, Requirements Analysis",2 years,Bachelor degree,"Analyze data, prepare reports, communicate findings, and support business decisions.",80000-130000,"Health insurance, annual bonus, professional development",79,Average,Education requirement missing,we are hiring a business analyst the candidate should have knowledge of sql excel the role involves supporting company projects and completing assigned tasks
HR Manager,"We are hiring a HR Manager. The candidate should have knowledge of Recruitment, HR Management. The role involves supporting company projects and completing assigned tasks.","Recruitment, HR Management, Communication",Not specified,BS Human Resources,"Manage records, prepare reports, monitor processes, and ensure accurate documentation.",80000-130000,"Medical insurance, flexible hours, paid vacation",76,Average,Education requirement missing,we are hiring a hr manager the candidate should have knowledge of recruitment hr management the role involves supporting company projects and completing assigned tasks
Accountant,"We are hiring a Accountant. The candidate should have knowledge of Excel, Accounting. The role involves supporting company projects and completing assigned tasks.","Excel, Accounting, QuickBooks",1 year,BS Accounting,"Analyze data, prepare reports, communicate findings, and support business decisions.",80000-130000,"Paid leave, training budget, performance bonus",66,Average,Experience requirement unclear,we are hiring a accountant the candidate should have knowledge of excel accounting the role involves supporting company projects and completing assigned tasks
Mobile App Developer,"We are looking for a Mobile App Developer to join our team. The successful candidate will use Kotlin, Java, Android Studio to support our projects and business goals. Candidates should have 2 years of relevant experience and a BS Computer Science. Strong communication, problem-solving, and teamwork skills are expected.","Kotlin, Java, Android Studio",2 years,BS Computer Science,"Develop and maintain applications, collaborate with team members, test solutions, and fix issues.",60000-90000,"Paid leave, training budget, performance bonus",93,Good,,we are looking for a mobile app developer to join our team the successful candidate will use kotlin java android studio to support our projects and business goals candidates should have 2 years of relevant experience and a bs computer science strong communication problem solving and teamwork skills are expected
Content Writer,We need a person who can do Content Writer work. Contact us.,"Writing, SEO, Research",Not specified,Not specified,Not specified,Not specified,Not specified,21,Poor,"Experience, education, salary and benefits missing",we need a person who can do content writer work contact us
Marketing Manager,We need a person who can do Marketing Manager work. Contact us.,"SEO, Google Ads, Analytics, Communication",Not specified,Not specified,Not specified,Not specified,Not specified,24,Poor,"Experience, education, salary and benefits missing",we need a person who can do marketing manager work contact us
Customer Support Representative,"We are looking for a Customer Support Representative to join our team. The successful candidate will use Communication, CRM, Problem Solving to support our projects and business goals. Candidates should have 2 years of relevant experience and a Bachelor degree. Strong communication, problem-solving, and teamwork skills are expected.","Communication, CRM, Problem Solving",2 years,Bachelor degree,"Develop and maintain applications, collaborate with team members, test solutions, and fix issues.",100000-140000,"Health insurance, annual bonus, professional development",91,Good,,we are looking for a customer support representative to join our team the successful candidate will use communication crm problem solving to support our projects and business goals candidates should have 2 years of relevant experience and a bachelor degree strong communication problem solving and teamwork skills are expected
Sales Executive,"We are hiring a Sales Executive. The candidate should have knowledge of Sales, CRM. The role involves supporting company projects and completing assigned tasks.","Sales, CRM, Communication, Negotiation",1 year,Bachelor degree,"Manage projects, coordinate stakeholders, track deadlines, and resolve project risks.",80000-130000,Not specified,74,Average,Benefits information missing,we are hiring a sales executive the candidate should have knowledge of sales crm the role involves supporting company projects and completing assigned tasks
Content Writer,"We are looking for a Content Writer to join our team. The successful candidate will use Writing, SEO, Research to support our projects and business goals. Candidates should have 3 years of relevant experience and a Bachelor degree. Strong communication, problem-solving, and teamwork skills are expected.","Writing, SEO, Research",3 years,Bachelor degree,"Create user-focused designs, review feedback, and collaborate with developers.",60000-110000,"Health insurance, annual bonus, professional development",97,Good,,we are looking for a content writer to join our team the successful candidate will use writing seo research to support our projects and business goals candidates should have 3 years of relevant experience and a bachelor degree strong communication problem solving and teamwork skills are expected
HR Manager,We need a person who can do HR Manager work. Contact us.,"Recruitment, HR Management, Communication",Not specified,Not specified,Not specified,Not specified,Not specified,36,Poor,Job responsibilities unclear and required skills missing,we need a person who can do hr manager work contact us
Cybersecurity Analyst,We need a person who can do Cybersecurity Analyst work. Contact us.,"Network Security, Linux, SIEM, Python",Not specified,Not specified,Not specified,Not specified,Not specified,24,Poor,Job responsibilities unclear and required skills missing,we need a person who can do cybersecurity analyst work contact us
Web Developer,"We are hiring a Web Developer. The candidate should have knowledge of HTML, CSS. The role involves supporting company projects and completing assigned tasks.","HTML, CSS, JavaScript, React",2 years,BS Computer Science,"Manage records, prepare reports, monitor processes, and ensure accurate documentation.",Not specified,"Health insurance, paid leave, annual bonus",76,Average,Education requirement missing,we are hiring a web developer the candidate should have knowledge of html css the role involves supporting company projects and completing assigned tasks
HR Manager,"We are looking for a HR Manager to join our team. The successful candidate will use Recruitment, HR Management, Communication to support our projects and business goals. Candidates should have 2 years of relevant experience and a BS Human Resources. Strong communication, problem-solving, and teamwork skills are expected.","Recruitment, HR Management, Communication",2 years,BS Human Resources,"Create user-focused designs, review feedback, and collaborate with developers.",70000-130000,"Medical insurance, flexible hours, paid vacation",86,Good,,we are looking for a hr manager to join our team the successful candidate will use recruitment hr management communication to support our projects and business goals candidates should have 2 years of relevant experience and a bs human resources strong communication problem solving and teamwork skills are expected
Graphic Designer,Looking for someone for a Graphic Designer position. Good opportunity.,"Photoshop, Illustrator, Canva",Not specified,Not specified,Not specified,Not specified,Not specified,49,Poor,"Skills, experience, education, responsibilities and salary missing",looking for someone for a graphic designer position good opportunity
Accountant,"We are looking for a Accountant to join our team. The successful candidate will use Excel, Accounting, QuickBooks to support our projects and business goals. Candidates should have 3-5 years of relevant experience and a BS Accounting. Strong communication, problem-solving, and teamwork skills are expected.","Excel, Accounting, QuickBooks",3-5 years,BS Accounting,"Develop and maintain applications, collaborate with team members, test solutions, and fix issues.",70000-110000,"Health insurance, annual bonus, professional development",90,Good,,we are looking for a accountant to join our team the successful candidate will use excel accounting quickbooks to support our projects and business goals candidates should have 3 5 years of relevant experience and a bs accounting strong communication problem solving and teamwork skills are expected
Graphic Designer,"We are looking for a Graphic Designer to join our team. The successful candidate will use Photoshop, Illustrator, Canva to support our projects and business goals. Candidates should have 1 year of relevant experience and a Bachelor degree. Strong communication, problem-solving, and teamwork skills are expected.","Photoshop, Illustrator, Canva",1 year,Bachelor degree,"Analyze data, prepare reports, communicate findings, and support business decisions.",100000-150000,"Medical insurance, flexible hours, paid vacation",85,Good,,we are looking for a graphic designer to join our team the successful candidate will use photoshop illustrator canva to support our projects and business goals candidates should have 1 year of relevant experience and a bachelor degree strong communication problem solving and teamwork skills are expected
HR Manager,Looking for someone for a HR Manager position. Good opportunity.,"Recruitment, HR Management, Communication",Not specified,Not specified,Not specified,Not specified,Not specified,42,Poor,"Skills, experience, education, responsibilities and salary missing",looking for someone for a hr manager position good opportunity
Mobile App Developer,"We are looking for a Mobile App Developer to join our team. The successful candidate will use Kotlin, Java, Android Studio to support our projects and business goals. Candidates should have 1 year of relevant experience and a BS Computer Science. Strong communication, problem-solving, and teamwork skills are expected.","Kotlin, Java, Android Studio",1 year,BS Computer Science,"Analyze data, prepare reports, communicate findings, and support business decisions.",50000-80000,"Paid leave, training budget, performance bonus",98,Good,,we are looking for a mobile app developer to join our team the successful candidate will use kotlin java android studio to support our projects and business goals candidates should have 1 year of relevant experience and a bs computer science strong communication problem solving and teamwork skills are expected
Machine Learning Engineer,"We are hiring a Machine Learning Engineer. The candidate should have knowledge of Python, TensorFlow. The role involves supporting company projects and completing assigned tasks.","Python, TensorFlow, Scikit-learn, SQL",Not specified,BS Computer Science,"Create user-focused designs, review feedback, and collaborate with developers.",Not specified,Not specified,63,Average,Experience requirement unclear,we are hiring a machine learning engineer the candidate should have knowledge of python tensorflow the role involves supporting company projects and completing assigned tasks
Graphic Designer,"We are looking for a Graphic Designer to join our team. The successful candidate will use Photoshop, Illustrator, Canva to support our projects and business goals. Candidates should have 1 year of relevant experience and a Bachelor degree. Strong communication, problem-solving, and teamwork skills are expected.","Photoshop, Illustrator, Canva",1 year,Bachelor degree,"Develop and maintain applications, collaborate with team members, test solutions, and fix issues.",60000-120000,"Health insurance, annual bonus, professional development",86,Good,,we are looking for a graphic designer to join our team the successful candidate will use photoshop illustrator canva to support our projects and business goals candidates should have 1 year of relevant experience and a bachelor degree strong communication problem solving and teamwork skills are expected
Mobile App Developer,"We are hiring a Mobile App Developer. The candidate should have knowledge of Kotlin, Java. The role involves supporting company projects and completing assigned tasks.","Kotlin, Java, Android Studio",1 year,BS Computer Science,"Support customers, resolve queries, document interactions, and maintain service quality.",Not specified,Not specified,67,Average,Benefits information missing,we are hiring a mobile app developer the candidate should have knowledge of kotlin java the role involves supporting company projects and completing assigned tasks
HR Manager,"We are looking for a HR Manager to join our team. The successful candidate will use Recruitment, HR Management, Communication to support our projects and business goals. Candidates should have 3-5 years of relevant experience and a BS Human Resources. Strong communication, problem-solving, and teamwork skills are expected.","Recruitment, HR Management, Communication",3-5 years,BS Human Resources,"Analyze data, prepare reports, communicate findings, and support business decisions.",70000-110000,"Health insurance, annual bonus, professional development",95,Good,,we are looking for a hr manager to join our team the successful candidate will use recruitment hr management communication to support our projects and business goals candidates should have 3 5 years of relevant experience and a bs human resources strong communication problem solving and teamwork skills are expected
Data Analyst,"We are hiring a Data Analyst. The candidate should have knowledge of Python, SQL. The role involves supporting company projects and completing assigned tasks.","Python, SQL, Excel, Power BI",2 years,BS Data Science,"Support customers, resolve queries, document interactions, and maintain service quality.",60000-100000,Not specified,76,Average,Responsibilities are limited,we are hiring a data analyst the candidate should have knowledge of python sql the role involves supporting company projects and completing assigned tasks
Content Writer,"We are looking for a Content Writer to join our team. The successful candidate will use Writing, SEO, Research to support our projects and business goals. Candidates should have 3 years of relevant experience and a Bachelor degree. Strong communication, problem-solving, and teamwork skills are expected.","Writing, SEO, Research",3 years,Bachelor degree,"Manage projects, coordinate stakeholders, track deadlines, and resolve project risks.",50000-110000,"Paid leave, training budget, performance bonus",96,Good,,we are looking for a content writer to join our team the successful candidate will use writing seo research to support our projects and business goals candidates should have 3 years of relevant experience and a bachelor degree strong communication problem solving and teamwork skills are expected
Software Developer,"We are looking for a Software Developer to join our team. The successful candidate will use Python, Java, C++ to support our projects and business goals. Candidates should have 1 year of relevant experience and a BS Computer Science. Strong communication, problem-solving, and teamwork skills are expected.","Python, Java, C++, Git",1 year,BS Computer Science,"Support customers, resolve queries, document interactions, and maintain service quality.",70000-110000,"Health insurance, paid leave, annual bonus",96,Good,,we are looking for a software developer to join our team the successful candidate will use python java c to support our projects and business goals candidates should have 1 year of relevant experience and a bs computer science strong communication problem solving and teamwork skills are expected
Marketing Manager,"We are looking for a Marketing Manager to join our team. The successful candidate will use SEO, Google Ads, Analytics to support our projects and business goals. Candidates should have 2-3 years of relevant experience and a Bachelor degree. Strong communication, problem-solving, and teamwork skills are expected.","SEO, Google Ads, Analytics, Communication",2-3 years,Bachelor degree,"Manage records, prepare reports, monitor processes, and ensure accurate documentation.",90000-140000,"Medical insurance, flexible hours, paid vacation",92,Good,,we are looking for a marketing manager to join our team the successful candidate will use seo google ads analytics to support our projects and business goals candidates should have 2 3 years of relevant experience and a bachelor degree strong communication problem solving and teamwork skills are expected
Mobile App Developer,"We are hiring a Mobile App Developer. The candidate should have knowledge of Kotlin, Java. The role involves supporting company projects and completing assigned tasks.","Kotlin, Java, Android Studio",1 year,BS Computer Science,"Develop and maintain applications, collaborate with team members, test solutions, and fix issues.",60000-100000,"Health insurance, annual bonus, professional development",69,Average,Benefits information missing,we are hiring a mobile app developer the candidate should have knowledge of kotlin java the role involves supporting company projects and completing assigned tasks
Web Developer,We need a hardworking Web Developer. Apply now.,"HTML, CSS, JavaScript, React",Not specified,Not specified,Not specified,Not specified,Not specified,30,Poor,Job responsibilities unclear and required skills missing,we need a hardworking web developer apply now
Network Administrator,"We are looking for a Network Administrator to join our team. The successful candidate will use Networking, Cisco, TCP/IP to support our projects and business goals. Candidates should have 3-5 years of relevant experience and a BS Computer Science. Strong communication, problem-solving, and teamwork skills are expected.","Networking, Cisco, TCP/IP, Linux",3-5 years,BS Computer Science,"Manage records, prepare reports, monitor processes, and ensure accurate documentation.",80000-130000,"Health insurance, paid leave, annual bonus",88,Good,,we are looking for a network administrator to join our team the successful candidate will use networking cisco tcp ip to support our projects and business goals candidates should have 3 5 years of relevant experience and a bs computer science strong communication problem solving and teamwork skills are expected
HR Manager,"We are looking for a HR Manager to join our team. The successful candidate will use Recruitment, HR Management, Communication to support our projects and business goals. Candidates should have 1 year of relevant experience and a BS Human Resources. Strong communication, problem-solving, and teamwork skills are expected.","Recruitment, HR Management, Communication",1 year,BS Human Resources,"Develop and maintain applications, collaborate with team members, test solutions, and fix issues.",100000-150000,"Paid leave, training budget, performance bonus",97,Good,,we are looking for a hr manager to join our team the successful candidate will use recruitment hr management communication to support our projects and business goals candidates should have 1 year of relevant experience and a bs human resources strong communication problem solving and teamwork skills are expected
Sales Executive,"We are looking for a Sales Executive to join our team. The successful candidate will use Sales, CRM, Communication to support our projects and business goals. Candidates should have 3 years of relevant experience and a Bachelor degree. Strong communication, problem-solving, and teamwork skills are expected.","Sales, CRM, Communication, Negotiation",3 years,Bachelor degree,"Manage projects, coordinate stakeholders, track deadlines, and resolve project risks.",100000-160000,"Health insurance, annual bonus, professional development",87,Good,,we are looking for a sales executive to join our team the successful candidate will use sales crm communication to support our projects and business goals candidates should have 3 years of relevant experience and a bachelor degree strong communication problem solving and teamwork skills are expected
Mobile App Developer,"We are hiring a Mobile App Developer. The candidate should have knowledge of Kotlin, Java. The role involves supporting company projects and completing assigned tasks.","Kotlin, Java, Android Studio",2 years,BS Computer Science,"Develop and maintain applications, collaborate with team members, test solutions, and fix issues.",Not specified,"Paid leave, training budget, performance bonus",73,Average,Education requirement missing,we are hiring a mobile app developer the candidate should have knowledge of kotlin java the role involves supporting company projects and completing assigned tasks
Accountant,"We are hiring a Accountant. The candidate should have knowledge of Excel, Accounting. The role involves supporting company projects and completing assigned tasks.","Excel, Accounting, QuickBooks",1 year,BS Accounting,"Manage projects, coordinate stakeholders, track deadlines, and resolve project risks.",Not specified,"Paid leave, training budget, performance bonus",63,Average,Education requirement missing,we are hiring a accountant the candidate should have knowledge of excel accounting the role involves supporting company projects and completing assigned tasks
Marketing Manager,"We are hiring a Marketing Manager. The candidate should have knowledge of SEO, Google Ads. The role involves supporting company projects and completing assigned tasks.","SEO, Google Ads, Analytics, Communication",2 years,Bachelor degree,"Manage records, prepare reports, monitor processes, and ensure accurate documentation.",80000-130000,Not specified,73,Average,Benefits information missing,we are hiring a marketing manager the candidate should have knowledge of seo google ads the role involves supporting company projects and completing assigned tasks
Database Administrator,"We are looking for a Database Administrator to join our team. The successful candidate will use SQL, MySQL, PostgreSQL to support our projects and business goals. Candidates should have 1 year of relevant experience and a BS Computer Science. Strong communication, problem-solving, and teamwork skills are expected.","SQL, MySQL, PostgreSQL, Backup",1 year,BS Computer Science,"Manage projects, coordinate stakeholders, track deadlines, and resolve project risks.",100000-150000,"Health insurance, annual bonus, professional development",95,Good,,we are looking for a database administrator to join our team the successful candidate will use sql mysql postgresql to support our projects and business goals candidates should have 1 year of relevant experience and a bs computer science strong communication problem solving and teamwork skills are expected
Web Developer,"We are looking for a Web Developer to join our team. The successful candidate will use HTML, CSS, JavaScript to support our projects and business goals. Candidates should have 5 years of relevant experience and a BS Computer Science. Strong communication, problem-solving, and teamwork skills are expected.","HTML, CSS, JavaScript, React",5 years,BS Computer Science,"Develop and maintain applications, collaborate with team members, test solutions, and fix issues.",80000-130000,"Medical insurance, flexible hours, paid vacation",87,Good,,we are looking for a web developer to join our team the successful candidate will use html css javascript to support our projects and business goals candidates should have 5 years of relevant experience and a bs computer science strong communication problem solving and teamwork skills are expected
Teacher,"We are hiring a Teacher. The candidate should have knowledge of Teaching, Communication. The role involves supporting company projects and completing assigned tasks.","Teaching, Communication, Lesson Planning",2 years,Bachelor degree,"Develop and maintain applications, collaborate with team members, test solutions, and fix issues.",60000-100000,"Medical insurance, flexible hours, paid vacation",67,Average,Experience requirement unclear,we are hiring a teacher the candidate should have knowledge of teaching communication the role involves supporting company projects and completing assigned tasks
Sales Executive,"We are looking for a Sales Executive to join our team. The successful candidate will use Sales, CRM, Communication to support our projects and business goals. Candidates should have 3-5 years of relevant experience and a Bachelor degree. Strong communication, problem-solving, and teamwork skills are expected.","Sales, CRM, Communication, Negotiation",3-5 years,Bachelor degree,"Manage projects, coordinate stakeholders, track deadlines, and resolve project risks.",50000-90000,"Health insurance, annual bonus, professional development",90,Good,,we are looking for a sales executive to join our team the successful candidate will use sales crm communication to support our projects and business goals candidates should have 3 5 years of relevant experience and a bachelor degree strong communication problem solving and teamwork skills are expected
Database Administrator,We need a person who can do Database Administrator work. Contact us.,"SQL, MySQL, PostgreSQL, Backup",Not specified,Not specified,Not specified,Not specified,Not specified,24,Poor,"Experience, education, salary and benefits missing",we need a person who can do database administrator work contact us
Sales Executive,"We are looking for a Sales Executive to join our team. The successful candidate will use Sales, CRM, Communication to support our projects and business goals. Candidates should have 5 years of relevant experience and a Bachelor degree. Strong communication, problem-solving, and teamwork skills are expected.","Sales, CRM, Communication, Negotiation",5 years,Bachelor degree,"Develop and maintain applications, collaborate with team members, test solutions, and fix issues.",70000-110000,"Health insurance, paid leave, annual bonus",96,Good,,we are looking for a sales executive to join our team the successful candidate will use sales crm communication to support our projects and business goals candidates should have 5 years of relevant experience and a bachelor degree strong communication problem solving and teamwork skills are expected
Cybersecurity Analyst,"We are hiring a Cybersecurity Analyst. The candidate should have knowledge of Network Security, Linux. The role involves supporting company projects and completing assigned tasks.","Network Security, Linux, SIEM, Python",2 years,BS Cybersecurity,"Manage projects, coordinate stakeholders, track deadlines, and resolve project risks.",Not specified,"Health insurance, paid leave, annual bonus",68,Average,Salary information missing,we are hiring a cybersecurity analyst the candidate should have knowledge of network security linux the role involves supporting company projects and completing assigned tasks
UI UX Designer,Looking for someone for a UI UX Designer position. Good opportunity.,"Figma, UI Design, UX Research, Prototyping",Not specified,Not specified,Not specified,Not specified,Not specified,42,Poor,Job responsibilities unclear and required skills missing,looking for someone for a ui ux designer position good opportunity
UI UX Designer,"We are looking for a UI UX Designer to join our team. The successful candidate will use Figma, UI Design, UX Research to support our projects and business goals. Candidates should have 1 year of relevant experience and a BS Design. Strong communication, problem-solving, and teamwork skills are expected.","Figma, UI Design, UX Research, Prototyping",1 year,BS Design,"Develop and maintain applications, collaborate with team members, test solutions, and fix issues.",80000-120000,"Health insurance, annual bonus, professional development",97,Good,,we are looking for a ui ux designer to join our team the successful candidate will use figma ui design ux research to support our projects and business goals candidates should have 1 year of relevant experience and a bs design strong communication problem solving and teamwork skills are expected
Marketing Manager,"We are hiring a Marketing Manager. The candidate should have knowledge of SEO, Google Ads. The role involves supporting company projects and completing assigned tasks.","SEO, Google Ads, Analytics, Communication",Not specified,Bachelor degree,"Support customers, resolve queries, document interactions, and maintain service quality.",60000-100000,Not specified,69,Average,Experience requirement unclear,we are hiring a marketing manager the candidate should have knowledge of seo google ads the role involves supporting company projects and completing assigned tasks
Cybersecurity Analyst,"We are hiring a Cybersecurity Analyst. The candidate should have knowledge of Network Security, Linux. The role involves supporting company projects and completing assigned tasks.","Network Security, Linux, SIEM, Python",Not specified,BS Cybersecurity,"Manage projects, coordinate stakeholders, track deadlines, and resolve project risks.",Not specified,"Medical insurance, flexible hours, paid vacation",76,Average,Benefits information missing,we are hiring a cybersecurity analyst the candidate should have knowledge of network security linux the role involves supporting company projects and completing assigned tasks
Data Scientist,We need a hardworking Data Scientist. Apply now.,"Python, Pandas, Scikit-learn, SQL",Not specified,Not specified,Not specified,Not specified,Not specified,27,Poor,Job responsibilities unclear and required skills missing,we need a hardworking data scientist apply now
Software Developer,"We are looking for a Software Developer to join our team. The successful candidate will use Python, Java, C++ to support our projects and business goals. Candidates should have 3-5 years of relevant experience and a BS Computer Science. Strong communication, problem-solving, and teamwork skills are expected.","Python, Java, C++, Git",3-5 years,BS Computer Science,"Support customers, resolve queries, document interactions, and maintain service quality.",70000-130000,"Medical insurance, flexible hours, paid vacation",86,Good,,we are looking for a software developer to join our team the successful candidate will use python java c to support our projects and business goals candidates should have 3 5 years of relevant experience and a bs computer science strong communication problem solving and teamwork skills are expected
Data Analyst,"We are looking for a Data Analyst to join our team. The successful candidate will use Python, SQL, Excel to support our projects and business goals. Candidates should have 5 years of relevant experience and a BS Data Science. Strong communication, problem-solving, and teamwork skills are expected.","Python, SQL, Excel, Power BI",5 years,BS Data Science,"Create user-focused designs, review feedback, and collaborate with developers.",100000-160000,"Health insurance, annual bonus, professional development",98,Good,,we are looking for a data analyst to join our team the successful candidate will use python sql excel to support our projects and business goals candidates should have 5 years of relevant experience and a bs data science strong communication problem solving and teamwork skills are expected
Business Analyst,"We are looking for a Business Analyst to join our team. The successful candidate will use SQL, Excel, Requirements Analysis to support our projects and business goals. Candidates should have 2-3 years of relevant experience and a Bachelor degree. Strong communication, problem-solving, and teamwork skills are expected.","SQL, Excel, Requirements Analysis",2-3 years,Bachelor degree,"Create user-focused designs, review feedback, and collaborate with developers.",100000-130000,"Health insurance, annual bonus, professional development",95,Good,,we are looking for a business analyst to join our team the successful candidate will use sql excel requirements analysis to support our projects and business goals candidates should have 2 3 years of relevant experience and a bachelor degree strong communication problem solving and teamwork skills are expected
Network Administrator,"We are looking for a Network Administrator to join our team. The successful candidate will use Networking, Cisco, TCP/IP to support our projects and business goals. Candidates should have 3-5 years of relevant experience and a BS Computer Science. Strong communication, problem-solving, and teamwork skills are expected.","Networking, Cisco, TCP/IP, Linux",3-5 years,BS Computer Science,"Create user-focused designs, review feedback, and collaborate with developers.",100000-140000,"Medical insurance, flexible hours, paid vacation",93,Good,,we are looking for a network administrator to join our team the successful candidate will use networking cisco tcp ip to support our projects and business goals candidates should have 3 5 years of relevant experience and a bs computer science strong communication problem solving and teamwork skills are expected
Web Developer,We need a person who can do Web Developer work. Contact us.,"HTML, CSS, JavaScript, React",Not specified,Not specified,Not specified,Not specified,Not specified,24,Poor,Job responsibilities unclear and required skills missing,we need a person who can do web developer work contact us
Cybersecurity Analyst,"We are looking for a Cybersecurity Analyst to join our team. The successful candidate will use Network Security, Linux, SIEM to support our projects and business goals. Candidates should have 5 years of relevant experience and a BS Cybersecurity. Strong communication, problem-solving, and teamwork skills are expected.","Network Security, Linux, SIEM, Python",5 years,BS Cybersecurity,"Develop and maintain applications, collaborate with team members, test solutions, and fix issues.",60000-110000,"Paid leave, training budget, performance bonus",89,Good,,we are looking for a cybersecurity analyst to join our team the successful candidate will use network security linux siem to support our projects and business goals candidates should have 5 years of relevant experience and a bs cybersecurity strong communication problem solving and teamwork skills are expected
UI UX Designer,"We are hiring a UI UX Designer. The candidate should have knowledge of Figma, UI Design. The role involves supporting company projects and completing assigned tasks.","Figma, UI Design, UX Research, Prototyping",Not specified,BS Design,"Manage records, prepare reports, monitor processes, and ensure accurate documentation.",80000-130000,"Medical insurance, flexible hours, paid vacation",69,Average,Responsibilities are limited,we are hiring a ui ux designer the candidate should have knowledge of figma ui design the role involves supporting company projects and completing assigned tasks
Content Writer,"We are looking for a Content Writer to join our team. The successful candidate will use Writing, SEO, Research to support our projects and business goals. Candidates should have 5 years of relevant experience and a Bachelor degree. Strong communication, problem-solving, and teamwork skills are expected.","Writing, SEO, Research",5 years,Bachelor degree,"Manage records, prepare reports, monitor processes, and ensure accurate documentation.",60000-100000,"Medical insurance, flexible hours, paid vacation",94,Good,,we are looking for a content writer to join our team the successful candidate will use writing seo research to support our projects and business goals candidates should have 5 years of relevant experience and a bachelor degree strong communication problem solving and teamwork skills are expected
Teacher,"We are looking for a Teacher to join our team. The successful candidate will use Teaching, Communication, Lesson Planning to support our projects and business goals. Candidates should have 3-5 years of relevant experience and a Bachelor degree. Strong communication, problem-solving, and teamwork skills are expected.","Teaching, Communication, Lesson Planning",3-5 years,Bachelor degree,"Develop and maintain applications, collaborate with team members, test solutions, and fix issues.",50000-80000,"Health insurance, paid leave, annual bonus",95,Good,,we are looking for a teacher to join our team the successful candidate will use teaching communication lesson planning to support our projects and business goals candidates should have 3 5 years of relevant experience and a bachelor degree strong communication problem solving and teamwork skills are expected
Business Analyst,"We are looking for a Business Analyst to join our team. The successful candidate will use SQL, Excel, Requirements Analysis to support our projects and business goals. Candidates should have 2 years of relevant experience and a Bachelor degree. Strong communication, problem-solving, and teamwork skills are expected.","SQL, Excel, Requirements Analysis",2 years,Bachelor degree,"Create user-focused designs, review feedback, and collaborate with developers.",90000-150000,"Health insurance, paid leave, annual bonus",95,Good,,we are looking for a business analyst to join our team the successful candidate will use sql excel requirements analysis to support our projects and business goals candidates should have 2 years of relevant experience and a bachelor degree strong communication problem solving and teamwork skills are expected
Content Writer,"We are looking for a Content Writer to join our team. The successful candidate will use Writing, SEO, Research to support our projects and business goals. Candidates should have 2-3 years of relevant experience and a Bachelor degree. Strong communication, problem-solving, and teamwork skills are expected.","Writing, SEO, Research",2-3 years,Bachelor degree,"Manage projects, coordinate stakeholders, track deadlines, and resolve project risks.",80000-120000,"Health insurance, annual bonus, professional development",92,Good,,we are looking for a content writer to join our team the successful candidate will use writing seo research to support our projects and business goals candidates should have 2 3 years of relevant experience and a bachelor degree strong communication problem solving and teamwork skills are expected
Data Analyst,"We are hiring a Data Analyst. The candidate should have knowledge of Python, SQL. The role involves supporting company projects and completing assigned tasks.","Python, SQL, Excel, Power BI",1 year,BS Data Science,"Create user-focused designs, review feedback, and collaborate with developers.",80000-130000,"Health insurance, annual bonus, professional development",74,Average,Benefits information missing,we are hiring a data analyst the candidate should have knowledge of python sql the role involves supporting company projects and completing assigned tasks
Marketing Manager,"We are hiring a Marketing Manager. The candidate should have knowledge of SEO, Google Ads. The role involves supporting company projects and completing assigned tasks.","SEO, Google Ads, Analytics, Communication",2 years,Bachelor degree,"Manage records, prepare reports, monitor processes, and ensure accurate documentation.",Not specified,"Paid leave, training budget, performance bonus",71,Average,Salary information missing,we are hiring a marketing manager the candidate should have knowledge of seo google ads the role involves supporting company projects and completing assigned tasks
Machine Learning Engineer,We need a person who can do Machine Learning Engineer work. Contact us.,"Python, TensorFlow, Scikit-learn, SQL",Not specified,Not specified,Not specified,Not specified,Not specified,37,Poor,"Skills, experience, education, responsibilities and salary missing",we need a person who can do machine learning engineer work contact us
Marketing Manager,"We are looking for a Marketing Manager to join our team. The successful candidate will use SEO, Google Ads, Analytics to support our projects and business goals. Candidates should have 1 year of relevant experience and a Bachelor degree. Strong communication, problem-solving, and teamwork skills are expected.","SEO, Google Ads, Analytics, Communication",1 year,Bachelor degree,"Analyze data, prepare reports, communicate findings, and support business decisions.",70000-130000,"Medical insurance, flexible hours, paid vacation",86,Good,,we are looking for a marketing manager to join our team the successful candidate will use seo google ads analytics to support our projects and business goals candidates should have 1 year of relevant experience and a bachelor degree strong communication problem solving and teamwork skills are expected
Web Developer,"We are looking for a Web Developer to join our team. The successful candidate will use HTML, CSS, JavaScript to support our projects and business goals. Candidates should have 3 years of relevant experience and a BS Computer Science. Strong communication, problem-solving, and teamwork skills are expected.","HTML, CSS, JavaScript, React",3 years,BS Computer Science,"Analyze data, prepare reports, communicate findings, and support business decisions.",90000-150000,"Medical insurance, flexible hours, paid vacation",98,Good,,we are looking for a web developer to join our team the successful candidate will use html css javascript to support our projects and business goals candidates should have 3 years of relevant experience and a bs computer science strong communication problem solving and teamwork skills are expected
Cybersecurity Analyst,"We are hiring a Cybersecurity Analyst. The candidate should have knowledge of Network Security, Linux. The role involves supporting company projects and completing assigned tasks.","Network Security, Linux, SIEM, Python",Not specified,BS Cybersecurity,"Manage projects, coordinate stakeholders, track deadlines, and resolve project risks.",80000-130000,"Health insurance, annual bonus, professional development",75,Average,Education requirement missing,we are hiring a cybersecurity analyst the candidate should have knowledge of network security linux the role involves supporting company projects and completing assigned tasks
Data Analyst,We need a person who can do Data Analyst work. Contact us.,"Python, SQL, Excel, Power BI",Not specified,Not specified,Not specified,Not specified,Not specified,34,Poor,"Skills, experience, education, responsibilities and salary missing",we need a person who can do data analyst work contact us
UI UX Designer,"We are hiring a UI UX Designer. The candidate should have knowledge of Figma, UI Design. The role involves supporting company projects and completing assigned tasks.","Figma, UI Design, UX Research, Prototyping",1 year,BS Design,"Create user-focused designs, review feedback, and collaborate with developers.",60000-100000,"Paid leave, training budget, performance bonus",79,Average,Salary information missing,we are hiring a ui ux designer the candidate should have knowledge of figma ui design the role involves supporting company projects and completing assigned tasks
HR Manager,"We are hiring a HR Manager. The candidate should have knowledge of Recruitment, HR Management. The role involves supporting company projects and completing assigned tasks.","Recruitment, HR Management, Communication",1 year,BS Human Resources,"Manage projects, coordinate stakeholders, track deadlines, and resolve project risks.",80000-130000,"Medical insurance, flexible hours, paid vacation",71,Average,Salary information missing,we are hiring a hr manager the candidate should have knowledge of recruitment hr management the role involves supporting company projects and completing assigned tasks
Sales Executive,"We are looking for a Sales Executive to join our team. The successful candidate will use Sales, CRM, Communication to support our projects and business goals. Candidates should have 1 year of relevant experience and a Bachelor degree. Strong communication, problem-solving, and teamwork skills are expected.","Sales, CRM, Communication, Negotiation",1 year,Bachelor degree,"Support customers, resolve queries, document interactions, and maintain service quality.",90000-130000,"Paid leave, training budget, performance bonus",89,Good,,we are looking for a sales executive to join our team the successful candidate will use sales crm communication to support our projects and business goals candidates should have 1 year of relevant experience and a bachelor degree strong communication problem solving and teamwork skills are expected
Data Analyst,"We are looking for a Data Analyst to join our team. The successful candidate will use Python, SQL, Excel to support our projects and business goals. Candidates should have 3 years of relevant experience and a BS Data Science. Strong communication, problem-solving, and teamwork skills are expected.","Python, SQL, Excel, Power BI",3 years,BS Data Science,"Analyze data, prepare reports, communicate findings, and support business decisions.",90000-140000,"Health insurance, paid leave, annual bonus",86,Good,,we are looking for a data analyst to join our team the successful candidate will use python sql excel to support our projects and business goals candidates should have 3 years of relevant experience and a bs data science strong communication problem solving and teamwork skills are expected
Customer Support Representative,"We are looking for a Customer Support Representative to join our team. The successful candidate will use Communication, CRM, Problem Solving to support our projects and business goals. Candidates should have 2-3 years of relevant experience and a Bachelor degree. Strong communication, problem-solving, and teamwork skills are expected.","Communication, CRM, Problem Solving",2-3 years,Bachelor degree,"Analyze data, prepare reports, communicate findings, and support business decisions.",90000-140000,"Medical insurance, flexible hours, paid vacation",94,Good,,we are looking for a customer support representative to join our team the successful candidate will use communication crm problem solving to support our projects and business goals candidates should have 2 3 years of relevant experience and a bachelor degree strong communication problem solving and teamwork skills are expected
Network Administrator,"We are looking for a Network Administrator to join our team. The successful candidate will use Networking, Cisco, TCP/IP to support our projects and business goals. Candidates should have 1 year of relevant experience and a BS Computer Science. Strong communication, problem-solving, and teamwork skills are expected.","Networking, Cisco, TCP/IP, Linux",1 year,BS Computer Science,"Manage records, prepare reports, monitor processes, and ensure accurate documentation.",50000-80000,"Medical insurance, flexible hours, paid vacation",90,Good,,we are looking for a network administrator to join our team the successful candidate will use networking cisco tcp ip to support our projects and business goals candidates should have 1 year of relevant experience and a bs computer science strong communication problem solving and teamwork skills are expected
Mobile App Developer,"We are hiring a Mobile App Developer. The candidate should have knowledge of Kotlin, Java. The role involves supporting company projects and completing assigned tasks.","Kotlin, Java, Android Studio",1 year,BS Computer Science,"Analyze data, prepare reports, communicate findings, and support business decisions.",Not specified,Not specified,70,Average,Responsibilities are limited,we are hiring a mobile app developer the candidate should have knowledge of kotlin java the role involves supporting company projects and completing assigned tasks
Marketing Manager,"We are looking for a Marketing Manager to join our team. The successful candidate will use SEO, Google Ads, Analytics to support our projects and business goals. Candidates should have 3-5 years of relevant experience and a Bachelor degree. Strong communication, problem-solving, and teamwork skills are expected.","SEO, Google Ads, Analytics, Communication",3-5 years,Bachelor degree,"Support customers, resolve queries, document interactions, and maintain service quality.",100000-150000,"Paid leave, training budget, performance bonus",98,Good,,we are looking for a marketing manager to join our team the successful candidate will use seo google ads analytics to support our projects and business goals candidates should have 3 5 years of relevant experience and a bachelor degree strong communication problem solving and teamwork skills are expected
Network Administrator,"We are hiring a Network Administrator. The candidate should have knowledge of Networking, Cisco. The role involves supporting company projects and completing assigned tasks.","Networking, Cisco, TCP/IP, Linux",Not specified,BS Computer Science,"Create user-focused designs, review feedback, and collaborate with developers.",Not specified,"Paid leave, training budget, performance bonus",60,Average,Experience requirement unclear,we are hiring a network administrator the candidate should have knowledge of networking cisco the role involves supporting company projects and completing assigned tasks
Marketing Manager,"We are hiring a Marketing Manager. The candidate should have knowledge of SEO, Google Ads. The role involves supporting company projects and completing assigned tasks.","SEO, Google Ads, Analytics, Communication",2 years,Bachelor degree,"Manage records, prepare reports, monitor processes, and ensure accurate documentation.",Not specified,"Paid leave, training budget, performance bonus",60,Average,Responsibilities are limited,we are hiring a marketing manager the candidate should have knowledge of seo google ads the role involves supporting company projects and completing assigned tasks
Mobile App Developer,"We are looking for a Mobile App Developer to join our team. The successful candidate will use Kotlin, Java, Android Studio to support our projects and business goals. Candidates should have 5 years of relevant experience and a BS Computer Science. Strong communication, problem-solving, and teamwork skills are expected.","Kotlin, Java, Android Studio",5 years,BS Computer Science,"Support customers, resolve queries, document interactions, and maintain service quality.",90000-130000,"Health insurance, paid leave, annual bonus",92,Good,,we are looking for a mobile app developer to join our team the successful candidate will use kotlin java android studio to support our projects and business goals candidates should have 5 years of relevant experience and a bs computer science strong communication problem solving and teamwork skills are expected
Cybersecurity Analyst,"We are hiring a Cybersecurity Analyst. The candidate should have knowledge of Network Security, Linux. The role involves supporting company projects and completing assigned tasks.","Network Security, Linux, SIEM, Python",Not specified,BS Cybersecurity,"Analyze data, prepare reports, communicate findings, and support business decisions.",Not specified,"Health insurance, annual bonus, professional development",67,Average,Education requirement missing,we are hiring a cybersecurity analyst the candidate should have knowledge of network security linux the role involves supporting company projects and completing assigned tasks
Business Analyst,We need a hardworking Business Analyst. Apply now.,"SQL, Excel, Requirements Analysis",Not specified,Not specified,Not specified,Not specified,Not specified,26,Poor,"Skills, experience, education, responsibilities and salary missing",we need a hardworking business analyst apply now
Database Administrator,"We are looking for a Database Administrator to join our team. The successful candidate will use SQL, MySQL, PostgreSQL to support our projects and business goals. Candidates should have 2 years of relevant experience and a BS Computer Science. Strong communication, problem-solving, and teamwork skills are expected.","SQL, MySQL, PostgreSQL, Backup",2 years,BS Computer Science,"Support customers, resolve queries, document interactions, and maintain service quality.",80000-120000,"Health insurance, annual bonus, professional development",97,Good,,we are looking for a database administrator to join our team the successful candidate will use sql mysql postgresql to support our projects and business goals candidates should have 2 years of relevant experience and a bs computer science strong communication problem solving and teamwork skills are expected
Teacher,We need a person who can do Teacher work. Contact us.,"Teaching, Communication, Lesson Planning",Not specified,Not specified,Not specified,Not specified,Not specified,43,Poor,"Skills, experience, education, responsibilities and salary missing",we need a person who can do teacher work contact us
Machine Learning Engineer,"We are hiring a Machine Learning Engineer. The candidate should have knowledge of Python, TensorFlow. The role involves supporting company projects and completing assigned tasks.","Python, TensorFlow, Scikit-learn, SQL",Not specified,BS Computer Science,"Support customers, resolve queries, document interactions, and maintain service quality.",80000-130000,"Health insurance, annual bonus, professional development",72,Average,Experience requirement unclear,we are hiring a machine learning engineer the candidate should have knowledge of python tensorflow the role involves supporting company projects and completing assigned tasks
Cybersecurity Analyst,"We are hiring a Cybersecurity Analyst. The candidate should have knowledge of Network Security, Linux. The role involves supporting company projects and completing assigned tasks.","Network Security, Linux, SIEM, Python",Not specified,BS Cybersecurity,"Manage projects, coordinate stakeholders, track deadlines, and resolve project risks.",80000-130000,Not specified,68,Average,Responsibilities are limited,we are hiring a cybersecurity analyst the candidate should have knowledge of network security linux the role involves supporting company projects and completing assigned tasks
Mobile App Developer,"We are looking for a Mobile App Developer to join our team. The successful candidate will use Kotlin, Java, Android Studio to support our projects and business goals. Candidates should have 2 years of relevant experience and a BS Computer Science. Strong communication, problem-solving, and teamwork skills are expected.","Kotlin, Java, Android Studio",2 years,BS Computer Science,"Manage projects, coordinate stakeholders, track deadlines, and resolve project risks.",70000-120000,"Medical insurance, flexible hours, paid vacation",97,Good,,we are looking for a mobile app developer to join our team the successful candidate will use kotlin java android studio to support our projects and business goals candidates should have 2 years of relevant experience and a bs computer science strong communication problem solving and teamwork skills are expected
HR Manager,"We are hiring a HR Manager. The candidate should have knowledge of Recruitment, HR Management. The role involves supporting company projects and completing assigned tasks.","Recruitment, HR Management, Communication",Not specified,BS Human Resources,"Manage projects, coordinate stakeholders, track deadlines, and resolve project risks.",Not specified,"Health insurance, annual bonus, professional development",75,Average,Experience requirement unclear,we are hiring a hr manager the candidate should have knowledge of recruitment hr management the role involves supporting company projects and completing assigned tasks
Content Writer,We need a person who can do Content Writer work. Contact us.,"Writing, SEO, Research",Not specified,Not specified,Not specified,Not specified,Not specified,28,Poor,Job responsibilities unclear and required skills missing,we need a person who can do content writer work contact us
Data Scientist,"We are hiring a Data Scientist. The candidate should have knowledge of Python, Pandas. The role involves supporting company projects and completing assigned tasks.","Python, Pandas, Scikit-learn, SQL",Not specified,BS Data Science,"Manage projects, coordinate stakeholders, track deadlines, and resolve project risks.",80000-130000,"Health insurance, annual bonus, professional development",64,Average,Experience requirement unclear,we are hiring a data scientist the candidate should have knowledge of python pandas the role involves supporting company projects and completing assigned tasks
Web Developer,"We are looking for a Web Developer to join our team. The successful candidate will use HTML, CSS, JavaScript to support our projects and business goals. Candidates should have 5 years of relevant experience and a BS Computer Science. Strong communication, problem-solving, and teamwork skills are expected.","HTML, CSS, JavaScript, React",5 years,BS Computer Science,"Manage records, prepare reports, monitor processes, and ensure accurate documentation.",50000-100000,"Health insurance, annual bonus, professional development",89,Good,,we are looking for a web developer to join our team the successful candidate will use html css javascript to support our projects and business goals candidates should have 5 years of relevant experience and a bs computer science strong communication problem solving and teamwork skills are expected
Mobile App Developer,"We are looking for a Mobile App Developer to join our team. The successful candidate will use Kotlin, Java, Android Studio to support our projects and business goals. Candidates should have 3-5 years of relevant experience and a BS Computer Science. Strong communication, problem-solving, and teamwork skills are expected.","Kotlin, Java, Android Studio",3-5 years,BS Computer Science,"Develop and maintain applications, collaborate with team members, test solutions, and fix issues.",70000-120000,"Medical insurance, flexible hours, paid vacation",94,Good,,we are looking for a mobile app developer to join our team the successful candidate will use kotlin java android studio to support our projects and business goals candidates should have 3 5 years of relevant experience and a bs computer science strong communication problem solving and teamwork skills are expected
Business Analyst,"We are looking for a Business Analyst to join our team. The successful candidate will use SQL, Excel, Requirements Analysis to support our projects and business goals. Candidates should have 1 year of relevant experience and a Bachelor degree. Strong communication, problem-solving, and teamwork skills are expected.","SQL, Excel, Requirements Analysis",1 year,Bachelor degree,"Develop and maintain applications, collaborate with team members, test solutions, and fix issues.",100000-140000,"Medical insurance, flexible hours, paid vacation",86,Good,,we are looking for a business analyst to join our team the successful candidate will use sql excel requirements analysis to support our projects and business goals candidates should have 1 year of relevant experience and a bachelor degree strong communication problem solving and teamwork skills are expected
Accountant,"We are looking for a Accountant to join our team. The successful candidate will use Excel, Accounting, QuickBooks to support our projects and business goals. Candidates should have 3 years of relevant experience and a BS Accounting. Strong communication, problem-solving, and teamwork skills are expected.","Excel, Accounting, QuickBooks",3 years,BS Accounting,"Support customers, resolve queries, document interactions, and maintain service quality.",50000-90000,"Health insurance, paid leave, annual bonus",87,Good,,we are looking for a accountant to join our team the successful candidate will use excel accounting quickbooks to support our projects and business goals candidates should have 3 years of relevant experience and a bs accounting strong communication problem solving and teamwork skills are expected
Accountant,"We are hiring a Accountant. The candidate should have knowledge of Excel, Accounting. The role involves supporting company projects and completing assigned tasks.","Excel, Accounting, QuickBooks",2 years,BS Accounting,"Manage projects, coordinate stakeholders, track deadlines, and resolve project risks.",80000-130000,"Medical insurance, flexible hours, paid vacation",70,Average,Experience requirement unclear,we are hiring a accountant the candidate should have knowledge of excel accounting the role involves supporting company projects and completing assigned tasks
Web Developer,We need a hardworking Web Developer. Apply now.,"HTML, CSS, JavaScript, React",Not specified,Not specified,Not specified,Not specified,Not specified,40,Poor,"Experience, education, salary and benefits missing",we need a hardworking web developer apply now
Graphic Designer,"We are hiring a Graphic Designer. The candidate should have knowledge of Photoshop, Illustrator. The role involves supporting company projects and completing assigned tasks.","Photoshop, Illustrator, Canva",Not specified,Bachelor degree,"Create user-focused designs, review feedback, and collaborate with developers.",60000-100000,"Medical insurance, flexible hours, paid vacation",65,Average,Education requirement missing,we are hiring a graphic designer the candidate should have knowledge of photoshop illustrator the role involves supporting company projects and completing assigned tasks
Customer Support Representative,We need a hardworking Customer Support Representative. Apply now.,"Communication, CRM, Problem Solving",Not specified,Not specified,Not specified,Not specified,Not specified,49,Poor,"Experience, education, salary and benefits missing",we need a hardworking customer support representative apply now
HR Manager,We need a hardworking HR Manager. Apply now.,"Recruitment, HR Management, Communication",Not specified,Not specified,Not specified,Not specified,Not specified,29,Poor,"Experience, education, salary and benefits missing",we need a hardworking hr manager apply now
Teacher,"We are looking for a Teacher to join our team. The successful candidate will use Teaching, Communication, Lesson Planning to support our projects and business goals. Candidates should have 2-3 years of relevant experience and a Bachelor degree. Strong communication, problem-solving, and teamwork skills are expected.","Teaching, Communication, Lesson Planning",2-3 years,Bachelor degree,"Analyze data, prepare reports, communicate findings, and support business decisions.",70000-130000,"Health insurance, annual bonus, professional development",98,Good,,we are looking for a teacher to join our team the successful candidate will use teaching communication lesson planning to support our projects and business goals candidates should have 2 3 years of relevant experience and a bachelor degree strong communication problem solving and teamwork skills are expected
Network Administrator,"We are hiring a Network Administrator. The candidate should have knowledge of Networking, Cisco. The role involves supporting company projects and completing assigned tasks.","Networking, Cisco, TCP/IP, Linux",1 year,BS Computer Science,"Analyze data, prepare reports, communicate findings, and support business decisions.",60000-100000,"Paid leave, training budget, performance bonus",74,Average,Experience requirement unclear,we are hiring a network administrator the candidate should have knowledge of networking cisco the role involves supporting company projects and completing assigned tasks
Cybersecurity Analyst,"We are looking for a Cybersecurity Analyst to join our team. The successful candidate will use Network Security, Linux, SIEM to support our projects and business goals. Candidates should have 2-3 years of relevant experience and a BS Cybersecurity. Strong communication, problem-solving, and teamwork skills are expected.","Network Security, Linux, SIEM, Python",2-3 years,BS Cybersecurity,"Support customers, resolve queries, document interactions, and maintain service quality.",70000-110000,"Medical insurance, flexible hours, paid vacation",98,Good,,we are looking for a cybersecurity analyst to join our team the successful candidate will use network security linux siem to support our projects and business goals candidates should have 2 3 years of relevant experience and a bs cybersecurity strong communication problem solving and teamwork skills are expected
Customer Support Representative,"We are hiring a Customer Support Representative. The candidate should have knowledge of Communication, CRM. The role involves supporting company projects and completing assigned tasks.","Communication, CRM, Problem Solving",1 year,Bachelor degree,"Manage projects, coordinate stakeholders, track deadlines, and resolve project risks.",60000-100000,"Health insurance, annual bonus, professional development",67,Average,Education requirement missing,we are hiring a customer support representative the candidate should have knowledge of communication crm the role involves supporting company projects and completing assigned tasks
Project Manager,"We are looking for a Project Manager to join our team. The successful candidate will use Agile, Jira, Communication to support our projects and business goals. Candidates should have 3 years of relevant experience and a BS Management. Strong communication, problem-solving, and teamwork skills are expected.","Agile, Jira, Communication, Risk Management",3 years,BS Management,"Support customers, resolve queries, document interactions, and maintain service quality.",70000-120000,"Paid leave, training budget, performance bonus",96,Good,,we are looking for a project manager to join our team the successful candidate will use agile jira communication to support our projects and business goals candidates should have 3 years of relevant experience and a bs management strong communication problem solving and teamwork skills are expected
Business Analyst,"We are looking for a Business Analyst to join our team. The successful candidate will use SQL, Excel, Requirements Analysis to support our projects and business goals. Candidates should have 5 years of relevant experience and a Bachelor degree. Strong communication, problem-solving, and teamwork skills are expected.","SQL, Excel, Requirements Analysis",5 years,Bachelor degree,"Manage records, prepare reports, monitor processes, and ensure accurate documentation.",70000-110000,"Health insurance, paid leave, annual bonus",86,Good,,we are looking for a business analyst to join our team the successful candidate will use sql excel requirements analysis to support our projects and business goals candidates should have 5 years of relevant experience and a bachelor degree strong communication problem solving and teamwork skills are expected
Database Administrator,"We are looking for a Database Administrator to join our team. The successful candidate will use SQL, MySQL, PostgreSQL to support our projects and business goals. Candidates should have 3 years of relevant experience and a BS Computer Science. Strong communication, problem-solving, and teamwork skills are expected.","SQL, MySQL, PostgreSQL, Backup",3 years,BS Computer Science,"Manage records, prepare reports, monitor processes, and ensure accurate documentation.",100000-150000,"Health insurance, paid leave, annual bonus",89,Good,,we are looking for a database administrator to join our team the successful candidate will use sql mysql postgresql to support our projects and business goals candidates should have 3 years of relevant experience and a bs computer science strong communication problem solving and teamwork skills are expected
Sales Executive,"We are hiring a Sales Executive. The candidate should have knowledge of Sales, CRM. The role involves supporting company projects and completing assigned tasks.","Sales, CRM, Communication, Negotiation",1 year,Bachelor degree,"Analyze data, prepare reports, communicate findings, and support business decisions.",60000-100000,"Health insurance, annual bonus, professional development",74,Average,Responsibilities are limited,we are hiring a sales executive the candidate should have knowledge of sales crm the role involves supporting company projects and completing assigned tasks
Sales Executive,"We are looking for a Sales Executive to join our team. The successful candidate will use Sales, CRM, Communication to support our projects and business goals. Candidates should have 3-5 years of relevant experience and a Bachelor degree. Strong communication, problem-solving, and teamwork skills are expected.","Sales, CRM, Communication, Negotiation",3-5 years,Bachelor degree,"Manage records, prepare reports, monitor processes, and ensure accurate documentation.",80000-120000,"Medical insurance, flexible hours, paid vacation",97,Good,,we are looking for a sales executive to join our team the successful candidate will use sales crm communication to support our projects and business goals candidates should have 3 5 years of relevant experience and a bachelor degree strong communication problem solving and teamwork skills are expected
Teacher,We need a hardworking Teacher. Apply now.,"Teaching, Communication, Lesson Planning",Not specified,Not specified,Not specified,Not specified,Not specified,36,Poor,Job responsibilities unclear and required skills missing,we need a hardworking teacher apply now
Network Administrator,"We are hiring a Network Administrator. The candidate should have knowledge of Networking, Cisco. The role involves supporting company projects and completing assigned tasks.","Networking, Cisco, TCP/IP, Linux",1 year,BS Computer Science,"Develop and maintain applications, collaborate with team members, test solutions, and fix issues.",Not specified,"Health insurance, paid leave, annual bonus",77,Average,Responsibilities are limited,we are hiring a network administrator the candidate should have knowledge of networking cisco the role involves supporting company projects and completing assigned tasks
UI UX Designer,"We are hiring a UI UX Designer. The candidate should have knowledge of Figma, UI Design. The role involves supporting company projects and completing assigned tasks.","Figma, UI Design, UX Research, Prototyping",1 year,BS Design,"Support customers, resolve queries, document interactions, and maintain service quality.",60000-100000,"Paid leave, training budget, performance bonus",74,Average,Education requirement missing,we are hiring a ui ux designer the candidate should have knowledge of figma ui design the role involves supporting company projects and completing assigned tasks
UI UX Designer,"We are hiring a UI UX Designer. The candidate should have knowledge of Figma, UI Design. The role involves supporting company projects and completing assigned tasks.","Figma, UI Design, UX Research, Prototyping",2 years,BS Design,"Create user-focused designs, review feedback, and collaborate with developers.",60000-100000,Not specified,61,Average,Salary information missing,we are hiring a ui ux designer the candidate should have knowledge of figma ui design the role involves supporting company projects and completing assigned tasks
Machine Learning Engineer,"We are hiring a Machine Learning Engineer. The candidate should have knowledge of Python, TensorFlow. The role involves supporting company projects and completing assigned tasks.","Python, TensorFlow, Scikit-learn, SQL",2 years,BS Computer Science,"Support customers, resolve queries, document interactions, and maintain service quality.",Not specified,"Health insurance, paid leave, annual bonus",74,Average,Experience requirement unclear,we are hiring a machine learning engineer the candidate should have knowledge of python tensorflow the role involves supporting company projects and completing assigned tasks
Software Developer,"We are looking for a Software Developer to join our team. The successful candidate will use Python, Java, C++ to support our projects and business goals. Candidates should have 1 year of relevant experience and a BS Computer Science. Strong communication, problem-solving, and teamwork skills are expected.","Python, Java, C++, Git",1 year,BS Computer Science,"Develop and maintain applications, collaborate with team members, test solutions, and fix issues.",100000-140000,"Health insurance, paid leave, annual bonus",91,Good,,we are looking for a software developer to join our team the successful candidate will use python java c to support our projects and business goals candidates should have 1 year of relevant experience and a bs computer science strong communication problem solving and teamwork skills are expected
Sales Executive,"We are hiring a Sales Executive. The candidate should have knowledge of Sales, CRM. The role involves supporting company projects and completing assigned tasks.","Sales, CRM, Communication, Negotiation",Not specified,Bachelor degree,"Create user-focused designs, review feedback, and collaborate with developers.",60000-100000,"Health insurance, paid leave, annual bonus",61,Average,Experience requirement unclear,we are hiring a sales executive the candidate should have knowledge of sales crm the role involves supporting company projects and completing assigned tasks
Accountant,"We are looking for a Accountant to join our team. The successful candidate will use Excel, Accounting, QuickBooks to support our projects and business goals. Candidates should have 2 years of relevant experience and a BS Accounting. Strong communication, problem-solving, and teamwork skills are expected.","Excel, Accounting, QuickBooks",2 years,BS Accounting,"Create user-focused designs, review feedback, and collaborate with developers.",100000-160000,"Paid leave, training budget, performance bonus",92,Good,,we are looking for a accountant to join our team the successful candidate will use excel accounting quickbooks to support our projects and business goals candidates should have 2 years of relevant experience and a bs accounting strong communication problem solving and teamwork skills are expected
Customer Support Representative,"We are looking for a Customer Support Representative to join our team. The successful candidate will use Communication, CRM, Problem Solving to support our projects and business goals. Candidates should have 5 years of relevant experience and a Bachelor degree. Strong communication, problem-solving, and teamwork skills are expected.","Communication, CRM, Problem Solving",5 years,Bachelor degree,"Develop and maintain applications, collaborate with team members, test solutions, and fix issues.",100000-140000,"Paid leave, training budget, performance bonus",87,Good,,we are looking for a customer support representative to join our team the successful candidate will use communication crm problem solving to support our projects and business goals candidates should have 5 years of relevant experience and a bachelor degree strong communication problem solving and teamwork skills are expected
Content Writer,"We are looking for a Content Writer to join our team. The successful candidate will use Writing, SEO, Research to support our projects and business goals. Candidates should have 2 years of relevant experience and a Bachelor degree. Strong communication, problem-solving, and teamwork skills are expected.","Writing, SEO, Research",2 years,Bachelor degree,"Develop and maintain applications, collaborate with team members, test solutions, and fix issues.",100000-140000,"Health insurance, paid leave, annual bonus",89,Good,,we are looking for a content writer to join our team the successful candidate will use writing seo research to support our projects and business goals candidates should have 2 years of relevant experience and a bachelor degree strong communication problem solving and teamwork skills are expected
Database Administrator,"We are hiring a Database Administrator. The candidate should have knowledge of SQL, MySQL. The role involves supporting company projects and completing assigned tasks.","SQL, MySQL, PostgreSQL, Backup",Not specified,BS Computer Science,"Create user-focused designs, review feedback, and collaborate with developers.",80000-130000,Not specified,67,Average,Benefits information missing,we are hiring a database administrator the candidate should have knowledge of sql mysql the role involves supporting company projects and completing assigned tasks
Database Administrator,"We are looking for a Database Administrator to join our team. The successful candidate will use SQL, MySQL, PostgreSQL to support our projects and business goals. Candidates should have 2-3 years of relevant experience and a BS Computer Science. Strong communication, problem-solving, and teamwork skills are expected.","SQL, MySQL, PostgreSQL, Backup",2-3 years,BS Computer Science,"Manage records, prepare reports, monitor processes, and ensure accurate documentation.",60000-90000,"Health insurance, paid leave, annual bonus",91,Good,,we are looking for a database administrator to join our team the successful candidate will use sql mysql postgresql to support our projects and business goals candidates should have 2 3 years of relevant experience and a bs computer science strong communication problem solving and teamwork skills are expected
Teacher,We need a hardworking Teacher. Apply now.,"Teaching, Communication, Lesson Planning",Not specified,Not specified,Not specified,Not specified,Not specified,27,Poor,"Skills, experience, education, responsibilities and salary missing",we need a hardworking teacher apply now
Data Analyst,"We are looking for a Data Analyst to join our team. The successful candidate will use Python, SQL, Excel to support our projects and business goals. Candidates should have 1 year of relevant experience and a BS Data Science. Strong communication, problem-solving, and teamwork skills are expected.","Python, SQL, Excel, Power BI",1 year,BS Data Science,"Manage records, prepare reports, monitor processes, and ensure accurate documentation.",80000-110000,"Medical insurance, flexible hours, paid vacation",85,Good,,we are looking for a data analyst to join our team the successful candidate will use python sql excel to support our projects and business goals candidates should have 1 year of relevant experience and a bs data science strong communication problem solving and teamwork skills are expected
Customer Support Representative,"We are looking for a Customer Support Representative to join our team. The successful candidate will use Communication, CRM, Problem Solving to support our projects and business goals. Candidates should have 3-5 years of relevant experience and a Bachelor degree. Strong communication, problem-solving, and teamwork skills are expected.","Communication, CRM, Problem Solving",3-5 years,Bachelor degree,"Support customers, resolve queries, document interactions, and maintain service quality.",60000-90000,"Medical insurance, flexible hours, paid vacation",89,Good,,we are looking for a customer support representative to join our team the successful candidate will use communication crm problem solving to support our projects and business goals candidates should have 3 5 years of relevant experience and a bachelor degree strong communication problem solving and teamwork skills are expected
Graphic Designer,We need a person who can do Graphic Designer work. Contact us.,"Photoshop, Illustrator, Canva",Not specified,Not specified,Not specified,Not specified,Not specified,38,Poor,Job responsibilities unclear and required skills missing,we need a person who can do graphic designer work contact us
Business Analyst,"We are hiring a Business Analyst. The candidate should have knowledge of SQL, Excel. The role involves supporting company projects and completing assigned tasks.","SQL, Excel, Requirements Analysis",Not specified,Bachelor degree,"Manage projects, coordinate stakeholders, track deadlines, and resolve project risks.",80000-130000,"Medical insurance, flexible hours, paid vacation",64,Average,Responsibilities are limited,we are hiring a business analyst the candidate should have knowledge of sql excel the role involves supporting company projects and completing assigned tasks
Graphic Designer,"We are looking for a Graphic Designer to join our team. The successful candidate will use Photoshop, Illustrator, Canva to support our projects and business goals. Candidates should have 2-3 years of relevant experience and a Bachelor degree. Strong communication, problem-solving, and teamwork skills are expected.","Photoshop, Illustrator, Canva",2-3 years,Bachelor degree,"Support customers, resolve queries, document interactions, and maintain service quality.",50000-90000,"Health insurance, annual bonus, professional development",92,Good,,we are looking for a graphic designer to join our team the successful candidate will use photoshop illustrator canva to support our projects and business goals candidates should have 2 3 years of relevant experience and a bachelor degree strong communication problem solving and teamwork skills are expected
Web Developer,We need a person who can do Web Developer work. Contact us.,"HTML, CSS, JavaScript, React",Not specified,Not specified,Not specified,Not specified,Not specified,41,Poor,Job responsibilities unclear and required skills missing,we need a person who can do web developer work contact us
Network Administrator,"We are looking for a Network Administrator to join our team. The successful candidate will use Networking, Cisco, TCP/IP to support our projects and business goals. Candidates should have 3 years of relevant experience and a BS Computer Science. Strong communication, problem-solving, and teamwork skills are expected.","Networking, Cisco, TCP/IP, Linux",3 years,BS Computer Science,"Create user-focused designs, review feedback, and collaborate with developers.",80000-120000,"Paid leave, training budget, performance bonus",87,Good,,we are looking for a network administrator to join our team the successful candidate will use networking cisco tcp ip to support our projects and business goals candidates should have 3 years of relevant experience and a bs computer science strong communication problem solving and teamwork skills are expected
Content Writer,"We are hiring a Content Writer. The candidate should have knowledge of Writing, SEO. The role involves supporting company projects and completing assigned tasks.","Writing, SEO, Research",1 year,Bachelor degree,"Create user-focused designs, review feedback, and collaborate with developers.",80000-130000,"Medical insurance, flexible hours, paid vacation",61,Average,Responsibilities are limited,we are hiring a content writer the candidate should have knowledge of writing seo the role involves supporting company projects and completing assigned tasks
Accountant,We need a person who can do Accountant work. Contact us.,"Excel, Accounting, QuickBooks",Not specified,Not specified,Not specified,Not specified,Not specified,36,Poor,"Skills, experience, education, responsibilities and salary missing",we need a person who can do accountant work contact us
Customer Support Representative,"We are looking for a Customer Support Representative to join our team. The successful candidate will use Communication, CRM, Problem Solving to support our projects and business goals. Candidates should have 2 years of relevant experience and a Bachelor degree. Strong communication, problem-solving, and teamwork skills are expected.","Communication, CRM, Problem Solving",2 years,Bachelor degree,"Manage projects, coordinate stakeholders, track deadlines, and resolve project risks.",70000-100000,"Health insurance, annual bonus, professional development",86,Good,,we are looking for a customer support representative to join our team the successful candidate will use communication crm problem solving to support our projects and business goals candidates should have 2 years of relevant experience and a bachelor degree strong communication problem solving and teamwork skills are expected
Content Writer,"We are hiring a Content Writer. The candidate should have knowledge of Writing, SEO. The role involves supporting company projects and completing assigned tasks.","Writing, SEO, Research",1 year,Bachelor degree,"Create user-focused designs, review feedback, and collaborate with developers.",60000-100000,"Paid leave, training budget, performance bonus",79,Average,Responsibilities are limited,we are hiring a content writer the candidate should have knowledge of writing seo the role involves supporting company projects and completing assigned tasks
Web Developer,We need a hardworking Web Developer. Apply now.,"HTML, CSS, JavaScript, React",Not specified,Not specified,Not specified,Not specified,Not specified,45,Poor,"Experience, education, salary and benefits missing",we need a hardworking web developer apply now
Content Writer,"We are looking for a Content Writer to join our team. The successful candidate will use Writing, SEO, Research to support our projects and business goals. Candidates should have 2 years of relevant experience and a Bachelor degree. Strong communication, problem-solving, and teamwork skills are expected.","Writing, SEO, Research",2 years,Bachelor degree,"Analyze data, prepare reports, communicate findings, and support business decisions.",70000-120000,"Health insurance, paid leave, annual bonus",88,Good,,we are looking for a content writer to join our team the successful candidate will use writing seo research to support our projects and business goals candidates should have 2 years of relevant experience and a bachelor degree strong communication problem solving and teamwork skills are expected
Data Scientist,"We are hiring a Data Scientist. The candidate should have knowledge of Python, Pandas. The role involves supporting company projects and completing assigned tasks.","Python, Pandas, Scikit-learn, SQL",2 years,BS Data Science,"Manage records, prepare reports, monitor processes, and ensure accurate documentation.",60000-100000,Not specified,66,Average,Salary information missing,we are hiring a data scientist the candidate should have knowledge of python pandas the role involves supporting company projects and completing assigned tasks
Graphic Designer,"We are hiring a Graphic Designer. The candidate should have knowledge of Photoshop, Illustrator. The role involves supporting company projects and completing assigned tasks.","Photoshop, Illustrator, Canva",2 years,Bachelor degree,"Support customers, resolve queries, document interactions, and maintain service quality.",80000-130000,"Health insurance, annual bonus, professional development",71,Average,Experience requirement unclear,we are hiring a graphic designer the candidate should have knowledge of photoshop illustrator the role involves supporting company projects and completing assigned tasks
Project Manager,"We are looking for a Project Manager to join our team. The successful candidate will use Agile, Jira, Communication to support our projects and business goals. Candidates should have 3 years of relevant experience and a BS Management. Strong communication, problem-solving, and teamwork skills are expected.","Agile, Jira, Communication, Risk Management",3 years,BS Management,"Manage projects, coordinate stakeholders, track deadlines, and resolve project risks.",80000-110000,"Health insurance, annual bonus, professional development",88,Good,,we are looking for a project manager to join our team the successful candidate will use agile jira communication to support our projects and business goals candidates should have 3 years of relevant experience and a bs management strong communication problem solving and teamwork skills are expected
Sales Executive,"We are looking for a Sales Executive to join our team. The successful candidate will use Sales, CRM, Communication to support our projects and business goals. Candidates should have 1 year of relevant experience and a Bachelor degree. Strong communication, problem-solving, and teamwork skills are expected.","Sales, CRM, Communication, Negotiation",1 year,Bachelor degree,"Develop and maintain applications, collaborate with team members, test solutions, and fix issues.",90000-130000,"Medical insurance, flexible hours, paid vacation",89,Good,,we are looking for a sales executive to join our team the successful candidate will use sales crm communication to support our projects and business goals candidates should have 1 year of relevant experience and a bachelor degree strong communication problem solving and teamwork skills are expected
Content Writer,We need a person who can do Content Writer work. Contact us.,"Writing, SEO, Research",Not specified,Not specified,Not specified,Not specified,Not specified,43,Poor,Job responsibilities unclear and required skills missing,we need a person who can do content writer work contact us
HR Manager,"We are looking for a HR Manager to join our team. The successful candidate will use Recruitment, HR Management, Communication to support our projects and business goals. Candidates should have 2-3 years of relevant experience and a BS Human Resources. Strong communication, problem-solving, and teamwork skills are expected.","Recruitment, HR Management, Communication",2-3 years,BS Human Resources,"Create user-focused designs, review feedback, and collaborate with developers.",60000-120000,"Medical insurance, flexible hours, paid vacation",93,Good,,we are looking for a hr manager to join our team the successful candidate will use recruitment hr management communication to support our projects and business goals candidates should have 2 3 years of relevant experience and a bs human resources strong communication problem solving and teamwork skills are expected
Marketing Manager,"We are looking for a Marketing Manager to join our team. The successful candidate will use SEO, Google Ads, Analytics to support our projects and business goals. Candidates should have 3 years of relevant experience and a Bachelor degree. Strong communication, problem-solving, and teamwork skills are expected.","SEO, Google Ads, Analytics, Communication",3 years,Bachelor degree,"Analyze data, prepare reports, communicate findings, and support business decisions.",100000-160000,"Health insurance, annual bonus, professional development",96,Good,,we are looking for a marketing manager to join our team the successful candidate will use seo google ads analytics to support our projects and business goals candidates should have 3 years of relevant experience and a bachelor degree strong communication problem solving and teamwork skills are expected
Sales Executive,"We are looking for a Sales Executive to join our team. The successful candidate will use Sales, CRM, Communication to support our projects and business goals. Candidates should have 5 years of relevant experience and a Bachelor degree. Strong communication, problem-solving, and teamwork skills are expected.","Sales, CRM, Communication, Negotiation",5 years,Bachelor degree,"Support customers, resolve queries, document interactions, and maintain service quality.",90000-150000,"Medical insurance, flexible hours, paid vacation",95,Good,,we are looking for a sales executive to join our team the successful candidate will use sales crm communication to support our projects and business goals candidates should have 5 years of relevant experience and a bachelor degree strong communication problem solving and teamwork skills are expected
Web Developer,"We are hiring a Web Developer. The candidate should have knowledge of HTML, CSS. The role involves supporting company projects and completing assigned tasks.","HTML, CSS, JavaScript, React",1 year,BS Computer Science,"Develop and maintain applications, collaborate with team members, test solutions, and fix issues.",Not specified,"Health insurance, paid leave, annual bonus",73,Average,Benefits information missing,we are hiring a web developer the candidate should have knowledge of html css the role involves supporting company projects and completing assigned tasks
Graphic Designer,"We are looking for a Graphic Designer to join our team. The successful candidate will use Photoshop, Illustrator, Canva to support our projects and business goals. Candidates should have 2 years of relevant experience and a Bachelor degree. Strong communication, problem-solving, and teamwork skills are expected.","Photoshop, Illustrator, Canva",2 years,Bachelor degree,"Manage projects, coordinate stakeholders, track deadlines, and resolve project risks.",50000-90000,"Health insurance, annual bonus, professional development",85,Good,,we are looking for a graphic designer to join our team the successful candidate will use photoshop illustrator canva to support our projects and business goals candidates should have 2 years of relevant experience and a bachelor degree strong communication problem solving and teamwork skills are expected
Teacher,"We are hiring a Teacher. The candidate should have knowledge of Teaching, Communication. The role involves supporting company projects and completing assigned tasks.","Teaching, Communication, Lesson Planning",Not specified,Bachelor degree,"Develop and maintain applications, collaborate with team members, test solutions, and fix issues.",80000-130000,"Health insurance, annual bonus, professional development",60,Average,Responsibilities are limited,we are hiring a teacher the candidate should have knowledge of teaching communication the role involves supporting company projects and completing assigned tasks
Content Writer,"We are looking for a Content Writer to join our team. The successful candidate will use Writing, SEO, Research to support our projects and business goals. Candidates should have 1 year of relevant experience and a Bachelor degree. Strong communication, problem-solving, and teamwork skills are expected.","Writing, SEO, Research",1 year,Bachelor degree,"Develop and maintain applications, collaborate with team members, test solutions, and fix issues.",90000-140000,"Paid leave, training budget, performance bonus",93,Good,,we are looking for a content writer to join our team the successful candidate will use writing seo research to support our projects and business goals candidates should have 1 year of relevant experience and a bachelor degree strong communication problem solving and teamwork skills are expected
Accountant,We need a hardworking Accountant. Apply now.,"Excel, Accounting, QuickBooks",Not specified,Not specified,Not specified,Not specified,Not specified,23,Poor,"Skills, experience, education, responsibilities and salary missing",we need a hardworking accountant apply now
Network Administrator,"We are looking for a Network Administrator to join our team. The successful candidate will use Networking, Cisco, TCP/IP to support our projects and business goals. Candidates should have 2 years of relevant experience and a BS Computer Science. Strong communication, problem-solving, and teamwork skills are expected.","Networking, Cisco, TCP/IP, Linux",2 years,BS Computer Science,"Manage projects, coordinate stakeholders, track deadlines, and resolve project risks.",90000-140000,"Paid leave, training budget, performance bonus",97,Good,,we are looking for a network administrator to join our team the successful candidate will use networking cisco tcp ip to support our projects and business goals candidates should have 2 years of relevant experience and a bs computer science strong communication problem solving and teamwork skills are expected
Customer Support Representative,"We are looking for a Customer Support Representative to join our team. The successful candidate will use Communication, CRM, Problem Solving to support our projects and business goals. Candidates should have 3 years of relevant experience and a Bachelor degree. Strong communication, problem-solving, and teamwork skills are expected.","Communication, CRM, Problem Solving",3 years,Bachelor degree,"Manage projects, coordinate stakeholders, track deadlines, and resolve project risks.",80000-120000,"Medical insurance, flexible hours, paid vacation",95,Good,,we are looking for a customer support representative to join our team the successful candidate will use communication crm problem solving to support our projects and business goals candidates should have 3 years of relevant experience and a bachelor degree strong communication problem solving and teamwork skills are expected
Data Analyst,"We are hiring a Data Analyst. The candidate should have knowledge of Python, SQL. The role involves supporting company projects and completing assigned tasks.","Python, SQL, Excel, Power BI",Not specified,BS Data Science,"Create user-focused designs, review feedback, and collaborate with developers.",60000-100000,"Health insurance, paid leave, annual bonus",72,Average,Salary information missing,we are hiring a data analyst the candidate should have knowledge of python sql the role involves supporting company projects and completing assigned tasks
Content Writer,"We are hiring a Content Writer. The candidate should have knowledge of Writing, SEO. The role involves supporting company projects and completing assigned tasks.","Writing, SEO, Research",Not specified,Bachelor degree,"Develop and maintain applications, collaborate with team members, test solutions, and fix issues.",60000-100000,"Medical insurance, flexible hours, paid vacation",75,Average,Salary information missing,we are hiring a content writer the candidate should have knowledge of writing seo the role involves supporting company projects and completing assigned tasks
Marketing Manager,"We are hiring a Marketing Manager. The candidate should have knowledge of SEO, Google Ads. The role involves supporting company projects and completing assigned tasks.","SEO, Google Ads, Analytics, Communication",1 year,Bachelor degree,"Analyze data, prepare reports, communicate findings, and support business decisions.",Not specified,"Health insurance, paid leave, annual bonus",66,Average,Responsibilities are limited,we are hiring a marketing manager the candidate should have knowledge of seo google ads the role involves supporting company projects and completing assigned tasks
Mobile App Developer,"We are looking for a Mobile App Developer to join our team. The successful candidate will use Kotlin, Java, Android Studio to support our projects and business goals. Candidates should have 1 year of relevant experience and a BS Computer Science. Strong communication, problem-solving, and teamwork skills are expected.","Kotlin, Java, Android Studio",1 year,BS Computer Science,"Analyze data, prepare reports, communicate findings, and support business decisions.",100000-150000,"Health insurance, paid leave, annual bonus",98,Good,,we are looking for a mobile app developer to join our team the successful candidate will use kotlin java android studio to support our projects and business goals candidates should have 1 year of relevant experience and a bs computer science strong communication problem solving and teamwork skills are expected
Marketing Manager,"We are looking for a Marketing Manager to join our team. The successful candidate will use SEO, Google Ads, Analytics to support our projects and business goals. Candidates should have 2 years of relevant experience and a Bachelor degree. Strong communication, problem-solving, and teamwork skills are expected.","SEO, Google Ads, Analytics, Communication",2 years,Bachelor degree,"Develop and maintain applications, collaborate with team members, test solutions, and fix issues.",90000-130000,"Health insurance, annual bonus, professional development",89,Good,,we are looking for a marketing manager to join our team the successful candidate will use seo google ads analytics to support our projects and business goals candidates should have 2 years of relevant experience and a bachelor degree strong communication problem solving and teamwork skills are expected
Cybersecurity Analyst,"We are hiring a Cybersecurity Analyst. The candidate should have knowledge of Network Security, Linux. The role involves supporting company projects and completing assigned tasks.","Network Security, Linux, SIEM, Python",Not specified,BS Cybersecurity,"Manage projects, coordinate stakeholders, track deadlines, and resolve project risks.",80000-130000,Not specified,72,Average,Benefits information missing,we are hiring a cybersecurity analyst the candidate should have knowledge of network security linux the role involves supporting company projects and completing assigned tasks
Data Analyst,"We are hiring a Data Analyst. The candidate should have knowledge of Python, SQL. The role involves supporting company projects and completing assigned tasks.","Python, SQL, Excel, Power BI",2 years,BS Data Science,"Create user-focused designs, review feedback, and collaborate with developers.",60000-100000,"Health insurance, paid leave, annual bonus",67,Average,Education requirement missing,we are hiring a data analyst the candidate should have knowledge of python sql the role involves supporting company projects and completing assigned tasks
Marketing Manager,"We are hiring a Marketing Manager. The candidate should have knowledge of SEO, Google Ads. The role involves supporting company projects and completing assigned tasks.","SEO, Google Ads, Analytics, Communication",Not specified,Bachelor degree,"Manage projects, coordinate stakeholders, track deadlines, and resolve project risks.",Not specified,"Health insurance, annual bonus, professional development",60,Average,Experience requirement unclear,we are hiring a marketing manager the candidate should have knowledge of seo google ads the role involves supporting company projects and completing assigned tasks
Database Administrator,"We are hiring a Database Administrator. The candidate should have knowledge of SQL, MySQL. The role involves supporting company projects and completing assigned tasks.","SQL, MySQL, PostgreSQL, Backup",2 years,BS Computer Science,"Create user-focused designs, review feedback, and collaborate with developers.",Not specified,"Health insurance, annual bonus, professional development",65,Average,Responsibilities are limited,we are hiring a database administrator the candidate should have knowledge of sql mysql the role involves supporting company projects and completing assigned tasks
Customer Support Representative,"We are looking for a Customer Support Representative to join our team. The successful candidate will use Communication, CRM, Problem Solving to support our projects and business goals. Candidates should have 3-5 years of relevant experience and a Bachelor degree. Strong communication, problem-solving, and teamwork skills are expected.","Communication, CRM, Problem Solving",3-5 years,Bachelor degree,"Develop and maintain applications, collaborate with team members, test solutions, and fix issues.",70000-110000,"Health insurance, paid leave, annual bonus",89,Good,,we are looking for a customer support representative to join our team the successful candidate will use communication crm problem solving to support our projects and business goals candidates should have 3 5 years of relevant experience and a bachelor degree strong communication problem solving and teamwork skills are expected
Machine Learning Engineer,"We are looking for a Machine Learning Engineer to join our team. The successful candidate will use Python, TensorFlow, Scikit-learn to support our projects and business goals. Candidates should have 5 years of relevant experience and a BS Computer Science. Strong communication, problem-solving, and teamwork skills are expected.","Python, TensorFlow, Scikit-learn, SQL",5 years,BS Computer Science,"Manage projects, coordinate stakeholders, track deadlines, and resolve project risks.",60000-120000,"Paid leave, training budget, performance bonus",86,Good,,we are looking for a machine learning engineer to join our team the successful candidate will use python tensorflow scikit learn to support our projects and business goals candidates should have 5 years of relevant experience and a bs computer science strong communication problem solving and teamwork skills are expected
Data Analyst,"We are looking for a Data Analyst to join our team. The successful candidate will use Python, SQL, Excel to support our projects and business goals. Candidates should have 2-3 years of relevant experience and a BS Data Science. Strong communication, problem-solving, and teamwork skills are expected.","Python, SQL, Excel, Power BI",2-3 years,BS Data Science,"Develop and maintain applications, collaborate with team members, test solutions, and fix issues.",80000-130000,"Paid leave, training budget, performance bonus",87,Good,,we are looking for a data analyst to join our team the successful candidate will use python sql excel to support our projects and business goals candidates should have 2 3 years of relevant experience and a bs data science strong communication problem solving and teamwork skills are expected
Data Analyst,"We are looking for a Data Analyst to join our team. The successful candidate will use Python, SQL, Excel to support our projects and business goals. Candidates should have 3 years of relevant experience and a BS Data Science. Strong communication, problem-solving, and teamwork skills are expected.","Python, SQL, Excel, Power BI",3 years,BS Data Science,"Develop and maintain applications, collaborate with team members, test solutions, and fix issues.",90000-150000,"Health insurance, paid leave, annual bonus",86,Good,,we are looking for a data analyst to join our team the successful candidate will use python sql excel to support our projects and business goals candidates should have 3 years of relevant experience and a bs data science strong communication problem solving and teamwork skills are expected
Sales Executive,"We are hiring a Sales Executive. The candidate should have knowledge of Sales, CRM. The role involves supporting company projects and completing assigned tasks.","Sales, CRM, Communication, Negotiation",Not specified,Bachelor degree,"Create user-focused designs, review feedback, and collaborate with developers.",Not specified,"Paid leave, training budget, performance bonus",60,Average,Experience requirement unclear,we are hiring a sales executive the candidate should have knowledge of sales crm the role involves supporting company projects and completing assigned tasks
Accountant,"We are looking for a Accountant to join our team. The successful candidate will use Excel, Accounting, QuickBooks to support our projects and business goals. Candidates should have 1 year of relevant experience and a BS Accounting. Strong communication, problem-solving, and teamwork skills are expected.","Excel, Accounting, QuickBooks",1 year,BS Accounting,"Manage records, prepare reports, monitor processes, and ensure accurate documentation.",100000-140000,"Medical insurance, flexible hours, paid vacation",91,Good,,we are looking for a accountant to join our team the successful candidate will use excel accounting quickbooks to support our projects and business goals candidates should have 1 year of relevant experience and a bs accounting strong communication problem solving and teamwork skills are expected
Cybersecurity Analyst,"We are looking for a Cybersecurity Analyst to join our team. The successful candidate will use Network Security, Linux, SIEM to support our projects and business goals. Candidates should have 2-3 years of relevant experience and a BS Cybersecurity. Strong communication, problem-solving, and teamwork skills are expected.","Network Security, Linux, SIEM, Python",2-3 years,BS Cybersecurity,"Develop and maintain applications, collaborate with team members, test solutions, and fix issues.",70000-130000,"Medical insurance, flexible hours, paid vacation",87,Good,,we are looking for a cybersecurity analyst to join our team the successful candidate will use network security linux siem to support our projects and business goals candidates should have 2 3 years of relevant experience and a bs cybersecurity strong communication problem solving and teamwork skills are expected
Accountant,"We are looking for a Accountant to join our team. The successful candidate will use Excel, Accounting, QuickBooks to support our projects and business goals. Candidates should have 2-3 years of relevant experience and a BS Accounting. Strong communication, problem-solving, and teamwork skills are expected.","Excel, Accounting, QuickBooks",2-3 years,BS Accounting,"Manage projects, coordinate stakeholders, track deadlines, and resolve project risks.",80000-110000,"Paid leave, training budget, performance bonus",88,Good,,we are looking for a accountant to join our team the successful candidate will use excel accounting quickbooks to support our projects and business goals candidates should have 2 3 years of relevant experience and a bs accounting strong communication problem solving and teamwork skills are expected
Mobile App Developer,"We are hiring a Mobile App Developer. The candidate should have knowledge of Kotlin, Java. The role involves supporting company projects and completing assigned tasks.","Kotlin, Java, Android Studio",1 year,BS Computer Science,"Analyze data, prepare reports, communicate findings, and support business decisions.",80000-130000,"Health insurance, paid leave, annual bonus",69,Average,Education requirement missing,we are hiring a mobile app developer the candidate should have knowledge of kotlin java the role involves supporting company projects and completing assigned tasks
Customer Support Representative,"We are looking for a Customer Support Representative to join our team. The successful candidate will use Communication, CRM, Problem Solving to support our projects and business goals. Candidates should have 3-5 years of relevant experience and a Bachelor degree. Strong communication, problem-solving, and teamwork skills are expected.","Communication, CRM, Problem Solving",3-5 years,Bachelor degree,"Manage projects, coordinate stakeholders, track deadlines, and resolve project risks.",80000-130000,"Health insurance, annual bonus, professional development",91,Good,,we are looking for a customer support representative to join our team the successful candidate will use communication crm problem solving to support our projects and business goals candidates should have 3 5 years of relevant experience and a bachelor degree strong communication problem solving and teamwork skills are expected
Teacher,"We are looking for a Teacher to join our team. The successful candidate will use Teaching, Communication, Lesson Planning to support our projects and business goals. Candidates should have 2-3 years of relevant experience and a Bachelor degree. Strong communication, problem-solving, and teamwork skills are expected.","Teaching, Communication, Lesson Planning",2-3 years,Bachelor degree,"Manage projects, coordinate stakeholders, track deadlines, and resolve project risks.",90000-130000,"Health insurance, annual bonus, professional development",87,Good,,we are looking for a teacher to join our team the successful candidate will use teaching communication lesson planning to support our projects and business goals candidates should have 2 3 years of relevant experience and a bachelor degree strong communication problem solving and teamwork skills are expected
Customer Support Representative,Looking for someone for a Customer Support Representative position. Good opportunity.,"Communication, CRM, Problem Solving",Not specified,Not specified,Not specified,Not specified,Not specified,43,Poor,"Experience, education, salary and benefits missing",looking for someone for a customer support representative position good opportunity
Mobile App Developer,We need a hardworking Mobile App Developer. Apply now.,"Kotlin, Java, Android Studio",Not specified,Not specified,Not specified,Not specified,Not specified,30,Poor,Job responsibilities unclear and required skills missing,we need a hardworking mobile app developer apply now
Project Manager,Looking for someone for a Project Manager position. Good opportunity.,"Agile, Jira, Communication, Risk Management",Not specified,Not specified,Not specified,Not specified,Not specified,31,Poor,"Skills, experience, education, responsibilities and salary missing",looking for someone for a project manager position good opportunity
Business Analyst,"We are looking for a Business Analyst to join our team. The successful candidate will use SQL, Excel, Requirements Analysis to support our projects and business goals. Candidates should have 3-5 years of relevant experience and a Bachelor degree. Strong communication, problem-solving, and teamwork skills are expected.","SQL, Excel, Requirements Analysis",3-5 years,Bachelor degree,"Manage records, prepare reports, monitor processes, and ensure accurate documentation.",60000-90000,"Health insurance, annual bonus, professional development",88,Good,,we are looking for a business analyst to join our team the successful candidate will use sql excel requirements analysis to support our projects and business goals candidates should have 3 5 years of relevant experience and a bachelor degree strong communication problem solving and teamwork skills are expected
Database Administrator,We need a person who can do Database Administrator work. Contact us.,"SQL, MySQL, PostgreSQL, Backup",Not specified,Not specified,Not specified,Not specified,Not specified,22,Poor,Job responsibilities unclear and required skills missing,we need a person who can do database administrator work contact us
Mobile App Developer,"We are looking for a Mobile App Developer to join our team. The successful candidate will use Kotlin, Java, Android Studio to support our projects and business goals. Candidates should have 2-3 years of relevant experience and a BS Computer Science. Strong communication, problem-solving, and teamwork skills are expected.","Kotlin, Java, Android Studio",2-3 years,BS Computer Science,"Manage records, prepare reports, monitor processes, and ensure accurate documentation.",60000-110000,"Medical insurance, flexible hours, paid vacation",91,Good,,we are looking for a mobile app developer to join our team the successful candidate will use kotlin java android studio to support our projects and business goals candidates should have 2 3 years of relevant experience and a bs computer science strong communication problem solving and teamwork skills are expected
Customer Support Representative,"We are looking for a Customer Support Representative to join our team. The successful candidate will use Communication, CRM, Problem Solving to support our projects and business goals. Candidates should have 3-5 years of relevant experience and a Bachelor degree. Strong communication, problem-solving, and teamwork skills are expected.","Communication, CRM, Problem Solving",3-5 years,Bachelor degree,"Support customers, resolve queries, document interactions, and maintain service quality.",80000-140000,"Health insurance, annual bonus, professional development",85,Good,,we are looking for a customer support representative to join our team the successful candidate will use communication crm problem solving to support our projects and business goals candidates should have 3 5 years of relevant experience and a bachelor degree strong communication problem solving and teamwork skills are expected
Sales Executive,"We are hiring a Sales Executive. The candidate should have knowledge of Sales, CRM. The role involves supporting company projects and completing assigned tasks.","Sales, CRM, Communication, Negotiation",Not specified,Bachelor degree,"Develop and maintain applications, collaborate with team members, test solutions, and fix issues.",Not specified,"Health insurance, paid leave, annual bonus",67,Average,Experience requirement unclear,we are hiring a sales executive the candidate should have knowledge of sales crm the role involves supporting company projects and completing assigned tasks
Cybersecurity Analyst,"We are hiring a Cybersecurity Analyst. The candidate should have knowledge of Network Security, Linux. The role involves supporting company projects and completing assigned tasks.","Network Security, Linux, SIEM, Python",1 year,BS Cybersecurity,"Manage projects, coordinate stakeholders, track deadlines, and resolve project risks.",Not specified,"Health insurance, annual bonus, professional development",73,Average,Education requirement missing,we are hiring a cybersecurity analyst the candidate should have knowledge of network security linux the role involves supporting company projects and completing assigned tasks
Software Developer,"We are looking for a Software Developer to join our team. The successful candidate will use Python, Java, C++ to support our projects and business goals. Candidates should have 2 years of relevant experience and a BS Computer Science. Strong communication, problem-solving, and teamwork skills are expected.","Python, Java, C++, Git",2 years,BS Computer Science,"Manage projects, coordinate stakeholders, track deadlines, and resolve project risks.",90000-130000,"Health insurance, annual bonus, professional development",91,Good,,we are looking for a software developer to join our team the successful candidate will use python java c to support our projects and business goals candidates should have 2 years of relevant experience and a bs computer science strong communication problem solving and teamwork skills are expected
Database Administrator,We need a person who can do Database Administrator work. Contact us.,"SQL, MySQL, PostgreSQL, Backup",Not specified,Not specified,Not specified,Not specified,Not specified,42,Poor,"Experience, education, salary and benefits missing",we need a person who can do database administrator work contact us
Machine Learning Engineer,"We are looking for a Machine Learning Engineer to join our team. The successful candidate will use Python, TensorFlow, Scikit-learn to support our projects and business goals. Candidates should have 1 year of relevant experience and a BS Computer Science. Strong communication, problem-solving, and teamwork skills are expected.","Python, TensorFlow, Scikit-learn, SQL",1 year,BS Computer Science,"Create user-focused designs, review feedback, and collaborate with developers.",80000-110000,"Paid leave, training budget, performance bonus",86,Good,,we are looking for a machine learning engineer to join our team the successful candidate will use python tensorflow scikit learn to support our projects and business goals candidates should have 1 year of relevant experience and a bs computer science strong communication problem solving and teamwork skills are expected
Data Scientist,We need a person who can do Data Scientist work. Contact us.,"Python, Pandas, Scikit-learn, SQL",Not specified,Not specified,Not specified,Not specified,Not specified,24,Poor,Job responsibilities unclear and required skills missing,we need a person who can do data scientist work contact us
HR Manager,"We are looking for a HR Manager to join our team. The successful candidate will use Recruitment, HR Management, Communication to support our projects and business goals. Candidates should have 2 years of relevant experience and a BS Human Resources. Strong communication, problem-solving, and teamwork skills are expected.","Recruitment, HR Management, Communication",2 years,BS Human Resources,"Create user-focused designs, review feedback, and collaborate with developers.",90000-150000,"Paid leave, training budget, performance bonus",86,Good,,we are looking for a hr manager to join our team the successful candidate will use recruitment hr management communication to support our projects and business goals candidates should have 2 years of relevant experience and a bs human resources strong communication problem solving and teamwork skills are expected
Database Administrator,"We are hiring a Database Administrator. The candidate should have knowledge of SQL, MySQL. The role involves supporting company projects and completing assigned tasks.","SQL, MySQL, PostgreSQL, Backup",2 years,BS Computer Science,"Manage projects, coordinate stakeholders, track deadlines, and resolve project risks.",80000-130000,"Health insurance, paid leave, annual bonus",61,Average,Education requirement missing,we are hiring a database administrator the candidate should have knowledge of sql mysql the role involves supporting company projects and completing assigned tasks
Software Developer,We need a person who can do Software Developer work. Contact us.,"Python, Java, C++, Git",Not specified,Not specified,Not specified,Not specified,Not specified,23,Poor,"Experience, education, salary and benefits missing",we need a person who can do software developer work contact us
Cybersecurity Analyst,We need a person who can do Cybersecurity Analyst work. Contact us.,"Network Security, Linux, SIEM, Python",Not specified,Not specified,Not specified,Not specified,Not specified,27,Poor,"Experience, education, salary and benefits missing",we need a person who can do cybersecurity analyst work contact us
Cybersecurity Analyst,"We are hiring a Cybersecurity Analyst. The candidate should have knowledge of Network Security, Linux. The role involves supporting company projects and completing assigned tasks.","Network Security, Linux, SIEM, Python",2 years,BS Cybersecurity,"Create user-focused designs, review feedback, and collaborate with developers.",Not specified,"Health insurance, annual bonus, professional development",67,Average,Salary information missing,we are hiring a cybersecurity analyst the candidate should have knowledge of network security linux the role involves supporting company projects and completing assigned tasks
Cybersecurity Analyst,"We are looking for a Cybersecurity Analyst to join our team. The successful candidate will use Network Security, Linux, SIEM to support our projects and business goals. Candidates should have 5 years of relevant experience and a BS Cybersecurity. Strong communication, problem-solving, and teamwork skills are expected.","Network Security, Linux, SIEM, Python",5 years,BS Cybersecurity,"Manage records, prepare reports, monitor processes, and ensure accurate documentation.",80000-140000,"Health insurance, paid leave, annual bonus",94,Good,,we are looking for a cybersecurity analyst to join our team the successful candidate will use network security linux siem to support our projects and business goals candidates should have 5 years of relevant experience and a bs cybersecurity strong communication problem solving and teamwork skills are expected
UI UX Designer,"We are looking for a UI UX Designer to join our team. The successful candidate will use Figma, UI Design, UX Research to support our projects and business goals. Candidates should have 3 years of relevant experience and a BS Design. Strong communication, problem-solving, and teamwork skills are expected.","Figma, UI Design, UX Research, Prototyping",3 years,BS Design,"Analyze data, prepare reports, communicate findings, and support business decisions.",80000-110000,"Medical insurance, flexible hours, paid vacation",89,Good,,we are looking for a ui ux designer to join our team the successful candidate will use figma ui design ux research to support our projects and business goals candidates should have 3 years of relevant experience and a bs design strong communication problem solving and teamwork skills are expected
Data Analyst,"We are hiring a Data Analyst. The candidate should have knowledge of Python, SQL. The role involves supporting company projects and completing assigned tasks.","Python, SQL, Excel, Power BI",Not specified,BS Data Science,"Manage projects, coordinate stakeholders, track deadlines, and resolve project risks.",60000-100000,"Paid leave, training budget, performance bonus",66,Average,Salary information missing,we are hiring a data analyst the candidate should have knowledge of python sql the role involves supporting company projects and completing assigned tasks
Data Scientist,"We are looking for a Data Scientist to join our team. The successful candidate will use Python, Pandas, Scikit-learn to support our projects and business goals. Candidates should have 3 years of relevant experience and a BS Data Science. Strong communication, problem-solving, and teamwork skills are expected.","Python, Pandas, Scikit-learn, SQL",3 years,BS Data Science,"Support customers, resolve queries, document interactions, and maintain service quality.",90000-140000,"Health insurance, annual bonus, professional development",91,Good,,we are looking for a data scientist to join our team the successful candidate will use python pandas scikit learn to support our projects and business goals candidates should have 3 years of relevant experience and a bs data science strong communication problem solving and teamwork skills are expected
Business Analyst,"We are looking for a Business Analyst to join our team. The successful candidate will use SQL, Excel, Requirements Analysis to support our projects and business goals. Candidates should have 2-3 years of relevant experience and a Bachelor degree. Strong communication, problem-solving, and teamwork skills are expected.","SQL, Excel, Requirements Analysis",2-3 years,Bachelor degree,"Support customers, resolve queries, document interactions, and maintain service quality.",80000-120000,"Paid leave, training budget, performance bonus",94,Good,,we are looking for a business analyst to join our team the successful candidate will use sql excel requirements analysis to support our projects and business goals candidates should have 2 3 years of relevant experience and a bachelor degree strong communication problem solving and teamwork skills are expected
Data Analyst,"We are hiring a Data Analyst. The candidate should have knowledge of Python, SQL. The role involves supporting company projects and completing assigned tasks.","Python, SQL, Excel, Power BI",2 years,BS Data Science,"Manage projects, coordinate stakeholders, track deadlines, and resolve project risks.",60000-100000,"Medical insurance, flexible hours, paid vacation",63,Average,Benefits information missing,we are hiring a data analyst the candidate should have knowledge of python sql the role involves supporting company projects and completing assigned tasks
Sales Executive,"We are hiring a Sales Executive. The candidate should have knowledge of Sales, CRM. The role involves supporting company projects and completing assigned tasks.","Sales, CRM, Communication, Negotiation",Not specified,Bachelor degree,"Support customers, resolve queries, document interactions, and maintain service quality.",80000-130000,"Health insurance, annual bonus, professional development",64,Average,Responsibilities are limited,we are hiring a sales executive the candidate should have knowledge of sales crm the role involves supporting company projects and completing assigned tasks
Customer Support Representative,"We are looking for a Customer Support Representative to join our team. The successful candidate will use Communication, CRM, Problem Solving to support our projects and business goals. Candidates should have 3 years of relevant experience and a Bachelor degree. Strong communication, problem-solving, and teamwork skills are expected.","Communication, CRM, Problem Solving",3 years,Bachelor degree,"Create user-focused designs, review feedback, and collaborate with developers.",100000-140000,"Medical insurance, flexible hours, paid vacation",89,Good,,we are looking for a customer support representative to join our team the successful candidate will use communication crm problem solving to support our projects and business goals candidates should have 3 years of relevant experience and a bachelor degree strong communication problem solving and teamwork skills are expected
Machine Learning Engineer,"We are looking for a Machine Learning Engineer to join our team. The successful candidate will use Python, TensorFlow, Scikit-learn to support our projects and business goals. Candidates should have 3 years of relevant experience and a BS Computer Science. Strong communication, problem-solving, and teamwork skills are expected.","Python, TensorFlow, Scikit-learn, SQL",3 years,BS Computer Science,"Develop and maintain applications, collaborate with team members, test solutions, and fix issues.",90000-120000,"Paid leave, training budget, performance bonus",92,Good,,we are looking for a machine learning engineer to join our team the successful candidate will use python tensorflow scikit learn to support our projects and business goals candidates should have 3 years of relevant experience and a bs computer science strong communication problem solving and teamwork skills are expected
Machine Learning Engineer,"We are looking for a Machine Learning Engineer to join our team. The successful candidate will use Python, TensorFlow, Scikit-learn to support our projects and business goals. Candidates should have 3 years of relevant experience and a BS Computer Science. Strong communication, problem-solving, and teamwork skills are expected.","Python, TensorFlow, Scikit-learn, SQL",3 years,BS Computer Science,"Manage records, prepare reports, monitor processes, and ensure accurate documentation.",90000-150000,"Health insurance, annual bonus, professional development",92,Good,,we are looking for a machine learning engineer to join our team the successful candidate will use python tensorflow scikit learn to support our projects and business goals candidates should have 3 years of relevant experience and a bs computer science strong communication problem solving and teamwork skills are expected
Accountant,"We are hiring a Accountant. The candidate should have knowledge of Excel, Accounting. The role involves supporting company projects and completing assigned tasks.","Excel, Accounting, QuickBooks",2 years,BS Accounting,"Develop and maintain applications, collaborate with team members, test solutions, and fix issues.",80000-130000,"Medical insurance, flexible hours, paid vacation",78,Average,Education requirement missing,we are hiring a accountant the candidate should have knowledge of excel accounting the role involves supporting company projects and completing assigned tasks
Graphic Designer,"We are looking for a Graphic Designer to join our team. The successful candidate will use Photoshop, Illustrator, Canva to support our projects and business goals. Candidates should have 2-3 years of relevant experience and a Bachelor degree. Strong communication, problem-solving, and teamwork skills are expected.","Photoshop, Illustrator, Canva",2-3 years,Bachelor degree,"Create user-focused designs, review feedback, and collaborate with developers.",60000-110000,"Medical insurance, flexible hours, paid vacation",94,Good,,we are looking for a graphic designer to join our team the successful candidate will use photoshop illustrator canva to support our projects and business goals candidates should have 2 3 years of relevant experience and a bachelor degree strong communication problem solving and teamwork skills are expected
Mobile App Developer,"We are hiring a Mobile App Developer. The candidate should have knowledge of Kotlin, Java. The role involves supporting company projects and completing assigned tasks.","Kotlin, Java, Android Studio",1 year,BS Computer Science,"Manage projects, coordinate stakeholders, track deadlines, and resolve project risks.",Not specified,"Health insurance, paid leave, annual bonus",77,Average,Experience requirement unclear,we are hiring a mobile app developer the candidate should have knowledge of kotlin java the role involves supporting company projects and completing assigned tasks
Content Writer,We need a hardworking Content Writer. Apply now.,"Writing, SEO, Research",Not specified,Not specified,Not specified,Not specified,Not specified,44,Poor,"Experience, education, salary and benefits missing",we need a hardworking content writer apply now
Database Administrator,"We are hiring a Database Administrator. The candidate should have knowledge of SQL, MySQL. The role involves supporting company projects and completing assigned tasks.","SQL, MySQL, PostgreSQL, Backup",2 years,BS Computer Science,"Manage projects, coordinate stakeholders, track deadlines, and resolve project risks.",60000-100000,"Medical insurance, flexible hours, paid vacation",61,Average,Salary information missing,we are hiring a database administrator the candidate should have knowledge of sql mysql the role involves supporting company projects and completing assigned tasks
Project Manager,"We are looking for a Project Manager to join our team. The successful candidate will use Agile, Jira, Communication to support our projects and business goals. Candidates should have 1 year of relevant experience and a BS Management. Strong communication, problem-solving, and teamwork skills are expected.","Agile, Jira, Communication, Risk Management",1 year,BS Management,"Analyze data, prepare reports, communicate findings, and support business decisions.",80000-110000,"Medical insurance, flexible hours, paid vacation",97,Good,,we are looking for a project manager to join our team the successful candidate will use agile jira communication to support our projects and business goals candidates should have 1 year of relevant experience and a bs management strong communication problem solving and teamwork skills are expected
Business Analyst,"We are hiring a Business Analyst. The candidate should have knowledge of SQL, Excel. The role involves supporting company projects and completing assigned tasks.","SQL, Excel, Requirements Analysis",Not specified,Bachelor degree,"Analyze data, prepare reports, communicate findings, and support business decisions.",Not specified,"Health insurance, annual bonus, professional development",79,Average,Benefits information missing,we are hiring a business analyst the candidate should have knowledge of sql excel the role involves supporting company projects and completing assigned tasks
UI UX Designer,We need a hardworking UI UX Designer. Apply now.,"Figma, UI Design, UX Research, Prototyping",Not specified,Not specified,Not specified,Not specified,Not specified,38,Poor,Job responsibilities unclear and required skills missing,we need a hardworking ui ux designer apply now
Content Writer,"We are looking for a Content Writer to join our team. The successful candidate will use Writing, SEO, Research to support our projects and business goals. Candidates should have 3-5 years of relevant experience and a Bachelor degree. Strong communication, problem-solving, and teamwork skills are expected.","Writing, SEO, Research",3-5 years,Bachelor degree,"Manage projects, coordinate stakeholders, track deadlines, and resolve project risks.",60000-110000,"Paid leave, training budget, performance bonus",94,Good,,we are looking for a content writer to join our team the successful candidate will use writing seo research to support our projects and business goals candidates should have 3 5 years of relevant experience and a bachelor degree strong communication problem solving and teamwork skills are expected
Project Manager,We need a person who can do Project Manager work. Contact us.,"Agile, Jira, Communication, Risk Management",Not specified,Not specified,Not specified,Not specified,Not specified,48,Poor,"Experience, education, salary and benefits missing",we need a person who can do project manager work contact us
Data Scientist,"We are looking for a Data Scientist to join our team. The successful candidate will use Python, Pandas, Scikit-learn to support our projects and business goals. Candidates should have 3 years of relevant experience and a BS Data Science. Strong communication, problem-solving, and teamwork skills are expected.","Python, Pandas, Scikit-learn, SQL",3 years,BS Data Science,"Manage records, prepare reports, monitor processes, and ensure accurate documentation.",50000-100000,"Medical insurance, flexible hours, paid vacation",98,Good,,we are looking for a data scientist to join our team the successful candidate will use python pandas scikit learn to support our projects and business goals candidates should have 3 years of relevant experience and a bs data science strong communication problem solving and teamwork skills are expected
Machine Learning Engineer,"We are looking for a Machine Learning Engineer to join our team. The successful candidate will use Python, TensorFlow, Scikit-learn to support our projects and business goals. Candidates should have 5 years of relevant experience and a BS Computer Science. Strong communication, problem-solving, and teamwork skills are expected.","Python, TensorFlow, Scikit-learn, SQL",5 years,BS Computer Science,"Create user-focused designs, review feedback, and collaborate with developers.",70000-110000,"Health insurance, annual bonus, professional development",87,Good,,we are looking for a machine learning engineer to join our team the successful candidate will use python tensorflow scikit learn to support our projects and business goals candidates should have 5 years of relevant experience and a bs computer science strong communication problem solving and teamwork skills are expected
Business Analyst,"We are hiring a Business Analyst. The candidate should have knowledge of SQL, Excel. The role involves supporting company projects and completing assigned tasks.","SQL, Excel, Requirements Analysis",Not specified,Bachelor degree,"Create user-focused designs, review feedback, and collaborate with developers.",80000-130000,"Health insurance, annual bonus, professional development",62,Average,Education requirement missing,we are hiring a business analyst the candidate should have knowledge of sql excel the role involves supporting company projects and completing assigned tasks
Customer Support Representative,"We are hiring a Customer Support Representative. The candidate should have knowledge of Communication, CRM. The role involves supporting company projects and completing assigned tasks.","Communication, CRM, Problem Solving",2 years,Bachelor degree,"Create user-focused designs, review feedback, and collaborate with developers.",Not specified,"Paid leave, training budget, performance bonus",75,Average,Experience requirement unclear,we are hiring a customer support representative the candidate should have knowledge of communication crm the role involves supporting company projects and completing assigned tasks
Business Analyst,"We are looking for a Business Analyst to join our team. The successful candidate will use SQL, Excel, Requirements Analysis to support our projects and business goals. Candidates should have 5 years of relevant experience and a Bachelor degree. Strong communication, problem-solving, and teamwork skills are expected.","SQL, Excel, Requirements Analysis",5 years,Bachelor degree,"Develop and maintain applications, collaborate with team members, test solutions, and fix issues.",50000-110000,"Paid leave, training budget, performance bonus",97,Good,,we are looking for a business analyst to join our team the successful candidate will use sql excel requirements analysis to support our projects and business goals candidates should have 5 years of relevant experience and a bachelor degree strong communication problem solving and teamwork skills are expected
Content Writer,"We are looking for a Content Writer to join our team. The successful candidate will use Writing, SEO, Research to support our projects and business goals. Candidates should have 3 years of relevant experience and a Bachelor degree. Strong communication, problem-solving, and teamwork skills are expected.","Writing, SEO, Research",3 years,Bachelor degree,"Manage projects, coordinate stakeholders, track deadlines, and resolve project risks.",60000-120000,"Paid leave, training budget, performance bonus",98,Good,,we are looking for a content writer to join our team the successful candidate will use writing seo research to support our projects and business goals candidates should have 3 years of relevant experience and a bachelor degree strong communication problem solving and teamwork skills are expected
HR Manager,"We are looking for a HR Manager to join our team. The successful candidate will use Recruitment, HR Management, Communication to support our projects and business goals. Candidates should have 3-5 years of relevant experience and a BS Human Resources. Strong communication, problem-solving, and teamwork skills are expected.","Recruitment, HR Management, Communication",3-5 years,BS Human Resources,"Manage records, prepare reports, monitor processes, and ensure accurate documentation.",60000-120000,"Paid leave, training budget, performance bonus",97,Good,,we are looking for a hr manager to join our team the successful candidate will use recruitment hr management communication to support our projects and business goals candidates should have 3 5 years of relevant experience and a bs human resources strong communication problem solving and teamwork skills are expected
Web Developer,"We are looking for a Web Developer to join our team. The successful candidate will use HTML, CSS, JavaScript to support our projects and business goals. Candidates should have 5 years of relevant experience and a BS Computer Science. Strong communication, problem-solving, and teamwork skills are expected.","HTML, CSS, JavaScript, React",5 years,BS Computer Science,"Analyze data, prepare reports, communicate findings, and support business decisions.",80000-110000,"Health insurance, paid leave, annual bonus",92,Good,,we are looking for a web developer to join our team the successful candidate will use html css javascript to support our projects and business goals candidates should have 5 years of relevant experience and a bs computer science strong communication problem solving and teamwork skills are expected
Database Administrator,"We are looking for a Database Administrator to join our team. The successful candidate will use SQL, MySQL, PostgreSQL to support our projects and business goals. Candidates should have 3 years of relevant experience and a BS Computer Science. Strong communication, problem-solving, and teamwork skills are expected.","SQL, MySQL, PostgreSQL, Backup",3 years,BS Computer Science,"Analyze data, prepare reports, communicate findings, and support business decisions.",60000-100000,"Paid leave, training budget, performance bonus",98,Good,,we are looking for a database administrator to join our team the successful candidate will use sql mysql postgresql to support our projects and business goals candidates should have 3 years of relevant experience and a bs computer science strong communication problem solving and teamwork skills are expected
Project Manager,"We are looking for a Project Manager to join our team. The successful candidate will use Agile, Jira, Communication to support our projects and business goals. Candidates should have 2-3 years of relevant experience and a BS Management. Strong communication, problem-solving, and teamwork skills are expected.","Agile, Jira, Communication, Risk Management",2-3 years,BS Management,"Manage records, prepare reports, monitor processes, and ensure accurate documentation.",70000-100000,"Paid leave, training budget, performance bonus",95,Good,,we are looking for a project manager to join our team the successful candidate will use agile jira communication to support our projects and business goals candidates should have 2 3 years of relevant experience and a bs management strong communication problem solving and teamwork skills are expected
Cybersecurity Analyst,"We are looking for a Cybersecurity Analyst to join our team. The successful candidate will use Network Security, Linux, SIEM to support our projects and business goals. Candidates should have 5 years of relevant experience and a BS Cybersecurity. Strong communication, problem-solving, and teamwork skills are expected.","Network Security, Linux, SIEM, Python",5 years,BS Cybersecurity,"Manage records, prepare reports, monitor processes, and ensure accurate documentation.",70000-110000,"Health insurance, annual bonus, professional development",86,Good,,we are looking for a cybersecurity analyst to join our team the successful candidate will use network security linux siem to support our projects and business goals candidates should have 5 years of relevant experience and a bs cybersecurity strong communication problem solving and teamwork skills are expected
Data Scientist,"We are looking for a Data Scientist to join our team. The successful candidate will use Python, Pandas, Scikit-learn to support our projects and business goals. Candidates should have 3 years of relevant experience and a BS Data Science. Strong communication, problem-solving, and teamwork skills are expected.","Python, Pandas, Scikit-learn, SQL",3 years,BS Data Science,"Support customers, resolve queries, document interactions, and maintain service quality.",50000-90000,"Medical insurance, flexible hours, paid vacation",95,Good,,we are looking for a data scientist to join our team the successful candidate will use python pandas scikit learn to support our projects and business goals candidates should have 3 years of relevant experience and a bs data science strong communication problem solving and teamwork skills are expected
Database Administrator,"We are looking for a Database Administrator to join our team. The successful candidate will use SQL, MySQL, PostgreSQL to support our projects and business goals. Candidates should have 5 years of relevant experience and a BS Computer Science. Strong communication, problem-solving, and teamwork skills are expected.","SQL, MySQL, PostgreSQL, Backup",5 years,BS Computer Science,"Manage records, prepare reports, monitor processes, and ensure accurate documentation.",70000-100000,"Health insurance, annual bonus, professional development",87,Good,,we are looking for a database administrator to join our team the successful candidate will use sql mysql postgresql to support our projects and business goals candidates should have 5 years of relevant experience and a bs computer science strong communication problem solving and teamwork skills are expected
Mobile App Developer,"We are looking for a Mobile App Developer to join our team. The successful candidate will use Kotlin, Java, Android Studio to support our projects and business goals. Candidates should have 3 years of relevant experience and a BS Computer Science. Strong communication, problem-solving, and teamwork skills are expected.","Kotlin, Java, Android Studio",3 years,BS Computer Science,"Manage projects, coordinate stakeholders, track deadlines, and resolve project risks.",50000-80000,"Health insurance, paid leave, annual bonus",90,Good,,we are looking for a mobile app developer to join our team the successful candidate will use kotlin java android studio to support our projects and business goals candidates should have 3 years of relevant experience and a bs computer science strong communication problem solving and teamwork skills are expected
HR Manager,"We are looking for a HR Manager to join our team. The successful candidate will use Recruitment, HR Management, Communication to support our projects and business goals. Candidates should have 2 years of relevant experience and a BS Human Resources. Strong communication, problem-solving, and teamwork skills are expected.","Recruitment, HR Management, Communication",2 years,BS Human Resources,"Support customers, resolve queries, document interactions, and maintain service quality.",100000-140000,"Health insurance, paid leave, annual bonus",94,Good,,we are looking for a hr manager to join our team the successful candidate will use recruitment hr management communication to support our projects and business goals candidates should have 2 years of relevant experience and a bs human resources strong communication problem solving and teamwork skills are expected
Software Developer,"We are hiring a Software Developer. The candidate should have knowledge of Python, Java. The role involves supporting company projects and completing assigned tasks.","Python, Java, C++, Git",1 year,BS Computer Science,"Manage records, prepare reports, monitor processes, and ensure accurate documentation.",80000-130000,"Paid leave, training budget, performance bonus",66,Average,Benefits information missing,we are hiring a software developer the candidate should have knowledge of python java the role involves supporting company projects and completing assigned tasks
Accountant,"We are hiring a Accountant. The candidate should have knowledge of Excel, Accounting. The role involves supporting company projects and completing assigned tasks.","Excel, Accounting, QuickBooks",2 years,BS Accounting,"Develop and maintain applications, collaborate with team members, test solutions, and fix issues.",60000-100000,"Health insurance, paid leave, annual bonus",64,Average,Education requirement missing,we are hiring a accountant the candidate should have knowledge of excel accounting the role involves supporting company projects and completing assigned tasks
Business Analyst,"We are hiring a Business Analyst. The candidate should have knowledge of SQL, Excel. The role involves supporting company projects and completing assigned tasks.","SQL, Excel, Requirements Analysis",2 years,Bachelor degree,"Analyze data, prepare reports, communicate findings, and support business decisions.",80000-130000,"Paid leave, training budget, performance bonus",67,Average,Experience requirement unclear,we are hiring a business analyst the candidate should have knowledge of sql excel the role involves supporting company projects and completing assigned tasks
Data Analyst,"We are looking for a Data Analyst to join our team. The successful candidate will use Python, SQL, Excel to support our projects and business goals. Candidates should have 3-5 years of relevant experience and a BS Data Science. Strong communication, problem-solving, and teamwork skills are expected.","Python, SQL, Excel, Power BI",3-5 years,BS Data Science,"Manage records, prepare reports, monitor processes, and ensure accurate documentation.",90000-140000,"Health insurance, paid leave, annual bonus",89,Good,,we are looking for a data analyst to join our team the successful candidate will use python sql excel to support our projects and business goals candidates should have 3 5 years of relevant experience and a bs data science strong communication problem solving and teamwork skills are expected
UI UX Designer,"We are hiring a UI UX Designer. The candidate should have knowledge of Figma, UI Design. The role involves supporting company projects and completing assigned tasks.","Figma, UI Design, UX Research, Prototyping",Not specified,BS Design,"Manage projects, coordinate stakeholders, track deadlines, and resolve project risks.",60000-100000,"Health insurance, annual bonus, professional development",61,Average,Benefits information missing,we are hiring a ui ux designer the candidate should have knowledge of figma ui design the role involves supporting company projects and completing assigned tasks
Mobile App Developer,"We are looking for a Mobile App Developer to join our team. The successful candidate will use Kotlin, Java, Android Studio to support our projects and business goals. Candidates should have 2 years of relevant experience and a BS Computer Science. Strong communication, problem-solving, and teamwork skills are expected.","Kotlin, Java, Android Studio",2 years,BS Computer Science,"Manage projects, coordinate stakeholders, track deadlines, and resolve project risks.",80000-110000,"Health insurance, paid leave, annual bonus",90,Good,,we are looking for a mobile app developer to join our team the successful candidate will use kotlin java android studio to support our projects and business goals candidates should have 2 years of relevant experience and a bs computer science strong communication problem solving and teamwork skills are expected
Machine Learning Engineer,"We are looking for a Machine Learning Engineer to join our team. The successful candidate will use Python, TensorFlow, Scikit-learn to support our projects and business goals. Candidates should have 3-5 years of relevant experience and a BS Computer Science. Strong communication, problem-solving, and teamwork skills are expected.","Python, TensorFlow, Scikit-learn, SQL",3-5 years,BS Computer Science,"Create user-focused designs, review feedback, and collaborate with developers.",80000-130000,"Medical insurance, flexible hours, paid vacation",97,Good,,we are looking for a machine learning engineer to join our team the successful candidate will use python tensorflow scikit learn to support our projects and business goals candidates should have 3 5 years of relevant experience and a bs computer science strong communication problem solving and teamwork skills are expected
Data Analyst,"We are looking for a Data Analyst to join our team. The successful candidate will use Python, SQL, Excel to support our projects and business goals. Candidates should have 1 year of relevant experience and a BS Data Science. Strong communication, problem-solving, and teamwork skills are expected.","Python, SQL, Excel, Power BI",1 year,BS Data Science,"Develop and maintain applications, collaborate with team members, test solutions, and fix issues.",50000-100000,"Medical insurance, flexible hours, paid vacation",85,Good,,we are looking for a data analyst to join our team the successful candidate will use python sql excel to support our projects and business goals candidates should have 1 year of relevant experience and a bs data science strong communication problem solving and teamwork skills are expected
Customer Support Representative,"We are hiring a Customer Support Representative. The candidate should have knowledge of Communication, CRM. The role involves supporting company projects and completing assigned tasks.","Communication, CRM, Problem Solving",Not specified,Bachelor degree,"Create user-focused designs, review feedback, and collaborate with developers.",Not specified,Not specified,73,Average,Salary information missing,we are hiring a customer support representative the candidate should have knowledge of communication crm the role involves supporting company projects and completing assigned tasks
Data Analyst,"We are hiring a Data Analyst. The candidate should have knowledge of Python, SQL. The role involves supporting company projects and completing assigned tasks.","Python, SQL, Excel, Power BI",Not specified,BS Data Science,"Manage projects, coordinate stakeholders, track deadlines, and resolve project risks.",Not specified,"Medical insurance, flexible hours, paid vacation",62,Average,Experience requirement unclear,we are hiring a data analyst the candidate should have knowledge of python sql the role involves supporting company projects and completing assigned tasks
Data Analyst,"We are hiring a Data Analyst. The candidate should have knowledge of Python, SQL. The role involves supporting company projects and completing assigned tasks.","Python, SQL, Excel, Power BI",1 year,BS Data Science,"Manage projects, coordinate stakeholders, track deadlines, and resolve project risks.",60000-100000,Not specified,72,Average,Responsibilities are limited,we are hiring a data analyst the candidate should have knowledge of python sql the role involves supporting company projects and completing assigned tasks
Data Analyst,"We are looking for a Data Analyst to join our team. The successful candidate will use Python, SQL, Excel to support our projects and business goals. Candidates should have 3 years of relevant experience and a BS Data Science. Strong communication, problem-solving, and teamwork skills are expected.","Python, SQL, Excel, Power BI",3 years,BS Data Science,"Analyze data, prepare reports, communicate findings, and support business decisions.",100000-140000,"Health insurance, paid leave, annual bonus",86,Good,,we are looking for a data analyst to join our team the successful candidate will use python sql excel to support our projects and business goals candidates should have 3 years of relevant experience and a bs data science strong communication problem solving and teamwork skills are expected
Accountant,"We are looking for a Accountant to join our team. The successful candidate will use Excel, Accounting, QuickBooks to support our projects and business goals. Candidates should have 3-5 years of relevant experience and a BS Accounting. Strong communication, problem-solving, and teamwork skills are expected.","Excel, Accounting, QuickBooks",3-5 years,BS Accounting,"Manage records, prepare reports, monitor processes, and ensure accurate documentation.",90000-120000,"Paid leave, training budget, performance bonus",96,Good,,we are looking for a accountant to join our team the successful candidate will use excel accounting quickbooks to support our projects and business goals candidates should have 3 5 years of relevant experience and a bs accounting strong communication problem solving and teamwork skills are expected
Cybersecurity Analyst,"We are looking for a Cybersecurity Analyst to join our team. The successful candidate will use Network Security, Linux, SIEM to support our projects and business goals. Candidates should have 5 years of relevant experience and a BS Cybersecurity. Strong communication, problem-solving, and teamwork skills are expected.","Network Security, Linux, SIEM, Python",5 years,BS Cybersecurity,"Create user-focused designs, review feedback, and collaborate with developers.",60000-90000,"Medical insurance, flexible hours, paid vacation",90,Good,,we are looking for a cybersecurity analyst to join our team the successful candidate will use network security linux siem to support our projects and business goals candidates should have 5 years of relevant experience and a bs cybersecurity strong communication problem solving and teamwork skills are expected
Network Administrator,"We are hiring a Network Administrator. The candidate should have knowledge of Networking, Cisco. The role involves supporting company projects and completing assigned tasks.","Networking, Cisco, TCP/IP, Linux",Not specified,BS Computer Science,"Manage projects, coordinate stakeholders, track deadlines, and resolve project risks.",80000-130000,"Medical insurance, flexible hours, paid vacation",64,Average,Experience requirement unclear,we are hiring a network administrator the candidate should have knowledge of networking cisco the role involves supporting company projects and completing assigned tasks
Data Scientist,We need a hardworking Data Scientist. Apply now.,"Python, Pandas, Scikit-learn, SQL",Not specified,Not specified,Not specified,Not specified,Not specified,30,Poor,Job responsibilities unclear and required skills missing,we need a hardworking data scientist apply now
Project Manager,"We are hiring a Project Manager. The candidate should have knowledge of Agile, Jira. The role involves supporting company projects and completing assigned tasks.","Agile, Jira, Communication, Risk Management",2 years,BS Management,"Manage records, prepare reports, monitor processes, and ensure accurate documentation.",Not specified,Not specified,62,Average,Salary information missing,we are hiring a project manager the candidate should have knowledge of agile jira the role involves supporting company projects and completing assigned tasks
Database Administrator,"We are hiring a Database Administrator. The candidate should have knowledge of SQL, MySQL. The role involves supporting company projects and completing assigned tasks.","SQL, MySQL, PostgreSQL, Backup",1 year,BS Computer Science,"Analyze data, prepare reports, communicate findings, and support business decisions.",80000-130000,Not specified,71,Average,Benefits information missing,we are hiring a database administrator the candidate should have knowledge of sql mysql the role involves supporting company projects and completing assigned tasks
Project Manager,We need a person who can do Project Manager work. Contact us.,"Agile, Jira, Communication, Risk Management",Not specified,Not specified,Not specified,Not specified,Not specified,41,Poor,"Experience, education, salary and benefits missing",we need a person who can do project manager work contact us
Data Scientist,"We are looking for a Data Scientist to join our team. The successful candidate will use Python, Pandas, Scikit-learn to support our projects and business goals. Candidates should have 3-5 years of relevant experience and a BS Data Science. Strong communication, problem-solving, and teamwork skills are expected.","Python, Pandas, Scikit-learn, SQL",3-5 years,BS Data Science,"Analyze data, prepare reports, communicate findings, and support business decisions.",50000-80000,"Health insurance, paid leave, annual bonus",85,Good,,we are looking for a data scientist to join our team the successful candidate will use python pandas scikit learn to support our projects and business goals candidates should have 3 5 years of relevant experience and a bs data science strong communication problem solving and teamwork skills are expected
Mobile App Developer,"We are looking for a Mobile App Developer to join our team. The successful candidate will use Kotlin, Java, Android Studio to support our projects and business goals. Candidates should have 2 years of relevant experience and a BS Computer Science. Strong communication, problem-solving, and teamwork skills are expected.","Kotlin, Java, Android Studio",2 years,BS Computer Science,"Analyze data, prepare reports, communicate findings, and support business decisions.",60000-90000,"Health insurance, annual bonus, professional development",90,Good,,we are looking for a mobile app developer to join our team the successful candidate will use kotlin java android studio to support our projects and business goals candidates should have 2 years of relevant experience and a bs computer science strong communication problem solving and teamwork skills are expected
Graphic Designer,"We are looking for a Graphic Designer to join our team. The successful candidate will use Photoshop, Illustrator, Canva to support our projects and business goals. Candidates should have 5 years of relevant experience and a Bachelor degree. Strong communication, problem-solving, and teamwork skills are expected.","Photoshop, Illustrator, Canva",5 years,Bachelor degree,"Support customers, resolve queries, document interactions, and maintain service quality.",70000-120000,"Health insurance, paid leave, annual bonus",90,Good,,we are looking for a graphic designer to join our team the successful candidate will use photoshop illustrator canva to support our projects and business goals candidates should have 5 years of relevant experience and a bachelor degree strong communication problem solving and teamwork skills are expected
Data Scientist,"We are hiring a Data Scientist. The candidate should have knowledge of Python, Pandas. The role involves supporting company projects and completing assigned tasks.","Python, Pandas, Scikit-learn, SQL",1 year,BS Data Science,"Support customers, resolve queries, document interactions, and maintain service quality.",60000-100000,"Medical insurance, flexible hours, paid vacation",61,Average,Salary information missing,we are hiring a data scientist the candidate should have knowledge of python pandas the role involves supporting company projects and completing assigned tasks
Data Analyst,Looking for someone for a Data Analyst position. Good opportunity.,"Python, SQL, Excel, Power BI",Not specified,Not specified,Not specified,Not specified,Not specified,44,Poor,Job responsibilities unclear and required skills missing,looking for someone for a data analyst position good opportunity
Marketing Manager,"We are looking for a Marketing Manager to join our team. The successful candidate will use SEO, Google Ads, Analytics to support our projects and business goals. Candidates should have 3 years of relevant experience and a Bachelor degree. Strong communication, problem-solving, and teamwork skills are expected.","SEO, Google Ads, Analytics, Communication",3 years,Bachelor degree,"Manage projects, coordinate stakeholders, track deadlines, and resolve project risks.",50000-100000,"Medical insurance, flexible hours, paid vacation",94,Good,,we are looking for a marketing manager to join our team the successful candidate will use seo google ads analytics to support our projects and business goals candidates should have 3 years of relevant experience and a bachelor degree strong communication problem solving and teamwork skills are expected
HR Manager,"We are hiring a HR Manager. The candidate should have knowledge of Recruitment, HR Management. The role involves supporting company projects and completing assigned tasks.","Recruitment, HR Management, Communication",1 year,BS Human Resources,"Support customers, resolve queries, document interactions, and maintain service quality.",80000-130000,"Paid leave, training budget, performance bonus",75,Average,Benefits information missing,we are hiring a hr manager the candidate should have knowledge of recruitment hr management the role involves supporting company projects and completing assigned tasks
Content Writer,We need a hardworking Content Writer. Apply now.,"Writing, SEO, Research",Not specified,Not specified,Not specified,Not specified,Not specified,24,Poor,"Skills, experience, education, responsibilities and salary missing",we need a hardworking content writer apply now
Accountant,"We are looking for a Accountant to join our team. The successful candidate will use Excel, Accounting, QuickBooks to support our projects and business goals. Candidates should have 3-5 years of relevant experience and a BS Accounting. Strong communication, problem-solving, and teamwork skills are expected.","Excel, Accounting, QuickBooks",3-5 years,BS Accounting,"Develop and maintain applications, collaborate with team members, test solutions, and fix issues.",70000-100000,"Paid leave, training budget, performance bonus",97,Good,,we are looking for a accountant to join our team the successful candidate will use excel accounting quickbooks to support our projects and business goals candidates should have 3 5 years of relevant experience and a bs accounting strong communication problem solving and teamwork skills are expected
Customer Support Representative,We need a person who can do Customer Support Representative work. Contact us.,"Communication, CRM, Problem Solving",Not specified,Not specified,Not specified,Not specified,Not specified,29,Poor,"Skills, experience, education, responsibilities and salary missing",we need a person who can do customer support representative work contact us
UI UX Designer,"We are hiring a UI UX Designer. The candidate should have knowledge of Figma, UI Design. The role involves supporting company projects and completing assigned tasks.","Figma, UI Design, UX Research, Prototyping",1 year,BS Design,"Develop and maintain applications, collaborate with team members, test solutions, and fix issues.",80000-130000,"Health insurance, annual bonus, professional development",64,Average,Experience requirement unclear,we are hiring a ui ux designer the candidate should have knowledge of figma ui design the role involves supporting company projects and completing assigned tasks
Data Analyst,"We are looking for a Data Analyst to join our team. The successful candidate will use Python, SQL, Excel to support our projects and business goals. Candidates should have 2 years of relevant experience and a BS Data Science. Strong communication, problem-solving, and teamwork skills are expected.","Python, SQL, Excel, Power BI",2 years,BS Data Science,"Create user-focused designs, review feedback, and collaborate with developers.",90000-150000,"Paid leave, training budget, performance bonus",96,Good,,we are looking for a data analyst to join our team the successful candidate will use python sql excel to support our projects and business goals candidates should have 2 years of relevant experience and a bs data science strong communication problem solving and teamwork skills are expected
Data Analyst,"We are hiring a Data Analyst. The candidate should have knowledge of Python, SQL. The role involves supporting company projects and completing assigned tasks.","Python, SQL, Excel, Power BI",Not specified,BS Data Science,"Develop and maintain applications, collaborate with team members, test solutions, and fix issues.",60000-100000,"Health insurance, annual bonus, professional development",78,Average,Responsibilities are limited,we are hiring a data analyst the candidate should have knowledge of python sql the role involves supporting company projects and completing assigned tasks
Web Developer,"We are looking for a Web Developer to join our team. The successful candidate will use HTML, CSS, JavaScript to support our projects and business goals. Candidates should have 2 years of relevant experience and a BS Computer Science. Strong communication, problem-solving, and teamwork skills are expected.","HTML, CSS, JavaScript, React",2 years,BS Computer Science,"Manage projects, coordinate stakeholders, track deadlines, and resolve project risks.",60000-110000,"Paid leave, training budget, performance bonus",97,Good,,we are looking for a web developer to join our team the successful candidate will use html css javascript to support our projects and business goals candidates should have 2 years of relevant experience and a bs computer science strong communication problem solving and teamwork skills are expected
Customer Support Representative,"We are hiring a Customer Support Representative. The candidate should have knowledge of Communication, CRM. The role involves supporting company projects and completing assigned tasks.","Communication, CRM, Problem Solving",Not specified,Bachelor degree,"Create user-focused designs, review feedback, and collaborate with developers.",80000-130000,"Paid leave, training budget, performance bonus",68,Average,Benefits information missing,we are hiring a customer support representative the candidate should have knowledge of communication crm the role involves supporting company projects and completing assigned tasks
Data Analyst,We need a hardworking Data Analyst. Apply now.,"Python, SQL, Excel, Power BI",Not specified,Not specified,Not specified,Not specified,Not specified,44,Poor,"Experience, education, salary and benefits missing",we need a hardworking data analyst apply now
Data Scientist,"We are looking for a Data Scientist to join our team. The successful candidate will use Python, Pandas, Scikit-learn to support our projects and business goals. Candidates should have 2 years of relevant experience and a BS Data Science. Strong communication, problem-solving, and teamwork skills are expected.","Python, Pandas, Scikit-learn, SQL",2 years,BS Data Science,"Create user-focused designs, review feedback, and collaborate with developers.",80000-140000,"Paid leave, training budget, performance bonus",86,Good,,we are looking for a data scientist to join our team the successful candidate will use python pandas scikit learn to support our projects and business goals candidates should have 2 years of relevant experience and a bs data science strong communication problem solving and teamwork skills are expected
Content Writer,"We are looking for a Content Writer to join our team. The successful candidate will use Writing, SEO, Research to support our projects and business goals. Candidates should have 2 years of relevant experience and a Bachelor degree. Strong communication, problem-solving, and teamwork skills are expected.","Writing, SEO, Research",2 years,Bachelor degree,"Manage projects, coordinate stakeholders, track deadlines, and resolve project risks.",80000-130000,"Health insurance, annual bonus, professional development",98,Good,,we are looking for a content writer to join our team the successful candidate will use writing seo research to support our projects and business goals candidates should have 2 years of relevant experience and a bachelor degree strong communication problem solving and teamwork skills are expected
Data Scientist,"We are looking for a Data Scientist to join our team. The successful candidate will use Python, Pandas, Scikit-learn to support our projects and business goals. Candidates should have 5 years of relevant experience and a BS Data Science. Strong communication, problem-solving, and teamwork skills are expected.","Python, Pandas, Scikit-learn, SQL",5 years,BS Data Science,"Manage projects, coordinate stakeholders, track deadlines, and resolve project risks.",70000-100000,"Medical insurance, flexible hours, paid vacation",87,Good,,we are looking for a data scientist to join our team the successful candidate will use python pandas scikit learn to support our projects and business goals candidates should have 5 years of relevant experience and a bs data science strong communication problem solving and teamwork skills are expected
Data Analyst,"We are hiring a Data Analyst. The candidate should have knowledge of Python, SQL. The role involves supporting company projects and completing assigned tasks.","Python, SQL, Excel, Power BI",2 years,BS Data Science,"Develop and maintain applications, collaborate with team members, test solutions, and fix issues.",80000-130000,Not specified,69,Average,Experience requirement unclear,we are hiring a data analyst the candidate should have knowledge of python sql the role involves supporting company projects and completing assigned tasks
Cybersecurity Analyst,"We are looking for a Cybersecurity Analyst to join our team. The successful candidate will use Network Security, Linux, SIEM to support our projects and business goals. Candidates should have 3 years of relevant experience and a BS Cybersecurity. Strong communication, problem-solving, and teamwork skills are expected.","Network Security, Linux, SIEM, Python",3 years,BS Cybersecurity,"Create user-focused designs, review feedback, and collaborate with developers.",80000-120000,"Health insurance, paid leave, annual bonus",86,Good,,we are looking for a cybersecurity analyst to join our team the successful candidate will use network security linux siem to support our projects and business goals candidates should have 3 years of relevant experience and a bs cybersecurity strong communication problem solving and teamwork skills are expected
Machine Learning Engineer,"We are looking for a Machine Learning Engineer to join our team. The successful candidate will use Python, TensorFlow, Scikit-learn to support our projects and business goals. Candidates should have 1 year of relevant experience and a BS Computer Science. Strong communication, problem-solving, and teamwork skills are expected.","Python, TensorFlow, Scikit-learn, SQL",1 year,BS Computer Science,"Create user-focused designs, review feedback, and collaborate with developers.",60000-100000,"Medical insurance, flexible hours, paid vacation",90,Good,,we are looking for a machine learning engineer to join our team the successful candidate will use python tensorflow scikit learn to support our projects and business goals candidates should have 1 year of relevant experience and a bs computer science strong communication problem solving and teamwork skills are expected
Data Analyst,"We are hiring a Data Analyst. The candidate should have knowledge of Python, SQL. The role involves supporting company projects and completing assigned tasks.","Python, SQL, Excel, Power BI",2 years,BS Data Science,"Develop and maintain applications, collaborate with team members, test solutions, and fix issues.",60000-100000,"Health insurance, paid leave, annual bonus",66,Average,Salary information missing,we are hiring a data analyst the candidate should have knowledge of python sql the role involves supporting company projects and completing assigned tasks
Machine Learning Engineer,"We are looking for a Machine Learning Engineer to join our team. The successful candidate will use Python, TensorFlow, Scikit-learn to support our projects and business goals. Candidates should have 2-3 years of relevant experience and a BS Computer Science. Strong communication, problem-solving, and teamwork skills are expected.","Python, TensorFlow, Scikit-learn, SQL",2-3 years,BS Computer Science,"Develop and maintain applications, collaborate with team members, test solutions, and fix issues.",50000-80000,"Health insurance, annual bonus, professional development",87,Good,,we are looking for a machine learning engineer to join our team the successful candidate will use python tensorflow scikit learn to support our projects and business goals candidates should have 2 3 years of relevant experience and a bs computer science strong communication problem solving and teamwork skills are expected
Business Analyst,"We are looking for a Business Analyst to join our team. The successful candidate will use SQL, Excel, Requirements Analysis to support our projects and business goals. Candidates should have 5 years of relevant experience and a Bachelor degree. Strong communication, problem-solving, and teamwork skills are expected.","SQL, Excel, Requirements Analysis",5 years,Bachelor degree,"Create user-focused designs, review feedback, and collaborate with developers.",80000-140000,"Health insurance, paid leave, annual bonus",95,Good,,we are looking for a business analyst to join our team the successful candidate will use sql excel requirements analysis to support our projects and business goals candidates should have 5 years of relevant experience and a bachelor degree strong communication problem solving and teamwork skills are expected
Accountant,"We are looking for a Accountant to join our team. The successful candidate will use Excel, Accounting, QuickBooks to support our projects and business goals. Candidates should have 2 years of relevant experience and a BS Accounting. Strong communication, problem-solving, and teamwork skills are expected.","Excel, Accounting, QuickBooks",2 years,BS Accounting,"Create user-focused designs, review feedback, and collaborate with developers.",60000-110000,"Paid leave, training budget, performance bonus",87,Good,,we are looking for a accountant to join our team the successful candidate will use excel accounting quickbooks to support our projects and business goals candidates should have 2 years of relevant experience and a bs accounting strong communication problem solving and teamwork skills are expected
Web Developer,"We are hiring a Web Developer. The candidate should have knowledge of HTML, CSS. The role involves supporting company projects and completing assigned tasks.","HTML, CSS, JavaScript, React",Not specified,BS Computer Science,"Create user-focused designs, review feedback, and collaborate with developers.",60000-100000,"Paid leave, training budget, performance bonus",73,Average,Responsibilities are limited,we are hiring a web developer the candidate should have knowledge of html css the role involves supporting company projects and completing assigned tasks
Mobile App Developer,"We are looking for a Mobile App Developer to join our team. The successful candidate will use Kotlin, Java, Android Studio to support our projects and business goals. Candidates should have 2-3 years of relevant experience and a BS Computer Science. Strong communication, problem-solving, and teamwork skills are expected.","Kotlin, Java, Android Studio",2-3 years,BS Computer Science,"Analyze data, prepare reports, communicate findings, and support business decisions.",80000-120000,"Health insurance, annual bonus, professional development",95,Good,,we are looking for a mobile app developer to join our team the successful candidate will use kotlin java android studio to support our projects and business goals candidates should have 2 3 years of relevant experience and a bs computer science strong communication problem solving and teamwork skills are expected
Network Administrator,"We are looking for a Network Administrator to join our team. The successful candidate will use Networking, Cisco, TCP/IP to support our projects and business goals. Candidates should have 3-5 years of relevant experience and a BS Computer Science. Strong communication, problem-solving, and teamwork skills are expected.","Networking, Cisco, TCP/IP, Linux",3-5 years,BS Computer Science,"Create user-focused designs, review feedback, and collaborate with developers.",50000-110000,"Paid leave, training budget, performance bonus",93,Good,,we are looking for a network administrator to join our team the successful candidate will use networking cisco tcp ip to support our projects and business goals candidates should have 3 5 years of relevant experience and a bs computer science strong communication problem solving and teamwork skills are expected
Mobile App Developer,"We are looking for a Mobile App Developer to join our team. The successful candidate will use Kotlin, Java, Android Studio to support our projects and business goals. Candidates should have 3-5 years of relevant experience and a BS Computer Science. Strong communication, problem-solving, and teamwork skills are expected.","Kotlin, Java, Android Studio",3-5 years,BS Computer Science,"Manage projects, coordinate stakeholders, track deadlines, and resolve project risks.",90000-140000,"Health insurance, annual bonus, professional development",87,Good,,we are looking for a mobile app developer to join our team the successful candidate will use kotlin java android studio to support our projects and business goals candidates should have 3 5 years of relevant experience and a bs computer science strong communication problem solving and teamwork skills are expected
Software Developer,"We are looking for a Software Developer to join our team. The successful candidate will use Python, Java, C++ to support our projects and business goals. Candidates should have 2 years of relevant experience and a BS Computer Science. Strong communication, problem-solving, and teamwork skills are expected.","Python, Java, C++, Git",2 years,BS Computer Science,"Create user-focused designs, review feedback, and collaborate with developers.",50000-100000,"Health insurance, paid leave, annual bonus",93,Good,,we are looking for a software developer to join our team the successful candidate will use python java c to support our projects and business goals candidates should have 2 years of relevant experience and a bs computer science strong communication problem solving and teamwork skills are expected
Sales Executive,We need a hardworking Sales Executive. Apply now.,"Sales, CRM, Communication, Negotiation",Not specified,Not specified,Not specified,Not specified,Not specified,25,Poor,"Skills, experience, education, responsibilities and salary missing",we need a hardworking sales executive apply now
Graphic Designer,"We are hiring a Graphic Designer. The candidate should have knowledge of Photoshop, Illustrator. The role involves supporting company projects and completing assigned tasks.","Photoshop, Illustrator, Canva",2 years,Bachelor degree,"Analyze data, prepare reports, communicate findings, and support business decisions.",Not specified,"Health insurance, paid leave, annual bonus",78,Average,Salary information missing,we are hiring a graphic designer the candidate should have knowledge of photoshop illustrator the role involves supporting company projects and completing assigned tasks
Business Analyst,"We are looking for a Business Analyst to join our team. The successful candidate will use SQL, Excel, Requirements Analysis to support our projects and business goals. Candidates should have 5 years of relevant experience and a Bachelor degree. Strong communication, problem-solving, and teamwork skills are expected.","SQL, Excel, Requirements Analysis",5 years,Bachelor degree,"Manage records, prepare reports, monitor processes, and ensure accurate documentation.",100000-150000,"Health insurance, paid leave, annual bonus",96,Good,,we are looking for a business analyst to join our team the successful candidate will use sql excel requirements analysis to support our projects and business goals candidates should have 5 years of relevant experience and a bachelor degree strong communication problem solving and teamwork skills are expected
Sales Executive,We need a person who can do Sales Executive work. Contact us.,"Sales, CRM, Communication, Negotiation",Not specified,Not specified,Not specified,Not specified,Not specified,24,Poor,"Experience, education, salary and benefits missing",we need a person who can do sales executive work contact us
UI UX Designer,Looking for someone for a UI UX Designer position. Good opportunity.,"Figma, UI Design, UX Research, Prototyping",Not specified,Not specified,Not specified,Not specified,Not specified,37,Poor,Job responsibilities unclear and required skills missing,looking for someone for a ui ux designer position good opportunity
Cybersecurity Analyst,"We are hiring a Cybersecurity Analyst. The candidate should have knowledge of Network Security, Linux. The role involves supporting company projects and completing assigned tasks.","Network Security, Linux, SIEM, Python",1 year,BS Cybersecurity,"Support customers, resolve queries, document interactions, and maintain service quality.",60000-100000,"Medical insurance, flexible hours, paid vacation",67,Average,Education requirement missing,we are hiring a cybersecurity analyst the candidate should have knowledge of network security linux the role involves supporting company projects and completing assigned tasks
Network Administrator,"We are hiring a Network Administrator. The candidate should have knowledge of Networking, Cisco. The role involves supporting company projects and completing assigned tasks.","Networking, Cisco, TCP/IP, Linux",2 years,BS Computer Science,"Analyze data, prepare reports, communicate findings, and support business decisions.",Not specified,"Medical insurance, flexible hours, paid vacation",70,Average,Benefits information missing,we are hiring a network administrator the candidate should have knowledge of networking cisco the role involves supporting company projects and completing assigned tasks
Marketing Manager,"We are looking for a Marketing Manager to join our team. The successful candidate will use SEO, Google Ads, Analytics to support our projects and business goals. Candidates should have 2 years of relevant experience and a Bachelor degree. Strong communication, problem-solving, and teamwork skills are expected.","SEO, Google Ads, Analytics, Communication",2 years,Bachelor degree,"Support customers, resolve queries, document interactions, and maintain service quality.",90000-130000,"Health insurance, paid leave, annual bonus",98,Good,,we are looking for a marketing manager to join our team the successful candidate will use seo google ads analytics to support our projects and business goals candidates should have 2 years of relevant experience and a bachelor degree strong communication problem solving and teamwork skills are expected
Sales Executive,Looking for someone for a Sales Executive position. Good opportunity.,"Sales, CRM, Communication, Negotiation",Not specified,Not specified,Not specified,Not specified,Not specified,42,Poor,"Experience, education, salary and benefits missing",looking for someone for a sales executive position good opportunity
Customer Support Representative,"We are hiring a Customer Support Representative. The candidate should have knowledge of Communication, CRM. The role involves supporting company projects and completing assigned tasks.","Communication, CRM, Problem Solving",2 years,Bachelor degree,"Analyze data, prepare reports, communicate findings, and support business decisions.",80000-130000,"Paid leave, training budget, performance bonus",65,Average,Salary information missing,we are hiring a customer support representative the candidate should have knowledge of communication crm the role involves supporting company projects and completing assigned tasks
Mobile App Developer,"We are hiring a Mobile App Developer. The candidate should have knowledge of Kotlin, Java. The role involves supporting company projects and completing assigned tasks.","Kotlin, Java, Android Studio",1 year,BS Computer Science,"Manage records, prepare reports, monitor processes, and ensure accurate documentation.",Not specified,Not specified,79,Average,Experience requirement unclear,we are hiring a mobile app developer the candidate should have knowledge of kotlin java the role involves supporting company projects and completing assigned tasks
Graphic Designer,"We are hiring a Graphic Designer. The candidate should have knowledge of Photoshop, Illustrator. The role involves supporting company projects and completing assigned tasks.","Photoshop, Illustrator, Canva",1 year,Bachelor degree,"Manage records, prepare reports, monitor processes, and ensure accurate documentation.",80000-130000,"Paid leave, training budget, performance bonus",69,Average,Benefits information missing,we are hiring a graphic designer the candidate should have knowledge of photoshop illustrator the role involves supporting company projects and completing assigned tasks
Cybersecurity Analyst,"We are hiring a Cybersecurity Analyst. The candidate should have knowledge of Network Security, Linux. The role involves supporting company projects and completing assigned tasks.","Network Security, Linux, SIEM, Python",Not specified,BS Cybersecurity,"Support customers, resolve queries, document interactions, and maintain service quality.",Not specified,"Health insurance, annual bonus, professional development",61,Average,Benefits information missing,we are hiring a cybersecurity analyst the candidate should have knowledge of network security linux the role involves supporting company projects and completing assigned tasks
Teacher,"We are looking for a Teacher to join our team. The successful candidate will use Teaching, Communication, Lesson Planning to support our projects and business goals. Candidates should have 3-5 years of relevant experience and a Bachelor degree. Strong communication, problem-solving, and teamwork skills are expected.","Teaching, Communication, Lesson Planning",3-5 years,Bachelor degree,"Analyze data, prepare reports, communicate findings, and support business decisions.",60000-90000,"Health insurance, annual bonus, professional development",90,Good,,we are looking for a teacher to join our team the successful candidate will use teaching communication lesson planning to support our projects and business goals candidates should have 3 5 years of relevant experience and a bachelor degree strong communication problem solving and teamwork skills are expected
Data Analyst,"We are looking for a Data Analyst to join our team. The successful candidate will use Python, SQL, Excel to support our projects and business goals. Candidates should have 2-3 years of relevant experience and a BS Data Science. Strong communication, problem-solving, and teamwork skills are expected.","Python, SQL, Excel, Power BI",2-3 years,BS Data Science,"Create user-focused designs, review feedback, and collaborate with developers.",60000-90000,"Paid leave, training budget, performance bonus",85,Good,,we are looking for a data analyst to join our team the successful candidate will use python sql excel to support our projects and business goals candidates should have 2 3 years of relevant experience and a bs data science strong communication problem solving and teamwork skills are expected
Project Manager,"We are looking for a Project Manager to join our team. The successful candidate will use Agile, Jira, Communication to support our projects and business goals. Candidates should have 5 years of relevant experience and a BS Management. Strong communication, problem-solving, and teamwork skills are expected.","Agile, Jira, Communication, Risk Management",5 years,BS Management,"Develop and maintain applications, collaborate with team members, test solutions, and fix issues.",50000-100000,"Paid leave, training budget, performance bonus",96,Good,,we are looking for a project manager to join our team the successful candidate will use agile jira communication to support our projects and business goals candidates should have 5 years of relevant experience and a bs management strong communication problem solving and teamwork skills are expected
Software Developer,"We are looking for a Software Developer to join our team. The successful candidate will use Python, Java, C++ to support our projects and business goals. Candidates should have 3 years of relevant experience and a BS Computer Science. Strong communication, problem-solving, and teamwork skills are expected.","Python, Java, C++, Git",3 years,BS Computer Science,"Create user-focused designs, review feedback, and collaborate with developers.",100000-160000,"Medical insurance, flexible hours, paid vacation",92,Good,,we are looking for a software developer to join our team the successful candidate will use python java c to support our projects and business goals candidates should have 3 years of relevant experience and a bs computer science strong communication problem solving and teamwork skills are expected
Customer Support Representative,"We are looking for a Customer Support Representative to join our team. The successful candidate will use Communication, CRM, Problem Solving to support our projects and business goals. Candidates should have 3 years of relevant experience and a Bachelor degree. Strong communication, problem-solving, and teamwork skills are expected.","Communication, CRM, Problem Solving",3 years,Bachelor degree,"Analyze data, prepare reports, communicate findings, and support business decisions.",50000-110000,"Medical insurance, flexible hours, paid vacation",92,Good,,we are looking for a customer support representative to join our team the successful candidate will use communication crm problem solving to support our projects and business goals candidates should have 3 years of relevant experience and a bachelor degree strong communication problem solving and teamwork skills are expected
Data Analyst,We need a hardworking Data Analyst. Apply now.,"Python, SQL, Excel, Power BI",Not specified,Not specified,Not specified,Not specified,Not specified,29,Poor,"Skills, experience, education, responsibilities and salary missing",we need a hardworking data analyst apply now
Marketing Manager,"We are looking for a Marketing Manager to join our team. The successful candidate will use SEO, Google Ads, Analytics to support our projects and business goals. Candidates should have 1 year of relevant experience and a Bachelor degree. Strong communication, problem-solving, and teamwork skills are expected.","SEO, Google Ads, Analytics, Communication",1 year,Bachelor degree,"Create user-focused designs, review feedback, and collaborate with developers.",50000-100000,"Medical insurance, flexible hours, paid vacation",87,Good,,we are looking for a marketing manager to join our team the successful candidate will use seo google ads analytics to support our projects and business goals candidates should have 1 year of relevant experience and a bachelor degree strong communication problem solving and teamwork skills are expected
Data Analyst,"We are hiring a Data Analyst. The candidate should have knowledge of Python, SQL. The role involves supporting company projects and completing assigned tasks.","Python, SQL, Excel, Power BI",1 year,BS Data Science,"Support customers, resolve queries, document interactions, and maintain service quality.",80000-130000,Not specified,75,Average,Education requirement missing,we are hiring a data analyst the candidate should have knowledge of python sql the role involves supporting company projects and completing assigned tasks
Accountant,We need a hardworking Accountant. Apply now.,"Excel, Accounting, QuickBooks",Not specified,Not specified,Not specified,Not specified,Not specified,39,Poor,Job responsibilities unclear and required skills missing,we need a hardworking accountant apply now
Cybersecurity Analyst,"We are looking for a Cybersecurity Analyst to join our team. The successful candidate will use Network Security, Linux, SIEM to support our projects and business goals. Candidates should have 2-3 years of relevant experience and a BS Cybersecurity. Strong communication, problem-solving, and teamwork skills are expected.","Network Security, Linux, SIEM, Python",2-3 years,BS Cybersecurity,"Manage records, prepare reports, monitor processes, and ensure accurate documentation.",60000-100000,"Health insurance, annual bonus, professional development",93,Good,,we are looking for a cybersecurity analyst to join our team the successful candidate will use network security linux siem to support our projects and business goals candidates should have 2 3 years of relevant experience and a bs cybersecurity strong communication problem solving and teamwork skills are expected
Content Writer,"We are looking for a Content Writer to join our team. The successful candidate will use Writing, SEO, Research to support our projects and business goals. Candidates should have 2-3 years of relevant experience and a Bachelor degree. Strong communication, problem-solving, and teamwork skills are expected.","Writing, SEO, Research",2-3 years,Bachelor degree,"Develop and maintain applications, collaborate with team members, test solutions, and fix issues.",70000-110000,"Health insurance, paid leave, annual bonus",91,Good,,we are looking for a content writer to join our team the successful candidate will use writing seo research to support our projects and business goals candidates should have 2 3 years of relevant experience and a bachelor degree strong communication problem solving and teamwork skills are expected
Business Analyst,"We are hiring a Business Analyst. The candidate should have knowledge of SQL, Excel. The role involves supporting company projects and completing assigned tasks.","SQL, Excel, Requirements Analysis",2 years,Bachelor degree,"Manage projects, coordinate stakeholders, track deadlines, and resolve project risks.",60000-100000,"Health insurance, paid leave, annual bonus",60,Average,Salary information missing,we are hiring a business analyst the candidate should have knowledge of sql excel the role involves supporting company projects and completing assigned tasks
Data Analyst,"We are looking for a Data Analyst to join our team. The successful candidate will use Python, SQL, Excel to support our projects and business goals. Candidates should have 5 years of relevant experience and a BS Data Science. Strong communication, problem-solving, and teamwork skills are expected.","Python, SQL, Excel, Power BI",5 years,BS Data Science,"Develop and maintain applications, collaborate with team members, test solutions, and fix issues.",100000-160000,"Medical insurance, flexible hours, paid vacation",85,Good,,we are looking for a data analyst to join our team the successful candidate will use python sql excel to support our projects and business goals candidates should have 5 years of relevant experience and a bs data science strong communication problem solving and teamwork skills are expected
UI UX Designer,"We are looking for a UI UX Designer to join our team. The successful candidate will use Figma, UI Design, UX Research to support our projects and business goals. Candidates should have 2-3 years of relevant experience and a BS Design. Strong communication, problem-solving, and teamwork skills are expected.","Figma, UI Design, UX Research, Prototyping",2-3 years,BS Design,"Manage projects, coordinate stakeholders, track deadlines, and resolve project risks.",50000-110000,"Health insurance, paid leave, annual bonus",97,Good,,we are looking for a ui ux designer to join our team the successful candidate will use figma ui design ux research to support our projects and business goals candidates should have 2 3 years of relevant experience and a bs design strong communication problem solving and teamwork skills are expected
Customer Support Representative,"We are hiring a Customer Support Representative. The candidate should have knowledge of Communication, CRM. The role involves supporting company projects and completing assigned tasks.","Communication, CRM, Problem Solving",Not specified,Bachelor degree,"Manage records, prepare reports, monitor processes, and ensure accurate documentation.",80000-130000,"Health insurance, paid leave, annual bonus",77,Average,Salary information missing,we are hiring a customer support representative the candidate should have knowledge of communication crm the role involves supporting company projects and completing assigned tasks
Cybersecurity Analyst,"We are looking for a Cybersecurity Analyst to join our team. The successful candidate will use Network Security, Linux, SIEM to support our projects and business goals. Candidates should have 3 years of relevant experience and a BS Cybersecurity. Strong communication, problem-solving, and teamwork skills are expected.","Network Security, Linux, SIEM, Python",3 years,BS Cybersecurity,"Develop and maintain applications, collaborate with team members, test solutions, and fix issues.",70000-110000,"Health insurance, annual bonus, professional development",89,Good,,we are looking for a cybersecurity analyst to join our team the successful candidate will use network security linux siem to support our projects and business goals candidates should have 3 years of relevant experience and a bs cybersecurity strong communication problem solving and teamwork skills are expected
Database Administrator,"We are hiring a Database Administrator. The candidate should have knowledge of SQL, MySQL. The role involves supporting company projects and completing assigned tasks.","SQL, MySQL, PostgreSQL, Backup",1 year,BS Computer Science,"Develop and maintain applications, collaborate with team members, test solutions, and fix issues.",80000-130000,Not specified,64,Average,Education requirement missing,we are hiring a database administrator the candidate should have knowledge of sql mysql the role involves supporting company projects and completing assigned tasks
Data Analyst,"We are hiring a Data Analyst. The candidate should have knowledge of Python, SQL. The role involves supporting company projects and completing assigned tasks.","Python, SQL, Excel, Power BI",Not specified,BS Data Science,"Analyze data, prepare reports, communicate findings, and support business decisions.",80000-130000,Not specified,77,Average,Education requirement missing,we are hiring a data analyst the candidate should have knowledge of python sql the role involves supporting company projects and completing assigned tasks
Customer Support Representative,Looking for someone for a Customer Support Representative position. Good opportunity.,"Communication, CRM, Problem Solving",Not specified,Not specified,Not specified,Not specified,Not specified,37,Poor,"Experience, education, salary and benefits missing",looking for someone for a customer support representative position good opportunity
Mobile App Developer,"We are hiring a Mobile App Developer. The candidate should have knowledge of Kotlin, Java. The role involves supporting company projects and completing assigned tasks.","Kotlin, Java, Android Studio",1 year,BS Computer Science,"Develop and maintain applications, collaborate with team members, test solutions, and fix issues.",80000-130000,"Paid leave, training budget, performance bonus",72,Average,Education requirement missing,we are hiring a mobile app developer the candidate should have knowledge of kotlin java the role involves supporting company projects and completing assigned tasks
Network Administrator,"We are hiring a Network Administrator. The candidate should have knowledge of Networking, Cisco. The role involves supporting company projects and completing assigned tasks.","Networking, Cisco, TCP/IP, Linux",Not specified,BS Computer Science,"Analyze data, prepare reports, communicate findings, and support business decisions.",Not specified,Not specified,63,Average,Salary information missing,we are hiring a network administrator the candidate should have knowledge of networking cisco the role involves supporting company projects and completing assigned tasks
Cybersecurity Analyst,We need a hardworking Cybersecurity Analyst. Apply now.,"Network Security, Linux, SIEM, Python",Not specified,Not specified,Not specified,Not specified,Not specified,26,Poor,"Skills, experience, education, responsibilities and salary missing",we need a hardworking cybersecurity analyst apply now
Machine Learning Engineer,"We are looking for a Machine Learning Engineer to join our team. The successful candidate will use Python, TensorFlow, Scikit-learn to support our projects and business goals. Candidates should have 1 year of relevant experience and a BS Computer Science. Strong communication, problem-solving, and teamwork skills are expected.","Python, TensorFlow, Scikit-learn, SQL",1 year,BS Computer Science,"Manage records, prepare reports, monitor processes, and ensure accurate documentation.",100000-160000,"Medical insurance, flexible hours, paid vacation",87,Good,,we are looking for a machine learning engineer to join our team the successful candidate will use python tensorflow scikit learn to support our projects and business goals candidates should have 1 year of relevant experience and a bs computer science strong communication problem solving and teamwork skills are expected
Teacher,"We are looking for a Teacher to join our team. The successful candidate will use Teaching, Communication, Lesson Planning to support our projects and business goals. Candidates should have 5 years of relevant experience and a Bachelor degree. Strong communication, problem-solving, and teamwork skills are expected.","Teaching, Communication, Lesson Planning",5 years,Bachelor degree,"Support customers, resolve queries, document interactions, and maintain service quality.",50000-80000,"Health insurance, annual bonus, professional development",91,Good,,we are looking for a teacher to join our team the successful candidate will use teaching communication lesson planning to support our projects and business goals candidates should have 5 years of relevant experience and a bachelor degree strong communication problem solving and teamwork skills are expected
Content Writer,"We are looking for a Content Writer to join our team. The successful candidate will use Writing, SEO, Research to support our projects and business goals. Candidates should have 2-3 years of relevant experience and a Bachelor degree. Strong communication, problem-solving, and teamwork skills are expected.","Writing, SEO, Research",2-3 years,Bachelor degree,"Manage records, prepare reports, monitor processes, and ensure accurate documentation.",90000-150000,"Health insurance, paid leave, annual bonus",94,Good,,we are looking for a content writer to join our team the successful candidate will use writing seo research to support our projects and business goals candidates should have 2 3 years of relevant experience and a bachelor degree strong communication problem solving and teamwork skills are expected
Business Analyst,"We are hiring a Business Analyst. The candidate should have knowledge of SQL, Excel. The role involves supporting company projects and completing assigned tasks.","SQL, Excel, Requirements Analysis",2 years,Bachelor degree,"Analyze data, prepare reports, communicate findings, and support business decisions.",60000-100000,"Health insurance, annual bonus, professional development",64,Average,Responsibilities are limited,we are hiring a business analyst the candidate should have knowledge of sql excel the role involves supporting company projects and completing assigned tasks
Business Analyst,"We are hiring a Business Analyst. The candidate should have knowledge of SQL, Excel. The role involves supporting company projects and completing assigned tasks.","SQL, Excel, Requirements Analysis",1 year,Bachelor degree,"Develop and maintain applications, collaborate with team members, test solutions, and fix issues.",60000-100000,Not specified,69,Average,Responsibilities are limited,we are hiring a business analyst the candidate should have knowledge of sql excel the role involves supporting company projects and completing assigned tasks
Sales Executive,Looking for someone for a Sales Executive position. Good opportunity.,"Sales, CRM, Communication, Negotiation",Not specified,Not specified,Not specified,Not specified,Not specified,32,Poor,"Experience, education, salary and benefits missing",looking for someone for a sales executive position good opportunity
Mobile App Developer,"We are hiring a Mobile App Developer. The candidate should have knowledge of Kotlin, Java. The role involves supporting company projects and completing assigned tasks.","Kotlin, Java, Android Studio",2 years,BS Computer Science,"Manage projects, coordinate stakeholders, track deadlines, and resolve project risks.",60000-100000,"Medical insurance, flexible hours, paid vacation",72,Average,Benefits information missing,we are hiring a mobile app developer the candidate should have knowledge of kotlin java the role involves supporting company projects and completing assigned tasks
Teacher,"We are hiring a Teacher. The candidate should have knowledge of Teaching, Communication. The role involves supporting company projects and completing assigned tasks.","Teaching, Communication, Lesson Planning",Not specified,Bachelor degree,"Create user-focused designs, review feedback, and collaborate with developers.",80000-130000,"Health insurance, paid leave, annual bonus",70,Average,Benefits information missing,we are hiring a teacher the candidate should have knowledge of teaching communication the role involves supporting company projects and completing assigned tasks
Web Developer,"We are hiring a Web Developer. The candidate should have knowledge of HTML, CSS. The role involves supporting company projects and completing assigned tasks.","HTML, CSS, JavaScript, React",2 years,BS Computer Science,"Manage projects, coordinate stakeholders, track deadlines, and resolve project risks.",80000-130000,"Health insurance, paid leave, annual bonus",69,Average,Experience requirement unclear,we are hiring a web developer the candidate should have knowledge of html css the role involves supporting company projects and completing assigned tasks
Project Manager,We need a person who can do Project Manager work. Contact us.,"Agile, Jira, Communication, Risk Management",Not specified,Not specified,Not specified,Not specified,Not specified,41,Poor,"Skills, experience, education, responsibilities and salary missing",we need a person who can do project manager work contact us
Graphic Designer,"We are looking for a Graphic Designer to join our team. The successful candidate will use Photoshop, Illustrator, Canva to support our projects and business goals. Candidates should have 5 years of relevant experience and a Bachelor degree. Strong communication, problem-solving, and teamwork skills are expected.","Photoshop, Illustrator, Canva",5 years,Bachelor degree,"Manage records, prepare reports, monitor processes, and ensure accurate documentation.",80000-130000,"Paid leave, training budget, performance bonus",91,Good,,we are looking for a graphic designer to join our team the successful candidate will use photoshop illustrator canva to support our projects and business goals candidates should have 5 years of relevant experience and a bachelor degree strong communication problem solving and teamwork skills are expected
Teacher,"We are hiring a Teacher. The candidate should have knowledge of Teaching, Communication. The role involves supporting company projects and completing assigned tasks.","Teaching, Communication, Lesson Planning",1 year,Bachelor degree,"Create user-focused designs, review feedback, and collaborate with developers.",80000-130000,"Medical insurance, flexible hours, paid vacation",75,Average,Responsibilities are limited,we are hiring a teacher the candidate should have knowledge of teaching communication the role involves supporting company projects and completing assigned tasks
Sales Executive,We need a person who can do Sales Executive work. Contact us.,"Sales, CRM, Communication, Negotiation",Not specified,Not specified,Not specified,Not specified,Not specified,45,Poor,"Skills, experience, education, responsibilities and salary missing",we need a person who can do sales executive work contact us
Data Analyst,"We are looking for a Data Analyst to join our team. The successful candidate will use Python, SQL, Excel to support our projects and business goals. Candidates should have 3-5 years of relevant experience and a BS Data Science. Strong communication, problem-solving, and teamwork skills are expected.","Python, SQL, Excel, Power BI",3-5 years,BS Data Science,"Analyze data, prepare reports, communicate findings, and support business decisions.",80000-120000,"Health insurance, paid leave, annual bonus",88,Good,,we are looking for a data analyst to join our team the successful candidate will use python sql excel to support our projects and business goals candidates should have 3 5 years of relevant experience and a bs data science strong communication problem solving and teamwork skills are expected
UI UX Designer,We need a hardworking UI UX Designer. Apply now.,"Figma, UI Design, UX Research, Prototyping",Not specified,Not specified,Not specified,Not specified,Not specified,21,Poor,Job responsibilities unclear and required skills missing,we need a hardworking ui ux designer apply now
Web Developer,We need a person who can do Web Developer work. Contact us.,"HTML, CSS, JavaScript, React",Not specified,Not specified,Not specified,Not specified,Not specified,26,Poor,Job responsibilities unclear and required skills missing,we need a person who can do web developer work contact us
Sales Executive,We need a person who can do Sales Executive work. Contact us.,"Sales, CRM, Communication, Negotiation",Not specified,Not specified,Not specified,Not specified,Not specified,32,Poor,"Experience, education, salary and benefits missing",we need a person who can do sales executive work contact us
Data Scientist,"We are hiring a Data Scientist. The candidate should have knowledge of Python, Pandas. The role involves supporting company projects and completing assigned tasks.","Python, Pandas, Scikit-learn, SQL",1 year,BS Data Science,"Support customers, resolve queries, document interactions, and maintain service quality.",80000-130000,"Health insurance, annual bonus, professional development",74,Average,Benefits information missing,we are hiring a data scientist the candidate should have knowledge of python pandas the role involves supporting company projects and completing assigned tasks
Mobile App Developer,"We are hiring a Mobile App Developer. The candidate should have knowledge of Kotlin, Java. The role involves supporting company projects and completing assigned tasks.","Kotlin, Java, Android Studio",2 years,BS Computer Science,"Manage projects, coordinate stakeholders, track deadlines, and resolve project risks.",80000-130000,"Medical insurance, flexible hours, paid vacation",62,Average,Experience requirement unclear,we are hiring a mobile app developer the candidate should have knowledge of kotlin java the role involves supporting company projects and completing assigned tasks
Software Developer,"We are looking for a Software Developer to join our team. The successful candidate will use Python, Java, C++ to support our projects and business goals. Candidates should have 2 years of relevant experience and a BS Computer Science. Strong communication, problem-solving, and teamwork skills are expected.","Python, Java, C++, Git",2 years,BS Computer Science,"Manage records, prepare reports, monitor processes, and ensure accurate documentation.",90000-130000,"Medical insurance, flexible hours, paid vacation",88,Good,,we are looking for a software developer to join our team the successful candidate will use python java c to support our projects and business goals candidates should have 2 years of relevant experience and a bs computer science strong communication problem solving and teamwork skills are expected
UI UX Designer,"We are looking for a UI UX Designer to join our team. The successful candidate will use Figma, UI Design, UX Research to support our projects and business goals. Candidates should have 3 years of relevant experience and a BS Design. Strong communication, problem-solving, and teamwork skills are expected.","Figma, UI Design, UX Research, Prototyping",3 years,BS Design,"Create user-focused designs, review feedback, and collaborate with developers.",90000-120000,"Health insurance, paid leave, annual bonus",87,Good,,we are looking for a ui ux designer to join our team the successful candidate will use figma ui design ux research to support our projects and business goals candidates should have 3 years of relevant experience and a bs design strong communication problem solving and teamwork skills are expected
Cybersecurity Analyst,"We are hiring a Cybersecurity Analyst. The candidate should have knowledge of Network Security, Linux. The role involves supporting company projects and completing assigned tasks.","Network Security, Linux, SIEM, Python",1 year,BS Cybersecurity,"Support customers, resolve queries, document interactions, and maintain service quality.",60000-100000,"Paid leave, training budget, performance bonus",69,Average,Experience requirement unclear,we are hiring a cybersecurity analyst the candidate should have knowledge of network security linux the role involves supporting company projects and completing assigned tasks
Accountant,Looking for someone for a Accountant position. Good opportunity.,"Excel, Accounting, QuickBooks",Not specified,Not specified,Not specified,Not specified,Not specified,34,Poor,Job responsibilities unclear and required skills missing,looking for someone for a accountant position good opportunity
UI UX Designer,"We are hiring a UI UX Designer. The candidate should have knowledge of Figma, UI Design. The role involves supporting company projects and completing assigned tasks.","Figma, UI Design, UX Research, Prototyping",Not specified,BS Design,"Create user-focused designs, review feedback, and collaborate with developers.",Not specified,Not specified,78,Average,Education requirement missing,we are hiring a ui ux designer the candidate should have knowledge of figma ui design the role involves supporting company projects and completing assigned tasks
Software Developer,"We are hiring a Software Developer. The candidate should have knowledge of Python, Java. The role involves supporting company projects and completing assigned tasks.","Python, Java, C++, Git",Not specified,BS Computer Science,"Manage records, prepare reports, monitor processes, and ensure accurate documentation.",80000-130000,Not specified,79,Average,Responsibilities are limited,we are hiring a software developer the candidate should have knowledge of python java the role involves supporting company projects and completing assigned tasks
HR Manager,"We are looking for a HR Manager to join our team. The successful candidate will use Recruitment, HR Management, Communication to support our projects and business goals. Candidates should have 1 year of relevant experience and a BS Human Resources. Strong communication, problem-solving, and teamwork skills are expected.","Recruitment, HR Management, Communication",1 year,BS Human Resources,"Manage projects, coordinate stakeholders, track deadlines, and resolve project risks.",80000-110000,"Paid leave, training budget, performance bonus",95,Good,,we are looking for a hr manager to join our team the successful candidate will use recruitment hr management communication to support our projects and business goals candidates should have 1 year of relevant experience and a bs human resources strong communication problem solving and teamwork skills are expected
Marketing Manager,Looking for someone for a Marketing Manager position. Good opportunity.,"SEO, Google Ads, Analytics, Communication",Not specified,Not specified,Not specified,Not specified,Not specified,40,Poor,"Experience, education, salary and benefits missing",looking for someone for a marketing manager position good opportunity
HR Manager,"We are looking for a HR Manager to join our team. The successful candidate will use Recruitment, HR Management, Communication to support our projects and business goals. Candidates should have 3-5 years of relevant experience and a BS Human Resources. Strong communication, problem-solving, and teamwork skills are expected.","Recruitment, HR Management, Communication",3-5 years,BS Human Resources,"Manage records, prepare reports, monitor processes, and ensure accurate documentation.",60000-90000,"Health insurance, annual bonus, professional development",90,Good,,we are looking for a hr manager to join our team the successful candidate will use recruitment hr management communication to support our projects and business goals candidates should have 3 5 years of relevant experience and a bs human resources strong communication problem solving and teamwork skills are expected
Machine Learning Engineer,"We are hiring a Machine Learning Engineer. The candidate should have knowledge of Python, TensorFlow. The role involves supporting company projects and completing assigned tasks.","Python, TensorFlow, Scikit-learn, SQL",Not specified,BS Computer Science,"Manage projects, coordinate stakeholders, track deadlines, and resolve project risks.",80000-130000,"Paid leave, training budget, performance bonus",73,Average,Salary information missing,we are hiring a machine learning engineer the candidate should have knowledge of python tensorflow the role involves supporting company projects and completing assigned tasks
Customer Support Representative,"We are hiring a Customer Support Representative. The candidate should have knowledge of Communication, CRM. The role involves supporting company projects and completing assigned tasks.","Communication, CRM, Problem Solving",Not specified,Bachelor degree,"Analyze data, prepare reports, communicate findings, and support business decisions.",Not specified,Not specified,70,Average,Benefits information missing,we are hiring a customer support representative the candidate should have knowledge of communication crm the role involves supporting company projects and completing assigned tasks
Content Writer,"We are hiring a Content Writer. The candidate should have knowledge of Writing, SEO. The role involves supporting company projects and completing assigned tasks.","Writing, SEO, Research",2 years,Bachelor degree,"Support customers, resolve queries, document interactions, and maintain service quality.",Not specified,"Paid leave, training budget, performance bonus",69,Average,Benefits information missing,we are hiring a content writer the candidate should have knowledge of writing seo the role involves supporting company projects and completing assigned tasks
Content Writer,"We are looking for a Content Writer to join our team. The successful candidate will use Writing, SEO, Research to support our projects and business goals. Candidates should have 1 year of relevant experience and a Bachelor degree. Strong communication, problem-solving, and teamwork skills are expected.","Writing, SEO, Research",1 year,Bachelor degree,"Manage records, prepare reports, monitor processes, and ensure accurate documentation.",80000-120000,"Paid leave, training budget, performance bonus",97,Good,,we are looking for a content writer to join our team the successful candidate will use writing seo research to support our projects and business goals candidates should have 1 year of relevant experience and a bachelor degree strong communication problem solving and teamwork skills are expected
Content Writer,We need a hardworking Content Writer. Apply now.,"Writing, SEO, Research",Not specified,Not specified,Not specified,Not specified,Not specified,41,Poor,Job responsibilities unclear and required skills missing,we need a hardworking content writer apply now
Data Analyst,"We are looking for a Data Analyst to join our team. The successful candidate will use Python, SQL, Excel to support our projects and business goals. Candidates should have 2 years of relevant experience and a BS Data Science. Strong communication, problem-solving, and teamwork skills are expected.","Python, SQL, Excel, Power BI",2 years,BS Data Science,"Manage projects, coordinate stakeholders, track deadlines, and resolve project risks.",100000-150000,"Health insurance, annual bonus, professional development",90,Good,,we are looking for a data analyst to join our team the successful candidate will use python sql excel to support our projects and business goals candidates should have 2 years of relevant experience and a bs data science strong communication problem solving and teamwork skills are expected
Project Manager,"We are hiring a Project Manager. The candidate should have knowledge of Agile, Jira. The role involves supporting company projects and completing assigned tasks.","Agile, Jira, Communication, Risk Management",2 years,BS Management,"Develop and maintain applications, collaborate with team members, test solutions, and fix issues.",60000-100000,"Health insurance, annual bonus, professional development",78,Average,Responsibilities are limited,we are hiring a project manager the candidate should have knowledge of agile jira the role involves supporting company projects and completing assigned tasks
Teacher,"We are looking for a Teacher to join our team. The successful candidate will use Teaching, Communication, Lesson Planning to support our projects and business goals. Candidates should have 2 years of relevant experience and a Bachelor degree. Strong communication, problem-solving, and teamwork skills are expected.","Teaching, Communication, Lesson Planning",2 years,Bachelor degree,"Support customers, resolve queries, document interactions, and maintain service quality.",90000-120000,"Health insurance, annual bonus, professional development",89,Good,,we are looking for a teacher to join our team the successful candidate will use teaching communication lesson planning to support our projects and business goals candidates should have 2 years of relevant experience and a bachelor degree strong communication problem solving and teamwork skills are expected
Accountant,"We are looking for a Accountant to join our team. The successful candidate will use Excel, Accounting, QuickBooks to support our projects and business goals. Candidates should have 2 years of relevant experience and a BS Accounting. Strong communication, problem-solving, and teamwork skills are expected.","Excel, Accounting, QuickBooks",2 years,BS Accounting,"Create user-focused designs, review feedback, and collaborate with developers.",60000-100000,"Paid leave, training budget, performance bonus",94,Good,,we are looking for a accountant to join our team the successful candidate will use excel accounting quickbooks to support our projects and business goals candidates should have 2 years of relevant experience and a bs accounting strong communication problem solving and teamwork skills are expected
Database Administrator,"We are looking for a Database Administrator to join our team. The successful candidate will use SQL, MySQL, PostgreSQL to support our projects and business goals. Candidates should have 5 years of relevant experience and a BS Computer Science. Strong communication, problem-solving, and teamwork skills are expected.","SQL, MySQL, PostgreSQL, Backup",5 years,BS Computer Science,"Manage projects, coordinate stakeholders, track deadlines, and resolve project risks.",60000-90000,"Health insurance, annual bonus, professional development",95,Good,,we are looking for a database administrator to join our team the successful candidate will use sql mysql postgresql to support our projects and business goals candidates should have 5 years of relevant experience and a bs computer science strong communication problem solving and teamwork skills are expected
Cybersecurity Analyst,"We are looking for a Cybersecurity Analyst to join our team. The successful candidate will use Network Security, Linux, SIEM to support our projects and business goals. Candidates should have 1 year of relevant experience and a BS Cybersecurity. Strong communication, problem-solving, and teamwork skills are expected.","Network Security, Linux, SIEM, Python",1 year,BS Cybersecurity,"Analyze data, prepare reports, communicate findings, and support business decisions.",50000-110000,"Paid leave, training budget, performance bonus",97,Good,,we are looking for a cybersecurity analyst to join our team the successful candidate will use network security linux siem to support our projects and business goals candidates should have 1 year of relevant experience and a bs cybersecurity strong communication problem solving and teamwork skills are expected
Cybersecurity Analyst,"We are hiring a Cybersecurity Analyst. The candidate should have knowledge of Network Security, Linux. The role involves supporting company projects and completing assigned tasks.","Network Security, Linux, SIEM, Python",1 year,BS Cybersecurity,"Analyze data, prepare reports, communicate findings, and support business decisions.",80000-130000,"Health insurance, paid leave, annual bonus",79,Average,Salary information missing,we are hiring a cybersecurity analyst the candidate should have knowledge of network security linux the role involves supporting company projects and completing assigned tasks
Accountant,"We are looking for a Accountant to join our team. The successful candidate will use Excel, Accounting, QuickBooks to support our projects and business goals. Candidates should have 3 years of relevant experience and a BS Accounting. Strong communication, problem-solving, and teamwork skills are expected.","Excel, Accounting, QuickBooks",3 years,BS Accounting,"Support customers, resolve queries, document interactions, and maintain service quality.",80000-110000,"Health insurance, paid leave, annual bonus",88,Good,,we are looking for a accountant to join our team the successful candidate will use excel accounting quickbooks to support our projects and business goals candidates should have 3 years of relevant experience and a bs accounting strong communication problem solving and teamwork skills are expected
Sales Executive,Looking for someone for a Sales Executive position. Good opportunity.,"Sales, CRM, Communication, Negotiation",Not specified,Not specified,Not specified,Not specified,Not specified,44,Poor,"Experience, education, salary and benefits missing",looking for someone for a sales executive position good opportunity
UI UX Designer,"We are looking for a UI UX Designer to join our team. The successful candidate will use Figma, UI Design, UX Research to support our projects and business goals. Candidates should have 1 year of relevant experience and a BS Design. Strong communication, problem-solving, and teamwork skills are expected.","Figma, UI Design, UX Research, Prototyping",1 year,BS Design,"Manage records, prepare reports, monitor processes, and ensure accurate documentation.",100000-140000,"Medical insurance, flexible hours, paid vacation",90,Good,,we are looking for a ui ux designer to join our team the successful candidate will use figma ui design ux research to support our projects and business goals candidates should have 1 year of relevant experience and a bs design strong communication problem solving and teamwork skills are expected
HR Manager,"We are looking for a HR Manager to join our team. The successful candidate will use Recruitment, HR Management, Communication to support our projects and business goals. Candidates should have 3 years of relevant experience and a BS Human Resources. Strong communication, problem-solving, and teamwork skills are expected.","Recruitment, HR Management, Communication",3 years,BS Human Resources,"Develop and maintain applications, collaborate with team members, test solutions, and fix issues.",90000-140000,"Medical insurance, flexible hours, paid vacation",98,Good,,we are looking for a hr manager to join our team the successful candidate will use recruitment hr management communication to support our projects and business goals candidates should have 3 years of relevant experience and a bs human resources strong communication problem solving and teamwork skills are expected
Web Developer,"We are looking for a Web Developer to join our team. The successful candidate will use HTML, CSS, JavaScript to support our projects and business goals. Candidates should have 2-3 years of relevant experience and a BS Computer Science. Strong communication, problem-solving, and teamwork skills are expected.","HTML, CSS, JavaScript, React",2-3 years,BS Computer Science,"Manage records, prepare reports, monitor processes, and ensure accurate documentation.",80000-130000,"Health insurance, annual bonus, professional development",87,Good,,we are looking for a web developer to join our team the successful candidate will use html css javascript to support our projects and business goals candidates should have 2 3 years of relevant experience and a bs computer science strong communication problem solving and teamwork skills are expected
Marketing Manager,Looking for someone for a Marketing Manager position. Good opportunity.,"SEO, Google Ads, Analytics, Communication",Not specified,Not specified,Not specified,Not specified,Not specified,31,Poor,"Skills, experience, education, responsibilities and salary missing",looking for someone for a marketing manager position good opportunity
Cybersecurity Analyst,Looking for someone for a Cybersecurity Analyst position. Good opportunity.,"Network Security, Linux, SIEM, Python",Not specified,Not specified,Not specified,Not specified,Not specified,20,Poor,"Skills, experience, education, responsibilities and salary missing",looking for someone for a cybersecurity analyst position good opportunity
Graphic Designer,"We are hiring a Graphic Designer. The candidate should have knowledge of Photoshop, Illustrator. The role involves supporting company projects and completing assigned tasks.","Photoshop, Illustrator, Canva",1 year,Bachelor degree,"Support customers, resolve queries, document interactions, and maintain service quality.",60000-100000,"Health insurance, paid leave, annual bonus",76,Average,Benefits information missing,we are hiring a graphic designer the candidate should have knowledge of photoshop illustrator the role involves supporting company projects and completing assigned tasks
Data Scientist,"We are looking for a Data Scientist to join our team. The successful candidate will use Python, Pandas, Scikit-learn to support our projects and business goals. Candidates should have 5 years of relevant experience and a BS Data Science. Strong communication, problem-solving, and teamwork skills are expected.","Python, Pandas, Scikit-learn, SQL",5 years,BS Data Science,"Support customers, resolve queries, document interactions, and maintain service quality.",50000-110000,"Paid leave, training budget, performance bonus",94,Good,,we are looking for a data scientist to join our team the successful candidate will use python pandas scikit learn to support our projects and business goals candidates should have 5 years of relevant experience and a bs data science strong communication problem solving and teamwork skills are expected
Web Developer,"We are hiring a Web Developer. The candidate should have knowledge of HTML, CSS. The role involves supporting company projects and completing assigned tasks.","HTML, CSS, JavaScript, React",1 year,BS Computer Science,"Manage records, prepare reports, monitor processes, and ensure accurate documentation.",Not specified,"Health insurance, paid leave, annual bonus",60,Average,Education requirement missing,we are hiring a web developer the candidate should have knowledge of html css the role involves supporting company projects and completing assigned tasks
Data Scientist,"We are looking for a Data Scientist to join our team. The successful candidate will use Python, Pandas, Scikit-learn to support our projects and business goals. Candidates should have 3 years of relevant experience and a BS Data Science. Strong communication, problem-solving, and teamwork skills are expected.","Python, Pandas, Scikit-learn, SQL",3 years,BS Data Science,"Manage records, prepare reports, monitor processes, and ensure accurate documentation.",50000-100000,"Health insurance, annual bonus, professional development",87,Good,,we are looking for a data scientist to join our team the successful candidate will use python pandas scikit learn to support our projects and business goals candidates should have 3 years of relevant experience and a bs data science strong communication problem solving and teamwork skills are expected
UI UX Designer,"We are hiring a UI UX Designer. The candidate should have knowledge of Figma, UI Design. The role involves supporting company projects and completing assigned tasks.","Figma, UI Design, UX Research, Prototyping",Not specified,BS Design,"Create user-focused designs, review feedback, and collaborate with developers.",60000-100000,"Paid leave, training budget, performance bonus",63,Average,Responsibilities are limited,we are hiring a ui ux designer the candidate should have knowledge of figma ui design the role involves supporting company projects and completing assigned tasks
Project Manager,"We are hiring a Project Manager. The candidate should have knowledge of Agile, Jira. The role involves supporting company projects and completing assigned tasks.","Agile, Jira, Communication, Risk Management",Not specified,BS Management,"Develop and maintain applications, collaborate with team members, test solutions, and fix issues.",60000-100000,"Health insurance, annual bonus, professional development",76,Average,Responsibilities are limited,we are hiring a project manager the candidate should have knowledge of agile jira the role involves supporting company projects and completing assigned tasks
Data Scientist,"We are looking for a Data Scientist to join our team. The successful candidate will use Python, Pandas, Scikit-learn to support our projects and business goals. Candidates should have 1 year of relevant experience and a BS Data Science. Strong communication, problem-solving, and teamwork skills are expected.","Python, Pandas, Scikit-learn, SQL",1 year,BS Data Science,"Manage projects, coordinate stakeholders, track deadlines, and resolve project risks.",80000-120000,"Medical insurance, flexible hours, paid vacation",98,Good,,we are looking for a data scientist to join our team the successful candidate will use python pandas scikit learn to support our projects and business goals candidates should have 1 year of relevant experience and a bs data science strong communication problem solving and teamwork skills are expected
Network Administrator,Looking for someone for a Network Administrator position. Good opportunity.,"Networking, Cisco, TCP/IP, Linux",Not specified,Not specified,Not specified,Not specified,Not specified,42,Poor,Job responsibilities unclear and required skills missing,looking for someone for a network administrator position good opportunity
HR Manager,"We are looking for a HR Manager to join our team. The successful candidate will use Recruitment, HR Management, Communication to support our projects and business goals. Candidates should have 3-5 years of relevant experience and a BS Human Resources. Strong communication, problem-solving, and teamwork skills are expected.","Recruitment, HR Management, Communication",3-5 years,BS Human Resources,"Manage projects, coordinate stakeholders, track deadlines, and resolve project risks.",80000-120000,"Health insurance, annual bonus, professional development",88,Good,,we are looking for a hr manager to join our team the successful candidate will use recruitment hr management communication to support our projects and business goals candidates should have 3 5 years of relevant experience and a bs human resources strong communication problem solving and teamwork skills are expected
Software Developer,"We are looking for a Software Developer to join our team. The successful candidate will use Python, Java, C++ to support our projects and business goals. Candidates should have 1 year of relevant experience and a BS Computer Science. Strong communication, problem-solving, and teamwork skills are expected.","Python, Java, C++, Git",1 year,BS Computer Science,"Develop and maintain applications, collaborate with team members, test solutions, and fix issues.",50000-110000,"Medical insurance, flexible hours, paid vacation",97,Good,,we are looking for a software developer to join our team the successful candidate will use python java c to support our projects and business goals candidates should have 1 year of relevant experience and a bs computer science strong communication problem solving and teamwork skills are expected
Network Administrator,"We are looking for a Network Administrator to join our team. The successful candidate will use Networking, Cisco, TCP/IP to support our projects and business goals. Candidates should have 5 years of relevant experience and a BS Computer Science. Strong communication, problem-solving, and teamwork skills are expected.","Networking, Cisco, TCP/IP, Linux",5 years,BS Computer Science,"Create user-focused designs, review feedback, and collaborate with developers.",50000-100000,"Medical insurance, flexible hours, paid vacation",89,Good,,we are looking for a network administrator to join our team the successful candidate will use networking cisco tcp ip to support our projects and business goals candidates should have 5 years of relevant experience and a bs computer science strong communication problem solving and teamwork skills are expected
Project Manager,"We are hiring a Project Manager. The candidate should have knowledge of Agile, Jira. The role involves supporting company projects and completing assigned tasks.","Agile, Jira, Communication, Risk Management",1 year,BS Management,"Manage projects, coordinate stakeholders, track deadlines, and resolve project risks.",60000-100000,"Health insurance, paid leave, annual bonus",71,Average,Experience requirement unclear,we are hiring a project manager the candidate should have knowledge of agile jira the role involves supporting company projects and completing assigned tasks
Accountant,"We are hiring a Accountant. The candidate should have knowledge of Excel, Accounting. The role involves supporting company projects and completing assigned tasks.","Excel, Accounting, QuickBooks",1 year,BS Accounting,"Analyze data, prepare reports, communicate findings, and support business decisions.",60000-100000,"Health insurance, paid leave, annual bonus",65,Average,Experience requirement unclear,we are hiring a accountant the candidate should have knowledge of excel accounting the role involves supporting company projects and completing assigned tasks
Sales Executive,We need a person who can do Sales Executive work. Contact us.,"Sales, CRM, Communication, Negotiation",Not specified,Not specified,Not specified,Not specified,Not specified,28,Poor,"Experience, education, salary and benefits missing",we need a person who can do sales executive work contact us
Data Analyst,"We are looking for a Data Analyst to join our team. The successful candidate will use Python, SQL, Excel to support our projects and business goals. Candidates should have 2-3 years of relevant experience and a BS Data Science. Strong communication, problem-solving, and teamwork skills are expected.","Python, SQL, Excel, Power BI",2-3 years,BS Data Science,"Create user-focused designs, review feedback, and collaborate with developers.",60000-90000,"Health insurance, annual bonus, professional development",92,Good,,we are looking for a data analyst to join our team the successful candidate will use python sql excel to support our projects and business goals candidates should have 2 3 years of relevant experience and a bs data science strong communication problem solving and teamwork skills are expected
Project Manager,We need a person who can do Project Manager work. Contact us.,"Agile, Jira, Communication, Risk Management",Not specified,Not specified,Not specified,Not specified,Not specified,47,Poor,Job responsibilities unclear and required skills missing,we need a person who can do project manager work contact us
Accountant,"We are hiring a Accountant. The candidate should have knowledge of Excel, Accounting. The role involves supporting company projects and completing assigned tasks.","Excel, Accounting, QuickBooks",1 year,BS Accounting,"Manage records, prepare reports, monitor processes, and ensure accurate documentation.",60000-100000,"Medical insurance, flexible hours, paid vacation",61,Average,Benefits information missing,we are hiring a accountant the candidate should have knowledge of excel accounting the role involves supporting company projects and completing assigned tasks
Data Scientist,"We are looking for a Data Scientist to join our team. The successful candidate will use Python, Pandas, Scikit-learn to support our projects and business goals. Candidates should have 3-5 years of relevant experience and a BS Data Science. Strong communication, problem-solving, and teamwork skills are expected.","Python, Pandas, Scikit-learn, SQL",3-5 years,BS Data Science,"Support customers, resolve queries, document interactions, and maintain service quality.",80000-140000,"Medical insurance, flexible hours, paid vacation",91,Good,,we are looking for a data scientist to join our team the successful candidate will use python pandas scikit learn to support our projects and business goals candidates should have 3 5 years of relevant experience and a bs data science strong communication problem solving and teamwork skills are expected
Sales Executive,"We are hiring a Sales Executive. The candidate should have knowledge of Sales, CRM. The role involves supporting company projects and completing assigned tasks.","Sales, CRM, Communication, Negotiation",Not specified,Bachelor degree,"Create user-focused designs, review feedback, and collaborate with developers.",Not specified,"Medical insurance, flexible hours, paid vacation",75,Average,Education requirement missing,we are hiring a sales executive the candidate should have knowledge of sales crm the role involves supporting company projects and completing assigned tasks
Accountant,"We are looking for a Accountant to join our team. The successful candidate will use Excel, Accounting, QuickBooks to support our projects and business goals. Candidates should have 1 year of relevant experience and a BS Accounting. Strong communication, problem-solving, and teamwork skills are expected.","Excel, Accounting, QuickBooks",1 year,BS Accounting,"Manage records, prepare reports, monitor processes, and ensure accurate documentation.",70000-120000,"Health insurance, paid leave, annual bonus",98,Good,,we are looking for a accountant to join our team the successful candidate will use excel accounting quickbooks to support our projects and business goals candidates should have 1 year of relevant experience and a bs accounting strong communication problem solving and teamwork skills are expected
Network Administrator,We need a person who can do Network Administrator work. Contact us.,"Networking, Cisco, TCP/IP, Linux",Not specified,Not specified,Not specified,Not specified,Not specified,43,Poor,"Experience, education, salary and benefits missing",we need a person who can do network administrator work contact us
Graphic Designer,We need a person who can do Graphic Designer work. Contact us.,"Photoshop, Illustrator, Canva",Not specified,Not specified,Not specified,Not specified,Not specified,47,Poor,Job responsibilities unclear and required skills missing,we need a person who can do graphic designer work contact us
Network Administrator,"We are hiring a Network Administrator. The candidate should have knowledge of Networking, Cisco. The role involves supporting company projects and completing assigned tasks.","Networking, Cisco, TCP/IP, Linux",Not specified,BS Computer Science,"Create user-focused designs, review feedback, and collaborate with developers.",Not specified,"Health insurance, paid leave, annual bonus",67,Average,Salary information missing,we are hiring a network administrator the candidate should have knowledge of networking cisco the role involves supporting company projects and completing assigned tasks
Sales Executive,"We are hiring a Sales Executive. The candidate should have knowledge of Sales, CRM. The role involves supporting company projects and completing assigned tasks.","Sales, CRM, Communication, Negotiation",Not specified,Bachelor degree,"Support customers, resolve queries, document interactions, and maintain service quality.",80000-130000,"Medical insurance, flexible hours, paid vacation",79,Average,Education requirement missing,we are hiring a sales executive the candidate should have knowledge of sales crm the role involves supporting company projects and completing assigned tasks
Software Developer,"We are hiring a Software Developer. The candidate should have knowledge of Python, Java. The role involves supporting company projects and completing assigned tasks.","Python, Java, C++, Git",1 year,BS Computer Science,"Create user-focused designs, review feedback, and collaborate with developers.",Not specified,"Health insurance, annual bonus, professional development",65,Average,Education requirement missing,we are hiring a software developer the candidate should have knowledge of python java the role involves supporting company projects and completing assigned tasks
Mobile App Developer,"We are looking for a Mobile App Developer to join our team. The successful candidate will use Kotlin, Java, Android Studio to support our projects and business goals. Candidates should have 2-3 years of relevant experience and a BS Computer Science. Strong communication, problem-solving, and teamwork skills are expected.","Kotlin, Java, Android Studio",2-3 years,BS Computer Science,"Support customers, resolve queries, document interactions, and maintain service quality.",70000-100000,"Medical insurance, flexible hours, paid vacation",95,Good,,we are looking for a mobile app developer to join our team the successful candidate will use kotlin java android studio to support our projects and business goals candidates should have 2 3 years of relevant experience and a bs computer science strong communication problem solving and teamwork skills are expected
Customer Support Representative,"We are looking for a Customer Support Representative to join our team. The successful candidate will use Communication, CRM, Problem Solving to support our projects and business goals. Candidates should have 2 years of relevant experience and a Bachelor degree. Strong communication, problem-solving, and teamwork skills are expected.","Communication, CRM, Problem Solving",2 years,Bachelor degree,"Support customers, resolve queries, document interactions, and maintain service quality.",50000-110000,"Health insurance, annual bonus, professional development",92,Good,,we are looking for a customer support representative to join our team the successful candidate will use communication crm problem solving to support our projects and business goals candidates should have 2 years of relevant experience and a bachelor degree strong communication problem solving and teamwork skills are expected
Data Analyst,Looking for someone for a Data Analyst position. Good opportunity.,"Python, SQL, Excel, Power BI",Not specified,Not specified,Not specified,Not specified,Not specified,30,Poor,"Skills, experience, education, responsibilities and salary missing",looking for someone for a data analyst position good opportunity
Mobile App Developer,"We are hiring a Mobile App Developer. The candidate should have knowledge of Kotlin, Java. The role involves supporting company projects and completing assigned tasks.","Kotlin, Java, Android Studio",1 year,BS Computer Science,"Create user-focused designs, review feedback, and collaborate with developers.",60000-100000,"Health insurance, annual bonus, professional development",61,Average,Responsibilities are limited,we are hiring a mobile app developer the candidate should have knowledge of kotlin java the role involves supporting company projects and completing assigned tasks
Content Writer,"We are looking for a Content Writer to join our team. The successful candidate will use Writing, SEO, Research to support our projects and business goals. Candidates should have 1 year of relevant experience and a Bachelor degree. Strong communication, problem-solving, and teamwork skills are expected.","Writing, SEO, Research",1 year,Bachelor degree,"Manage records, prepare reports, monitor processes, and ensure accurate documentation.",90000-140000,"Medical insurance, flexible hours, paid vacation",95,Good,,we are looking for a content writer to join our team the successful candidate will use writing seo research to support our projects and business goals candidates should have 1 year of relevant experience and a bachelor degree strong communication problem solving and teamwork skills are expected
Database Administrator,Looking for someone for a Database Administrator position. Good opportunity.,"SQL, MySQL, PostgreSQL, Backup",Not specified,Not specified,Not specified,Not specified,Not specified,46,Poor,"Skills, experience, education, responsibilities and salary missing",looking for someone for a database administrator position good opportunity
Graphic Designer,Looking for someone for a Graphic Designer position. Good opportunity.,"Photoshop, Illustrator, Canva",Not specified,Not specified,Not specified,Not specified,Not specified,37,Poor,"Experience, education, salary and benefits missing",looking for someone for a graphic designer position good opportunity
Teacher,"We are hiring a Teacher. The candidate should have knowledge of Teaching, Communication. The role involves supporting company projects and completing assigned tasks.","Teaching, Communication, Lesson Planning",Not specified,Bachelor degree,"Develop and maintain applications, collaborate with team members, test solutions, and fix issues.",80000-130000,"Health insurance, annual bonus, professional development",63,Average,Benefits information missing,we are hiring a teacher the candidate should have knowledge of teaching communication the role involves supporting company projects and completing assigned tasks
Software Developer,"We are looking for a Software Developer to join our team. The successful candidate will use Python, Java, C++ to support our projects and business goals. Candidates should have 5 years of relevant experience and a BS Computer Science. Strong communication, problem-solving, and teamwork skills are expected.","Python, Java, C++, Git",5 years,BS Computer Science,"Develop and maintain applications, collaborate with team members, test solutions, and fix issues.",70000-120000,"Health insurance, paid leave, annual bonus",87,Good,,we are looking for a software developer to join our team the successful candidate will use python java c to support our projects and business goals candidates should have 5 years of relevant experience and a bs computer science strong communication problem solving and teamwork skills are expected
Mobile App Developer,"We are looking for a Mobile App Developer to join our team. The successful candidate will use Kotlin, Java, Android Studio to support our projects and business goals. Candidates should have 5 years of relevant experience and a BS Computer Science. Strong communication, problem-solving, and teamwork skills are expected.","Kotlin, Java, Android Studio",5 years,BS Computer Science,"Manage projects, coordinate stakeholders, track deadlines, and resolve project risks.",100000-160000,"Health insurance, paid leave, annual bonus",94,Good,,we are looking for a mobile app developer to join our team the successful candidate will use kotlin java android studio to support our projects and business goals candidates should have 5 years of relevant experience and a bs computer science strong communication problem solving and teamwork skills are expected
UI UX Designer,"We are looking for a UI UX Designer to join our team. The successful candidate will use Figma, UI Design, UX Research to support our projects and business goals. Candidates should have 3 years of relevant experience and a BS Design. Strong communication, problem-solving, and teamwork skills are expected.","Figma, UI Design, UX Research, Prototyping",3 years,BS Design,"Manage records, prepare reports, monitor processes, and ensure accurate documentation.",60000-120000,"Medical insurance, flexible hours, paid vacation",90,Good,,we are looking for a ui ux designer to join our team the successful candidate will use figma ui design ux research to support our projects and business goals candidates should have 3 years of relevant experience and a bs design strong communication problem solving and teamwork skills are expected
Data Scientist,We need a hardworking Data Scientist. Apply now.,"Python, Pandas, Scikit-learn, SQL",Not specified,Not specified,Not specified,Not specified,Not specified,49,Poor,"Experience, education, salary and benefits missing",we need a hardworking data scientist apply now
Business Analyst,"We are looking for a Business Analyst to join our team. The successful candidate will use SQL, Excel, Requirements Analysis to support our projects and business goals. Candidates should have 3 years of relevant experience and a Bachelor degree. Strong communication, problem-solving, and teamwork skills are expected.","SQL, Excel, Requirements Analysis",3 years,Bachelor degree,"Develop and maintain applications, collaborate with team members, test solutions, and fix issues.",80000-120000,"Health insurance, annual bonus, professional development",93,Good,,we are looking for a business analyst to join our team the successful candidate will use sql excel requirements analysis to support our projects and business goals candidates should have 3 years of relevant experience and a bachelor degree strong communication problem solving and teamwork skills are expected
Web Developer,"We are hiring a Web Developer. The candidate should have knowledge of HTML, CSS. The role involves supporting company projects and completing assigned tasks.","HTML, CSS, JavaScript, React",2 years,BS Computer Science,"Support customers, resolve queries, document interactions, and maintain service quality.",Not specified,"Health insurance, annual bonus, professional development",65,Average,Responsibilities are limited,we are hiring a web developer the candidate should have knowledge of html css the role involves supporting company projects and completing assigned tasks
Cybersecurity Analyst,"We are hiring a Cybersecurity Analyst. The candidate should have knowledge of Network Security, Linux. The role involves supporting company projects and completing assigned tasks.","Network Security, Linux, SIEM, Python",1 year,BS Cybersecurity,"Manage records, prepare reports, monitor processes, and ensure accurate documentation.",60000-100000,"Health insurance, annual bonus, professional development",79,Average,Responsibilities are limited,we are hiring a cybersecurity analyst the candidate should have knowledge of network security linux the role involves supporting company projects and completing assigned tasks
Marketing Manager,"We are hiring a Marketing Manager. The candidate should have knowledge of SEO, Google Ads. The role involves supporting company projects and completing assigned tasks.","SEO, Google Ads, Analytics, Communication",2 years,Bachelor degree,"Manage records, prepare reports, monitor processes, and ensure accurate documentation.",80000-130000,Not specified,67,Average,Experience requirement unclear,we are hiring a marketing manager the candidate should have knowledge of seo google ads the role involves supporting company projects and completing assigned tasks
Customer Support Representative,Looking for someone for a Customer Support Representative position. Good opportunity.,"Communication, CRM, Problem Solving",Not specified,Not specified,Not specified,Not specified,Not specified,34,Poor,"Skills, experience, education, responsibilities and salary missing",looking for someone for a customer support representative position good opportunity
Machine Learning Engineer,"We are looking for a Machine Learning Engineer to join our team. The successful candidate will use Python, TensorFlow, Scikit-learn to support our projects and business goals. Candidates should have 5 years of relevant experience and a BS Computer Science. Strong communication, problem-solving, and teamwork skills are expected.","Python, TensorFlow, Scikit-learn, SQL",5 years,BS Computer Science,"Manage records, prepare reports, monitor processes, and ensure accurate documentation.",100000-150000,"Paid leave, training budget, performance bonus",96,Good,,we are looking for a machine learning engineer to join our team the successful candidate will use python tensorflow scikit learn to support our projects and business goals candidates should have 5 years of relevant experience and a bs computer science strong communication problem solving and teamwork skills are expected
Content Writer,"We are hiring a Content Writer. The candidate should have knowledge of Writing, SEO. The role involves supporting company projects and completing assigned tasks.","Writing, SEO, Research",1 year,Bachelor degree,"Manage records, prepare reports, monitor processes, and ensure accurate documentation.",60000-100000,Not specified,69,Average,Experience requirement unclear,we are hiring a content writer the candidate should have knowledge of writing seo the role involves supporting company projects and completing assigned tasks
Machine Learning Engineer,We need a person who can do Machine Learning Engineer work. Contact us.,"Python, TensorFlow, Scikit-learn, SQL",Not specified,Not specified,Not specified,Not specified,Not specified,25,Poor,"Experience, education, salary and benefits missing",we need a person who can do machine learning engineer work contact us
Content Writer,"We are hiring a Content Writer. The candidate should have knowledge of Writing, SEO. The role involves supporting company projects and completing assigned tasks.","Writing, SEO, Research",2 years,Bachelor degree,"Manage projects, coordinate stakeholders, track deadlines, and resolve project risks.",Not specified,"Health insurance, paid leave, annual bonus",77,Average,Salary information missing,we are hiring a content writer the candidate should have knowledge of writing seo the role involves supporting company projects and completing assigned tasks
Business Analyst,"We are hiring a Business Analyst. The candidate should have knowledge of SQL, Excel. The role involves supporting company projects and completing assigned tasks.","SQL, Excel, Requirements Analysis",Not specified,Bachelor degree,"Manage records, prepare reports, monitor processes, and ensure accurate documentation.",Not specified,"Health insurance, annual bonus, professional development",77,Average,Experience requirement unclear,we are hiring a business analyst the candidate should have knowledge of sql excel the role involves supporting company projects and completing assigned tasks
Accountant,We need a person who can do Accountant work. Contact us.,"Excel, Accounting, QuickBooks",Not specified,Not specified,Not specified,Not specified,Not specified,23,Poor,"Skills, experience, education, responsibilities and salary missing",we need a person who can do accountant work contact us
Customer Support Representative,"We are looking for a Customer Support Representative to join our team. The successful candidate will use Communication, CRM, Problem Solving to support our projects and business goals. Candidates should have 5 years of relevant experience and a Bachelor degree. Strong communication, problem-solving, and teamwork skills are expected.","Communication, CRM, Problem Solving",5 years,Bachelor degree,"Analyze data, prepare reports, communicate findings, and support business decisions.",50000-90000,"Paid leave, training budget, performance bonus",89,Good,,we are looking for a customer support representative to join our team the successful candidate will use communication crm problem solving to support our projects and business goals candidates should have 5 years of relevant experience and a bachelor degree strong communication problem solving and teamwork skills are expected
Project Manager,"We are looking for a Project Manager to join our team. The successful candidate will use Agile, Jira, Communication to support our projects and business goals. Candidates should have 1 year of relevant experience and a BS Management. Strong communication, problem-solving, and teamwork skills are expected.","Agile, Jira, Communication, Risk Management",1 year,BS Management,"Support customers, resolve queries, document interactions, and maintain service quality.",100000-150000,"Medical insurance, flexible hours, paid vacation",85,Good,,we are looking for a project manager to join our team the successful candidate will use agile jira communication to support our projects and business goals candidates should have 1 year of relevant experience and a bs management strong communication problem solving and teamwork skills are expected
Sales Executive,We need a hardworking Sales Executive. Apply now.,"Sales, CRM, Communication, Negotiation",Not specified,Not specified,Not specified,Not specified,Not specified,39,Poor,"Experience, education, salary and benefits missing",we need a hardworking sales executive apply now
Content Writer,We need a person who can do Content Writer work. Contact us.,"Writing, SEO, Research",Not specified,Not specified,Not specified,Not specified,Not specified,40,Poor,"Experience, education, salary and benefits missing",we need a person who can do content writer work contact us
Customer Support Representative,"We are looking for a Customer Support Representative to join our team. The successful candidate will use Communication, CRM, Problem Solving to support our projects and business goals. Candidates should have 5 years of relevant experience and a Bachelor degree. Strong communication, problem-solving, and teamwork skills are expected.","Communication, CRM, Problem Solving",5 years,Bachelor degree,"Create user-focused designs, review feedback, and collaborate with developers.",70000-100000,"Health insurance, annual bonus, professional development",91,Good,,we are looking for a customer support representative to join our team the successful candidate will use communication crm problem solving to support our projects and business goals candidates should have 5 years of relevant experience and a bachelor degree strong communication problem solving and teamwork skills are expected
Marketing Manager,We need a hardworking Marketing Manager. Apply now.,"SEO, Google Ads, Analytics, Communication",Not specified,Not specified,Not specified,Not specified,Not specified,20,Poor,"Experience, education, salary and benefits missing",we need a hardworking marketing manager apply now
Project Manager,"We are looking for a Project Manager to join our team. The successful candidate will use Agile, Jira, Communication to support our projects and business goals. Candidates should have 3 years of relevant experience and a BS Management. Strong communication, problem-solving, and teamwork skills are expected.","Agile, Jira, Communication, Risk Management",3 years,BS Management,"Manage records, prepare reports, monitor processes, and ensure accurate documentation.",60000-110000,"Medical insurance, flexible hours, paid vacation",88,Good,,we are looking for a project manager to join our team the successful candidate will use agile jira communication to support our projects and business goals candidates should have 3 years of relevant experience and a bs management strong communication problem solving and teamwork skills are expected
HR Manager,"We are looking for a HR Manager to join our team. The successful candidate will use Recruitment, HR Management, Communication to support our projects and business goals. Candidates should have 5 years of relevant experience and a BS Human Resources. Strong communication, problem-solving, and teamwork skills are expected.","Recruitment, HR Management, Communication",5 years,BS Human Resources,"Manage records, prepare reports, monitor processes, and ensure accurate documentation.",50000-90000,"Medical insurance, flexible hours, paid vacation",93,Good,,we are looking for a hr manager to join our team the successful candidate will use recruitment hr management communication to support our projects and business goals candidates should have 5 years of relevant experience and a bs human resources strong communication problem solving and teamwork skills are expected
Data Scientist,"We are looking for a Data Scientist to join our team. The successful candidate will use Python, Pandas, Scikit-learn to support our projects and business goals. Candidates should have 3 years of relevant experience and a BS Data Science. Strong communication, problem-solving, and teamwork skills are expected.","Python, Pandas, Scikit-learn, SQL",3 years,BS Data Science,"Analyze data, prepare reports, communicate findings, and support business decisions.",70000-120000,"Medical insurance, flexible hours, paid vacation",94,Good,,we are looking for a data scientist to join our team the successful candidate will use python pandas scikit learn to support our projects and business goals candidates should have 3 years of relevant experience and a bs data science strong communication problem solving and teamwork skills are expected
Project Manager,"We are looking for a Project Manager to join our team. The successful candidate will use Agile, Jira, Communication to support our projects and business goals. Candidates should have 3 years of relevant experience and a BS Management. Strong communication, problem-solving, and teamwork skills are expected.","Agile, Jira, Communication, Risk Management",3 years,BS Management,"Analyze data, prepare reports, communicate findings, and support business decisions.",100000-140000,"Health insurance, paid leave, annual bonus",90,Good,,we are looking for a project manager to join our team the successful candidate will use agile jira communication to support our projects and business goals candidates should have 3 years of relevant experience and a bs management strong communication problem solving and teamwork skills are expected
Teacher,"We are looking for a Teacher to join our team. The successful candidate will use Teaching, Communication, Lesson Planning to support our projects and business goals. Candidates should have 5 years of relevant experience and a Bachelor degree. Strong communication, problem-solving, and teamwork skills are expected.","Teaching, Communication, Lesson Planning",5 years,Bachelor degree,"Support customers, resolve queries, document interactions, and maintain service quality.",90000-140000,"Health insurance, annual bonus, professional development",93,Good,,we are looking for a teacher to join our team the successful candidate will use teaching communication lesson planning to support our projects and business goals candidates should have 5 years of relevant experience and a bachelor degree strong communication problem solving and teamwork skills are expected
Sales Executive,"We are looking for a Sales Executive to join our team. The successful candidate will use Sales, CRM, Communication to support our projects and business goals. Candidates should have 5 years of relevant experience and a Bachelor degree. Strong communication, problem-solving, and teamwork skills are expected.","Sales, CRM, Communication, Negotiation",5 years,Bachelor degree,"Support customers, resolve queries, document interactions, and maintain service quality.",70000-110000,"Medical insurance, flexible hours, paid vacation",86,Good,,we are looking for a sales executive to join our team the successful candidate will use sales crm communication to support our projects and business goals candidates should have 5 years of relevant experience and a bachelor degree strong communication problem solving and teamwork skills are expected
Network Administrator,"We are looking for a Network Administrator to join our team. The successful candidate will use Networking, Cisco, TCP/IP to support our projects and business goals. Candidates should have 3-5 years of relevant experience and a BS Computer Science. Strong communication, problem-solving, and teamwork skills are expected.","Networking, Cisco, TCP/IP, Linux",3-5 years,BS Computer Science,"Manage projects, coordinate stakeholders, track deadlines, and resolve project risks.",90000-150000,"Health insurance, paid leave, annual bonus",88,Good,,we are looking for a network administrator to join our team the successful candidate will use networking cisco tcp ip to support our projects and business goals candidates should have 3 5 years of relevant experience and a bs computer science strong communication problem solving and teamwork skills are expected
UI UX Designer,"We are hiring a UI UX Designer. The candidate should have knowledge of Figma, UI Design. The role involves supporting company projects and completing assigned tasks.","Figma, UI Design, UX Research, Prototyping",2 years,BS Design,"Analyze data, prepare reports, communicate findings, and support business decisions.",80000-130000,"Paid leave, training budget, performance bonus",79,Average,Responsibilities are limited,we are hiring a ui ux designer the candidate should have knowledge of figma ui design the role involves supporting company projects and completing assigned tasks
Mobile App Developer,We need a person who can do Mobile App Developer work. Contact us.,"Kotlin, Java, Android Studio",Not specified,Not specified,Not specified,Not specified,Not specified,20,Poor,"Skills, experience, education, responsibilities and salary missing",we need a person who can do mobile app developer work contact us
Sales Executive,"We are looking for a Sales Executive to join our team. The successful candidate will use Sales, CRM, Communication to support our projects and business goals. Candidates should have 5 years of relevant experience and a Bachelor degree. Strong communication, problem-solving, and teamwork skills are expected.","Sales, CRM, Communication, Negotiation",5 years,Bachelor degree,"Manage records, prepare reports, monitor processes, and ensure accurate documentation.",90000-130000,"Health insurance, paid leave, annual bonus",90,Good,,we are looking for a sales executive to join our team the successful candidate will use sales crm communication to support our projects and business goals candidates should have 5 years of relevant experience and a bachelor degree strong communication problem solving and teamwork skills are expected
Customer Support Representative,We need a hardworking Customer Support Representative. Apply now.,"Communication, CRM, Problem Solving",Not specified,Not specified,Not specified,Not specified,Not specified,32,Poor,Job responsibilities unclear and required skills missing,we need a hardworking customer support representative apply now
Content Writer,"We are hiring a Content Writer. The candidate should have knowledge of Writing, SEO. The role involves supporting company projects and completing assigned tasks.","Writing, SEO, Research",1 year,Bachelor degree,"Support customers, resolve queries, document interactions, and maintain service quality.",Not specified,"Paid leave, training budget, performance bonus",76,Average,Salary information missing,we are hiring a content writer the candidate should have knowledge of writing seo the role involves supporting company projects and completing assigned tasks
Mobile App Developer,"We are looking for a Mobile App Developer to join our team. The successful candidate will use Kotlin, Java, Android Studio to support our projects and business goals. Candidates should have 5 years of relevant experience and a BS Computer Science. Strong communication, problem-solving, and teamwork skills are expected.","Kotlin, Java, Android Studio",5 years,BS Computer Science,"Develop and maintain applications, collaborate with team members, test solutions, and fix issues.",60000-110000,"Health insurance, paid leave, annual bonus",87,Good,,we are looking for a mobile app developer to join our team the successful candidate will use kotlin java android studio to support our projects and business goals candidates should have 5 years of relevant experience and a bs computer science strong communication problem solving and teamwork skills are expected
Content Writer,"We are hiring a Content Writer. The candidate should have knowledge of Writing, SEO. The role involves supporting company projects and completing assigned tasks.","Writing, SEO, Research",Not specified,Bachelor degree,"Manage records, prepare reports, monitor processes, and ensure accurate documentation.",60000-100000,"Medical insurance, flexible hours, paid vacation",66,Average,Salary information missing,we are hiring a content writer the candidate should have knowledge of writing seo the role involves supporting company projects and completing assigned tasks
Data Scientist,"We are looking for a Data Scientist to join our team. The successful candidate will use Python, Pandas, Scikit-learn to support our projects and business goals. Candidates should have 5 years of relevant experience and a BS Data Science. Strong communication, problem-solving, and teamwork skills are expected.","Python, Pandas, Scikit-learn, SQL",5 years,BS Data Science,"Manage records, prepare reports, monitor processes, and ensure accurate documentation.",100000-160000,"Health insurance, paid leave, annual bonus",95,Good,,we are looking for a data scientist to join our team the successful candidate will use python pandas scikit learn to support our projects and business goals candidates should have 5 years of relevant experience and a bs data science strong communication problem solving and teamwork skills are expected
Machine Learning Engineer,"We are looking for a Machine Learning Engineer to join our team. The successful candidate will use Python, TensorFlow, Scikit-learn to support our projects and business goals. Candidates should have 5 years of relevant experience and a BS Computer Science. Strong communication, problem-solving, and teamwork skills are expected.","Python, TensorFlow, Scikit-learn, SQL",5 years,BS Computer Science,"Develop and maintain applications, collaborate with team members, test solutions, and fix issues.",70000-100000,"Health insurance, paid leave, annual bonus",85,Good,,we are looking for a machine learning engineer to join our team the successful candidate will use python tensorflow scikit learn to support our projects and business goals candidates should have 5 years of relevant experience and a bs computer science strong communication problem solving and teamwork skills are expected
Cybersecurity Analyst,We need a person who can do Cybersecurity Analyst work. Contact us.,"Network Security, Linux, SIEM, Python",Not specified,Not specified,Not specified,Not specified,Not specified,22,Poor,"Experience, education, salary and benefits missing",we need a person who can do cybersecurity analyst work contact us
Graphic Designer,Looking for someone for a Graphic Designer position. Good opportunity.,"Photoshop, Illustrator, Canva",Not specified,Not specified,Not specified,Not specified,Not specified,32,Poor,Job responsibilities unclear and required skills missing,looking for someone for a graphic designer position good opportunity
Customer Support Representative,"We are looking for a Customer Support Representative to join our team. The successful candidate will use Communication, CRM, Problem Solving to support our projects and business goals. Candidates should have 1 year of relevant experience and a Bachelor degree. Strong communication, problem-solving, and teamwork skills are expected.","Communication, CRM, Problem Solving",1 year,Bachelor degree,"Manage records, prepare reports, monitor processes, and ensure accurate documentation.",80000-110000,"Health insurance, paid leave, annual bonus",96,Good,,we are looking for a customer support representative to join our team the successful candidate will use communication crm problem solving to support our projects and business goals candidates should have 1 year of relevant experience and a bachelor degree strong communication problem solving and teamwork skills are expected
Teacher,"We are looking for a Teacher to join our team. The successful candidate will use Teaching, Communication, Lesson Planning to support our projects and business goals. Candidates should have 5 years of relevant experience and a Bachelor degree. Strong communication, problem-solving, and teamwork skills are expected.","Teaching, Communication, Lesson Planning",5 years,Bachelor degree,"Manage projects, coordinate stakeholders, track deadlines, and resolve project risks.",90000-120000,"Health insurance, paid leave, annual bonus",93,Good,,we are looking for a teacher to join our team the successful candidate will use teaching communication lesson planning to support our projects and business goals candidates should have 5 years of relevant experience and a bachelor degree strong communication problem solving and teamwork skills are expected
Data Scientist,"We are looking for a Data Scientist to join our team. The successful candidate will use Python, Pandas, Scikit-learn to support our projects and business goals. Candidates should have 5 years of relevant experience and a BS Data Science. Strong communication, problem-solving, and teamwork skills are expected.","Python, Pandas, Scikit-learn, SQL",5 years,BS Data Science,"Create user-focused designs, review feedback, and collaborate with developers.",70000-100000,"Paid leave, training budget, performance bonus",91,Good,,we are looking for a data scientist to join our team the successful candidate will use python pandas scikit learn to support our projects and business goals candidates should have 5 years of relevant experience and a bs data science strong communication problem solving and teamwork skills are expected
Customer Support Representative,We need a hardworking Customer Support Representative. Apply now.,"Communication, CRM, Problem Solving",Not specified,Not specified,Not specified,Not specified,Not specified,35,Poor,"Skills, experience, education, responsibilities and salary missing",we need a hardworking customer support representative apply now
Content Writer,"We are looking for a Content Writer to join our team. The successful candidate will use Writing, SEO, Research to support our projects and business goals. Candidates should have 5 years of relevant experience and a Bachelor degree. Strong communication, problem-solving, and teamwork skills are expected.","Writing, SEO, Research",5 years,Bachelor degree,"Manage projects, coordinate stakeholders, track deadlines, and resolve project risks.",80000-130000,"Medical insurance, flexible hours, paid vacation",95,Good,,we are looking for a content writer to join our team the successful candidate will use writing seo research to support our projects and business goals candidates should have 5 years of relevant experience and a bachelor degree strong communication problem solving and teamwork skills are expected
Sales Executive,We need a hardworking Sales Executive. Apply now.,"Sales, CRM, Communication, Negotiation",Not specified,Not specified,Not specified,Not specified,Not specified,37,Poor,"Experience, education, salary and benefits missing",we need a hardworking sales executive apply now
Machine Learning Engineer,"We are looking for a Machine Learning Engineer to join our team. The successful candidate will use Python, TensorFlow, Scikit-learn to support our projects and business goals. Candidates should have 1 year of relevant experience and a BS Computer Science. Strong communication, problem-solving, and teamwork skills are expected.","Python, TensorFlow, Scikit-learn, SQL",1 year,BS Computer Science,"Manage projects, coordinate stakeholders, track deadlines, and resolve project risks.",90000-150000,"Health insurance, paid leave, annual bonus",88,Good,,we are looking for a machine learning engineer to join our team the successful candidate will use python tensorflow scikit learn to support our projects and business goals candidates should have 1 year of relevant experience and a bs computer science strong communication problem solving and teamwork skills are expected
Sales Executive,"We are looking for a Sales Executive to join our team. The successful candidate will use Sales, CRM, Communication to support our projects and business goals. Candidates should have 5 years of relevant experience and a Bachelor degree. Strong communication, problem-solving, and teamwork skills are expected.","Sales, CRM, Communication, Negotiation",5 years,Bachelor degree,"Analyze data, prepare reports, communicate findings, and support business decisions.",90000-130000,"Medical insurance, flexible hours, paid vacation",88,Good,,we are looking for a sales executive to join our team the successful candidate will use sales crm communication to support our projects and business goals candidates should have 5 years of relevant experience and a bachelor degree strong communication problem solving and teamwork skills are expected
Teacher,We need a hardworking Teacher. Apply now.,"Teaching, Communication, Lesson Planning",Not specified,Not specified,Not specified,Not specified,Not specified,23,Poor,"Skills, experience, education, responsibilities and salary missing",we need a hardworking teacher apply now
Business Analyst,We need a person who can do Business Analyst work. Contact us.,"SQL, Excel, Requirements Analysis",Not specified,Not specified,Not specified,Not specified,Not specified,34,Poor,"Experience, education, salary and benefits missing",we need a person who can do business analyst work contact us
Content Writer,"We are looking for a Content Writer to join our team. The successful candidate will use Writing, SEO, Research to support our projects and business goals. Candidates should have 5 years of relevant experience and a Bachelor degree. Strong communication, problem-solving, and teamwork skills are expected.","Writing, SEO, Research",5 years,Bachelor degree,"Analyze data, prepare reports, communicate findings, and support business decisions.",50000-100000,"Health insurance, paid leave, annual bonus",96,Good,,we are looking for a content writer to join our team the successful candidate will use writing seo research to support our projects and business goals candidates should have 5 years of relevant experience and a bachelor degree strong communication problem solving and teamwork skills are expected
Business Analyst,"We are hiring a Business Analyst. The candidate should have knowledge of SQL, Excel. The role involves supporting company projects and completing assigned tasks.","SQL, Excel, Requirements Analysis",2 years,Bachelor degree,"Manage records, prepare reports, monitor processes, and ensure accurate documentation.",80000-130000,"Medical insurance, flexible hours, paid vacation",67,Average,Education requirement missing,we are hiring a business analyst the candidate should have knowledge of sql excel the role involves supporting company projects and completing assigned tasks
HR Manager,"We are hiring a HR Manager. The candidate should have knowledge of Recruitment, HR Management. The role involves supporting company projects and completing assigned tasks.","Recruitment, HR Management, Communication",1 year,BS Human Resources,"Create user-focused designs, review feedback, and collaborate with developers.",80000-130000,"Health insurance, annual bonus, professional development",70,Average,Responsibilities are limited,we are hiring a hr manager the candidate should have knowledge of recruitment hr management the role involves supporting company projects and completing assigned tasks
HR Manager,"We are hiring a HR Manager. The candidate should have knowledge of Recruitment, HR Management. The role involves supporting company projects and completing assigned tasks.","Recruitment, HR Management, Communication",1 year,BS Human Resources,"Manage projects, coordinate stakeholders, track deadlines, and resolve project risks.",Not specified,Not specified,70,Average,Salary information missing,we are hiring a hr manager the candidate should have knowledge of recruitment hr management the role involves supporting company projects and completing assigned tasks
Cybersecurity Analyst,"We are looking for a Cybersecurity Analyst to join our team. The successful candidate will use Network Security, Linux, SIEM to support our projects and business goals. Candidates should have 2 years of relevant experience and a BS Cybersecurity. Strong communication, problem-solving, and teamwork skills are expected.","Network Security, Linux, SIEM, Python",2 years,BS Cybersecurity,"Manage projects, coordinate stakeholders, track deadlines, and resolve project risks.",60000-120000,"Paid leave, training budget, performance bonus",87,Good,,we are looking for a cybersecurity analyst to join our team the successful candidate will use network security linux siem to support our projects and business goals candidates should have 2 years of relevant experience and a bs cybersecurity strong communication problem solving and teamwork skills are expected
Marketing Manager,Looking for someone for a Marketing Manager position. Good opportunity.,"SEO, Google Ads, Analytics, Communication",Not specified,Not specified,Not specified,Not specified,Not specified,34,Poor,Job responsibilities unclear and required skills missing,looking for someone for a marketing manager position good opportunity
HR Manager,"We are hiring a HR Manager. The candidate should have knowledge of Recruitment, HR Management. The role involves supporting company projects and completing assigned tasks.","Recruitment, HR Management, Communication",1 year,BS Human Resources,"Develop and maintain applications, collaborate with team members, test solutions, and fix issues.",60000-100000,Not specified,68,Average,Benefits information missing,we are hiring a hr manager the candidate should have knowledge of recruitment hr management the role involves supporting company projects and completing assigned tasks
Content Writer,"We are looking for a Content Writer to join our team. The successful candidate will use Writing, SEO, Research to support our projects and business goals. Candidates should have 5 years of relevant experience and a Bachelor degree. Strong communication, problem-solving, and teamwork skills are expected.","Writing, SEO, Research",5 years,Bachelor degree,"Develop and maintain applications, collaborate with team members, test solutions, and fix issues.",100000-130000,"Health insurance, paid leave, annual bonus",98,Good,,we are looking for a content writer to join our team the successful candidate will use writing seo research to support our projects and business goals candidates should have 5 years of relevant experience and a bachelor degree strong communication problem solving and teamwork skills are expected
Network Administrator,"We are hiring a Network Administrator. The candidate should have knowledge of Networking, Cisco. The role involves supporting company projects and completing assigned tasks.","Networking, Cisco, TCP/IP, Linux",Not specified,BS Computer Science,"Support customers, resolve queries, document interactions, and maintain service quality.",Not specified,"Health insurance, annual bonus, professional development",66,Average,Education requirement missing,we are hiring a network administrator the candidate should have knowledge of networking cisco the role involves supporting company projects and completing assigned tasks
Content Writer,"We are looking for a Content Writer to join our team. The successful candidate will use Writing, SEO, Research to support our projects and business goals. Candidates should have 3-5 years of relevant experience and a Bachelor degree. Strong communication, problem-solving, and teamwork skills are expected.","Writing, SEO, Research",3-5 years,Bachelor degree,"Create user-focused designs, review feedback, and collaborate with developers.",80000-120000,"Paid leave, training budget, performance bonus",88,Good,,we are looking for a content writer to join our team the successful candidate will use writing seo research to support our projects and business goals candidates should have 3 5 years of relevant experience and a bachelor degree strong communication problem solving and teamwork skills are expected
Business Analyst,"We are hiring a Business Analyst. The candidate should have knowledge of SQL, Excel. The role involves supporting company projects and completing assigned tasks.","SQL, Excel, Requirements Analysis",2 years,Bachelor degree,"Support customers, resolve queries, document interactions, and maintain service quality.",60000-100000,"Health insurance, annual bonus, professional development",76,Average,Education requirement missing,we are hiring a business analyst the candidate should have knowledge of sql excel the role involves supporting company projects and completing assigned tasks
Customer Support Representative,"We are looking for a Customer Support Representative to join our team. The successful candidate will use Communication, CRM, Problem Solving to support our projects and business goals. Candidates should have 1 year of relevant experience and a Bachelor degree. Strong communication, problem-solving, and teamwork skills are expected.","Communication, CRM, Problem Solving",1 year,Bachelor degree,"Support customers, resolve queries, document interactions, and maintain service quality.",100000-140000,"Medical insurance, flexible hours, paid vacation",87,Good,,we are looking for a customer support representative to join our team the successful candidate will use communication crm problem solving to support our projects and business goals candidates should have 1 year of relevant experience and a bachelor degree strong communication problem solving and teamwork skills are expected
Database Administrator,"We are looking for a Database Administrator to join our team. The successful candidate will use SQL, MySQL, PostgreSQL to support our projects and business goals. Candidates should have 3-5 years of relevant experience and a BS Computer Science. Strong communication, problem-solving, and teamwork skills are expected.","SQL, MySQL, PostgreSQL, Backup",3-5 years,BS Computer Science,"Manage projects, coordinate stakeholders, track deadlines, and resolve project risks.",90000-130000,"Health insurance, annual bonus, professional development",85,Good,,we are looking for a database administrator to join our team the successful candidate will use sql mysql postgresql to support our projects and business goals candidates should have 3 5 years of relevant experience and a bs computer science strong communication problem solving and teamwork skills are expected
Graphic Designer,We need a hardworking Graphic Designer. Apply now.,"Photoshop, Illustrator, Canva",Not specified,Not specified,Not specified,Not specified,Not specified,22,Poor,Job responsibilities unclear and required skills missing,we need a hardworking graphic designer apply now
Sales Executive,"We are looking for a Sales Executive to join our team. The successful candidate will use Sales, CRM, Communication to support our projects and business goals. Candidates should have 5 years of relevant experience and a Bachelor degree. Strong communication, problem-solving, and teamwork skills are expected.","Sales, CRM, Communication, Negotiation",5 years,Bachelor degree,"Create user-focused designs, review feedback, and collaborate with developers.",60000-110000,"Health insurance, annual bonus, professional development",92,Good,,we are looking for a sales executive to join our team the successful candidate will use sales crm communication to support our projects and business goals candidates should have 5 years of relevant experience and a bachelor degree strong communication problem solving and teamwork skills are expected
Web Developer,"We are looking for a Web Developer to join our team. The successful candidate will use HTML, CSS, JavaScript to support our projects and business goals. Candidates should have 5 years of relevant experience and a BS Computer Science. Strong communication, problem-solving, and teamwork skills are expected.","HTML, CSS, JavaScript, React",5 years,BS Computer Science,"Manage records, prepare reports, monitor processes, and ensure accurate documentation.",70000-100000,"Paid leave, training budget, performance bonus",89,Good,,we are looking for a web developer to join our team the successful candidate will use html css javascript to support our projects and business goals candidates should have 5 years of relevant experience and a bs computer science strong communication problem solving and teamwork skills are expected
Business Analyst,"We are hiring a Business Analyst. The candidate should have knowledge of SQL, Excel. The role involves supporting company projects and completing assigned tasks.","SQL, Excel, Requirements Analysis",1 year,Bachelor degree,"Manage projects, coordinate stakeholders, track deadlines, and resolve project risks.",80000-130000,"Health insurance, annual bonus, professional development",78,Average,Education requirement missing,we are hiring a business analyst the candidate should have knowledge of sql excel the role involves supporting company projects and completing assigned tasks
Network Administrator,"We are looking for a Network Administrator to join our team. The successful candidate will use Networking, Cisco, TCP/IP to support our projects and business goals. Candidates should have 2 years of relevant experience and a BS Computer Science. Strong communication, problem-solving, and teamwork skills are expected.","Networking, Cisco, TCP/IP, Linux",2 years,BS Computer Science,"Manage projects, coordinate stakeholders, track deadlines, and resolve project risks.",90000-150000,"Paid leave, training budget, performance bonus",92,Good,,we are looking for a network administrator to join our team the successful candidate will use networking cisco tcp ip to support our projects and business goals candidates should have 2 years of relevant experience and a bs computer science strong communication problem solving and teamwork skills are expected
Mobile App Developer,We need a hardworking Mobile App Developer. Apply now.,"Kotlin, Java, Android Studio",Not specified,Not specified,Not specified,Not specified,Not specified,36,Poor,"Skills, experience, education, responsibilities and salary missing",we need a hardworking mobile app developer apply now
Database Administrator,"We are looking for a Database Administrator to join our team. The successful candidate will use SQL, MySQL, PostgreSQL to support our projects and business goals. Candidates should have 1 year of relevant experience and a BS Computer Science. Strong communication, problem-solving, and teamwork skills are expected.","SQL, MySQL, PostgreSQL, Backup",1 year,BS Computer Science,"Analyze data, prepare reports, communicate findings, and support business decisions.",90000-140000,"Medical insurance, flexible hours, paid vacation",87,Good,,we are looking for a database administrator to join our team the successful candidate will use sql mysql postgresql to support our projects and business goals candidates should have 1 year of relevant experience and a bs computer science strong communication problem solving and teamwork skills are expected
Cybersecurity Analyst,"We are looking for a Cybersecurity Analyst to join our team. The successful candidate will use Network Security, Linux, SIEM to support our projects and business goals. Candidates should have 5 years of relevant experience and a BS Cybersecurity. Strong communication, problem-solving, and teamwork skills are expected.","Network Security, Linux, SIEM, Python",5 years,BS Cybersecurity,"Manage projects, coordinate stakeholders, track deadlines, and resolve project risks.",50000-90000,"Health insurance, annual bonus, professional development",96,Good,,we are looking for a cybersecurity analyst to join our team the successful candidate will use network security linux siem to support our projects and business goals candidates should have 5 years of relevant experience and a bs cybersecurity strong communication problem solving and teamwork skills are expected
Data Scientist,"We are hiring a Data Scientist. The candidate should have knowledge of Python, Pandas. The role involves supporting company projects and completing assigned tasks.","Python, Pandas, Scikit-learn, SQL",2 years,BS Data Science,"Support customers, resolve queries, document interactions, and maintain service quality.",80000-130000,"Medical insurance, flexible hours, paid vacation",65,Average,Salary information missing,we are hiring a data scientist the candidate should have knowledge of python pandas the role involves supporting company projects and completing assigned tasks
Software Developer,"We are looking for a Software Developer to join our team. The successful candidate will use Python, Java, C++ to support our projects and business goals. Candidates should have 2 years of relevant experience and a BS Computer Science. Strong communication, problem-solving, and teamwork skills are expected.","Python, Java, C++, Git",2 years,BS Computer Science,"Manage records, prepare reports, monitor processes, and ensure accurate documentation.",90000-130000,"Medical insurance, flexible hours, paid vacation",93,Good,,we are looking for a software developer to join our team the successful candidate will use python java c to support our projects and business goals candidates should have 2 years of relevant experience and a bs computer science strong communication problem solving and teamwork skills are expected
Web Developer,We need a hardworking Web Developer. Apply now.,"HTML, CSS, JavaScript, React",Not specified,Not specified,Not specified,Not specified,Not specified,21,Poor,"Skills, experience, education, responsibilities and salary missing",we need a hardworking web developer apply now
Project Manager,We need a person who can do Project Manager work. Contact us.,"Agile, Jira, Communication, Risk Management",Not specified,Not specified,Not specified,Not specified,Not specified,32,Poor,"Experience, education, salary and benefits missing",we need a person who can do project manager work contact us
Business Analyst,"We are hiring a Business Analyst. The candidate should have knowledge of SQL, Excel. The role involves supporting company projects and completing assigned tasks.","SQL, Excel, Requirements Analysis",Not specified,Bachelor degree,"Develop and maintain applications, collaborate with team members, test solutions, and fix issues.",Not specified,"Paid leave, training budget, performance bonus",66,Average,Salary information missing,we are hiring a business analyst the candidate should have knowledge of sql excel the role involves supporting company projects and completing assigned tasks
Teacher,Looking for someone for a Teacher position. Good opportunity.,"Teaching, Communication, Lesson Planning",Not specified,Not specified,Not specified,Not specified,Not specified,25,Poor,"Skills, experience, education, responsibilities and salary missing",looking for someone for a teacher position good opportunity
Accountant,"We are hiring a Accountant. The candidate should have knowledge of Excel, Accounting. The role involves supporting company projects and completing assigned tasks.","Excel, Accounting, QuickBooks",Not specified,BS Accounting,"Manage records, prepare reports, monitor processes, and ensure accurate documentation.",60000-100000,Not specified,76,Average,Experience requirement unclear,we are hiring a accountant the candidate should have knowledge of excel accounting the role involves supporting company projects and completing assigned tasks
Cybersecurity Analyst,"We are hiring a Cybersecurity Analyst. The candidate should have knowledge of Network Security, Linux. The role involves supporting company projects and completing assigned tasks.","Network Security, Linux, SIEM, Python",2 years,BS Cybersecurity,"Support customers, resolve queries, document interactions, and maintain service quality.",80000-130000,Not specified,62,Average,Benefits information missing,we are hiring a cybersecurity analyst the candidate should have knowledge of network security linux the role involves supporting company projects and completing assigned tasks
Customer Support Representative,"We are looking for a Customer Support Representative to join our team. The successful candidate will use Communication, CRM, Problem Solving to support our projects and business goals. Candidates should have 1 year of relevant experience and a Bachelor degree. Strong communication, problem-solving, and teamwork skills are expected.","Communication, CRM, Problem Solving",1 year,Bachelor degree,"Analyze data, prepare reports, communicate findings, and support business decisions.",50000-90000,"Health insurance, annual bonus, professional development",94,Good,,we are looking for a customer support representative to join our team the successful candidate will use communication crm problem solving to support our projects and business goals candidates should have 1 year of relevant experience and a bachelor degree strong communication problem solving and teamwork skills are expected
Data Scientist,"We are looking for a Data Scientist to join our team. The successful candidate will use Python, Pandas, Scikit-learn to support our projects and business goals. Candidates should have 3-5 years of relevant experience and a BS Data Science. Strong communication, problem-solving, and teamwork skills are expected.","Python, Pandas, Scikit-learn, SQL",3-5 years,BS Data Science,"Develop and maintain applications, collaborate with team members, test solutions, and fix issues.",90000-120000,"Health insurance, paid leave, annual bonus",92,Good,,we are looking for a data scientist to join our team the successful candidate will use python pandas scikit learn to support our projects and business goals candidates should have 3 5 years of relevant experience and a bs data science strong communication problem solving and teamwork skills are expected
Machine Learning Engineer,We need a person who can do Machine Learning Engineer work. Contact us.,"Python, TensorFlow, Scikit-learn, SQL",Not specified,Not specified,Not specified,Not specified,Not specified,46,Poor,"Skills, experience, education, responsibilities and salary missing",we need a person who can do machine learning engineer work contact us
Accountant,"We are hiring a Accountant. The candidate should have knowledge of Excel, Accounting. The role involves supporting company projects and completing assigned tasks.","Excel, Accounting, QuickBooks",2 years,BS Accounting,"Create user-focused designs, review feedback, and collaborate with developers.",60000-100000,Not specified,67,Average,Salary information missing,we are hiring a accountant the candidate should have knowledge of excel accounting the role involves supporting company projects and completing assigned tasks
Customer Support Representative,"We are looking for a Customer Support Representative to join our team. The successful candidate will use Communication, CRM, Problem Solving to support our projects and business goals. Candidates should have 5 years of relevant experience and a Bachelor degree. Strong communication, problem-solving, and teamwork skills are expected.","Communication, CRM, Problem Solving",5 years,Bachelor degree,"Analyze data, prepare reports, communicate findings, and support business decisions.",100000-130000,"Health insurance, annual bonus, professional development",89,Good,,we are looking for a customer support representative to join our team the successful candidate will use communication crm problem solving to support our projects and business goals candidates should have 5 years of relevant experience and a bachelor degree strong communication problem solving and teamwork skills are expected
Mobile App Developer,We need a hardworking Mobile App Developer. Apply now.,"Kotlin, Java, Android Studio",Not specified,Not specified,Not specified,Not specified,Not specified,29,Poor,"Experience, education, salary and benefits missing",we need a hardworking mobile app developer apply now
Content Writer,"We are looking for a Content Writer to join our team. The successful candidate will use Writing, SEO, Research to support our projects and business goals. Candidates should have 2 years of relevant experience and a Bachelor degree. Strong communication, problem-solving, and teamwork skills are expected.","Writing, SEO, Research",2 years,Bachelor degree,"Support customers, resolve queries, document interactions, and maintain service quality.",50000-80000,"Health insurance, paid leave, annual bonus",85,Good,,we are looking for a content writer to join our team the successful candidate will use writing seo research to support our projects and business goals candidates should have 2 years of relevant experience and a bachelor degree strong communication problem solving and teamwork skills are expected
Customer Support Representative,"We are hiring a Customer Support Representative. The candidate should have knowledge of Communication, CRM. The role involves supporting company projects and completing assigned tasks.","Communication, CRM, Problem Solving",Not specified,Bachelor degree,"Manage projects, coordinate stakeholders, track deadlines, and resolve project risks.",80000-130000,"Health insurance, annual bonus, professional development",63,Average,Benefits information missing,we are hiring a customer support representative the candidate should have knowledge of communication crm the role involves supporting company projects and completing assigned tasks
Accountant,"We are hiring a Accountant. The candidate should have knowledge of Excel, Accounting. The role involves supporting company projects and completing assigned tasks.","Excel, Accounting, QuickBooks",2 years,BS Accounting,"Create user-focused designs, review feedback, and collaborate with developers.",80000-130000,Not specified,78,Average,Experience requirement unclear,we are hiring a accountant the candidate should have knowledge of excel accounting the role involves supporting company projects and completing assigned tasks
Teacher,"We are looking for a Teacher to join our team. The successful candidate will use Teaching, Communication, Lesson Planning to support our projects and business goals. Candidates should have 5 years of relevant experience and a Bachelor degree. Strong communication, problem-solving, and teamwork skills are expected.","Teaching, Communication, Lesson Planning",5 years,Bachelor degree,"Support customers, resolve queries, document interactions, and maintain service quality.",80000-120000,"Health insurance, annual bonus, professional development",97,Good,,we are looking for a teacher to join our team the successful candidate will use teaching communication lesson planning to support our projects and business goals candidates should have 5 years of relevant experience and a bachelor degree strong communication problem solving and teamwork skills are expected
Content Writer,"We are hiring a Content Writer. The candidate should have knowledge of Writing, SEO. The role involves supporting company projects and completing assigned tasks.","Writing, SEO, Research",2 years,Bachelor degree,"Create user-focused designs, review feedback, and collaborate with developers.",Not specified,Not specified,68,Average,Experience requirement unclear,we are hiring a content writer the candidate should have knowledge of writing seo the role involves supporting company projects and completing assigned tasks
Business Analyst,"We are looking for a Business Analyst to join our team. The successful candidate will use SQL, Excel, Requirements Analysis to support our projects and business goals. Candidates should have 5 years of relevant experience and a Bachelor degree. Strong communication, problem-solving, and teamwork skills are expected.","SQL, Excel, Requirements Analysis",5 years,Bachelor degree,"Manage records, prepare reports, monitor processes, and ensure accurate documentation.",80000-120000,"Health insurance, paid leave, annual bonus",88,Good,,we are looking for a business analyst to join our team the successful candidate will use sql excel requirements analysis to support our projects and business goals candidates should have 5 years of relevant experience and a bachelor degree strong communication problem solving and teamwork skills are expected
Database Administrator,We need a hardworking Database Administrator. Apply now.,"SQL, MySQL, PostgreSQL, Backup",Not specified,Not specified,Not specified,Not specified,Not specified,23,Poor,"Skills, experience, education, responsibilities and salary missing",we need a hardworking database administrator apply now
Network Administrator,"We are looking for a Network Administrator to join our team. The successful candidate will use Networking, Cisco, TCP/IP to support our projects and business goals. Candidates should have 2-3 years of relevant experience and a BS Computer Science. Strong communication, problem-solving, and teamwork skills are expected.","Networking, Cisco, TCP/IP, Linux",2-3 years,BS Computer Science,"Create user-focused designs, review feedback, and collaborate with developers.",90000-120000,"Medical insurance, flexible hours, paid vacation",95,Good,,we are looking for a network administrator to join our team the successful candidate will use networking cisco tcp ip to support our projects and business goals candidates should have 2 3 years of relevant experience and a bs computer science strong communication problem solving and teamwork skills are expected
Software Developer,We need a hardworking Software Developer. Apply now.,"Python, Java, C++, Git",Not specified,Not specified,Not specified,Not specified,Not specified,35,Poor,"Experience, education, salary and benefits missing",we need a hardworking software developer apply now
Accountant,"We are looking for a Accountant to join our team. The successful candidate will use Excel, Accounting, QuickBooks to support our projects and business goals. Candidates should have 2-3 years of relevant experience and a BS Accounting. Strong communication, problem-solving, and teamwork skills are expected.","Excel, Accounting, QuickBooks",2-3 years,BS Accounting,"Support customers, resolve queries, document interactions, and maintain service quality.",60000-110000,"Health insurance, paid leave, annual bonus",85,Good,,we are looking for a accountant to join our team the successful candidate will use excel accounting quickbooks to support our projects and business goals candidates should have 2 3 years of relevant experience and a bs accounting strong communication problem solving and teamwork skills are expected
Customer Support Representative,Looking for someone for a Customer Support Representative position. Good opportunity.,"Communication, CRM, Problem Solving",Not specified,Not specified,Not specified,Not specified,Not specified,39,Poor,"Experience, education, salary and benefits missing",looking for someone for a customer support representative position good opportunity
Network Administrator,"We are looking for a Network Administrator to join our team. The successful candidate will use Networking, Cisco, TCP/IP to support our projects and business goals. Candidates should have 3-5 years of relevant experience and a BS Computer Science. Strong communication, problem-solving, and teamwork skills are expected.","Networking, Cisco, TCP/IP, Linux",3-5 years,BS Computer Science,"Create user-focused designs, review feedback, and collaborate with developers.",50000-90000,"Health insurance, annual bonus, professional development",85,Good,,we are looking for a network administrator to join our team the successful candidate will use networking cisco tcp ip to support our projects and business goals candidates should have 3 5 years of relevant experience and a bs computer science strong communication problem solving and teamwork skills are expected
UI UX Designer,We need a person who can do UI UX Designer work. Contact us.,"Figma, UI Design, UX Research, Prototyping",Not specified,Not specified,Not specified,Not specified,Not specified,29,Poor,"Skills, experience, education, responsibilities and salary missing",we need a person who can do ui ux designer work contact us
Web Developer,We need a person who can do Web Developer work. Contact us.,"HTML, CSS, JavaScript, React",Not specified,Not specified,Not specified,Not specified,Not specified,36,Poor,"Experience, education, salary and benefits missing",we need a person who can do web developer work contact us
Graphic Designer,"We are hiring a Graphic Designer. The candidate should have knowledge of Photoshop, Illustrator. The role involves supporting company projects and completing assigned tasks.","Photoshop, Illustrator, Canva",Not specified,Bachelor degree,"Analyze data, prepare reports, communicate findings, and support business decisions.",60000-100000,"Paid leave, training budget, performance bonus",60,Average,Benefits information missing,we are hiring a graphic designer the candidate should have knowledge of photoshop illustrator the role involves supporting company projects and completing assigned tasks
Data Analyst,Looking for someone for a Data Analyst position. Good opportunity.,"Python, SQL, Excel, Power BI",Not specified,Not specified,Not specified,Not specified,Not specified,31,Poor,"Experience, education, salary and benefits missing",looking for someone for a data analyst position good opportunity
Customer Support Representative,"We are looking for a Customer Support Representative to join our team. The successful candidate will use Communication, CRM, Problem Solving to support our projects and business goals. Candidates should have 2 years of relevant experience and a Bachelor degree. Strong communication, problem-solving, and teamwork skills are expected.","Communication, CRM, Problem Solving",2 years,Bachelor degree,"Develop and maintain applications, collaborate with team members, test solutions, and fix issues.",90000-120000,"Health insurance, paid leave, annual bonus",93,Good,,we are looking for a customer support representative to join our team the successful candidate will use communication crm problem solving to support our projects and business goals candidates should have 2 years of relevant experience and a bachelor degree strong communication problem solving and teamwork skills are expected
HR Manager,"We are hiring a HR Manager. The candidate should have knowledge of Recruitment, HR Management. The role involves supporting company projects and completing assigned tasks.","Recruitment, HR Management, Communication",Not specified,BS Human Resources,"Manage projects, coordinate stakeholders, track deadlines, and resolve project risks.",Not specified,"Paid leave, training budget, performance bonus",68,Average,Benefits information missing,we are hiring a hr manager the candidate should have knowledge of recruitment hr management the role involves supporting company projects and completing assigned tasks
Teacher,Looking for someone for a Teacher position. Good opportunity.,"Teaching, Communication, Lesson Planning",Not specified,Not specified,Not specified,Not specified,Not specified,49,Poor,Job responsibilities unclear and required skills missing,looking for someone for a teacher position good opportunity
Business Analyst,"We are looking for a Business Analyst to join our team. The successful candidate will use SQL, Excel, Requirements Analysis to support our projects and business goals. Candidates should have 2 years of relevant experience and a Bachelor degree. Strong communication, problem-solving, and teamwork skills are expected.","SQL, Excel, Requirements Analysis",2 years,Bachelor degree,"Support customers, resolve queries, document interactions, and maintain service quality.",80000-110000,"Health insurance, paid leave, annual bonus",89,Good,,we are looking for a business analyst to join our team the successful candidate will use sql excel requirements analysis to support our projects and business goals candidates should have 2 years of relevant experience and a bachelor degree strong communication problem solving and teamwork skills are expected
Marketing Manager,We need a person who can do Marketing Manager work. Contact us.,"SEO, Google Ads, Analytics, Communication",Not specified,Not specified,Not specified,Not specified,Not specified,28,Poor,"Experience, education, salary and benefits missing",we need a person who can do marketing manager work contact us
Business Analyst,"We are looking for a Business Analyst to join our team. The successful candidate will use SQL, Excel, Requirements Analysis to support our projects and business goals. Candidates should have 3 years of relevant experience and a Bachelor degree. Strong communication, problem-solving, and teamwork skills are expected.","SQL, Excel, Requirements Analysis",3 years,Bachelor degree,"Manage projects, coordinate stakeholders, track deadlines, and resolve project risks.",80000-140000,"Medical insurance, flexible hours, paid vacation",97,Good,,we are looking for a business analyst to join our team the successful candidate will use sql excel requirements analysis to support our projects and business goals candidates should have 3 years of relevant experience and a bachelor degree strong communication problem solving and teamwork skills are expected
Database Administrator,"We are hiring a Database Administrator. The candidate should have knowledge of SQL, MySQL. The role involves supporting company projects and completing assigned tasks.","SQL, MySQL, PostgreSQL, Backup",Not specified,BS Computer Science,"Develop and maintain applications, collaborate with team members, test solutions, and fix issues.",60000-100000,"Health insurance, annual bonus, professional development",68,Average,Education requirement missing,we are hiring a database administrator the candidate should have knowledge of sql mysql the role involves supporting company projects and completing assigned tasks
Customer Support Representative,"We are hiring a Customer Support Representative. The candidate should have knowledge of Communication, CRM. The role involves supporting company projects and completing assigned tasks.","Communication, CRM, Problem Solving",1 year,Bachelor degree,"Manage projects, coordinate stakeholders, track deadlines, and resolve project risks.",Not specified,"Medical insurance, flexible hours, paid vacation",73,Average,Experience requirement unclear,we are hiring a customer support representative the candidate should have knowledge of communication crm the role involves supporting company projects and completing assigned tasks
Network Administrator,"We are hiring a Network Administrator. The candidate should have knowledge of Networking, Cisco. The role involves supporting company projects and completing assigned tasks.","Networking, Cisco, TCP/IP, Linux",Not specified,BS Computer Science,"Manage projects, coordinate stakeholders, track deadlines, and resolve project risks.",80000-130000,"Medical insurance, flexible hours, paid vacation",62,Average,Salary information missing,we are hiring a network administrator the candidate should have knowledge of networking cisco the role involves supporting company projects and completing assigned tasks
Marketing Manager,"We are looking for a Marketing Manager to join our team. The successful candidate will use SEO, Google Ads, Analytics to support our projects and business goals. Candidates should have 2 years of relevant experience and a Bachelor degree. Strong communication, problem-solving, and teamwork skills are expected.","SEO, Google Ads, Analytics, Communication",2 years,Bachelor degree,"Analyze data, prepare reports, communicate findings, and support business decisions.",80000-130000,"Paid leave, training budget, performance bonus",94,Good,,we are looking for a marketing manager to join our team the successful candidate will use seo google ads analytics to support our projects and business goals candidates should have 2 years of relevant experience and a bachelor degree strong communication problem solving and teamwork skills are expected
Project Manager,"We are looking for a Project Manager to join our team. The successful candidate will use Agile, Jira, Communication to support our projects and business goals. Candidates should have 5 years of relevant experience and a BS Management. Strong communication, problem-solving, and teamwork skills are expected.","Agile, Jira, Communication, Risk Management",5 years,BS Management,"Manage records, prepare reports, monitor processes, and ensure accurate documentation.",100000-140000,"Health insurance, annual bonus, professional development",88,Good,,we are looking for a project manager to join our team the successful candidate will use agile jira communication to support our projects and business goals candidates should have 5 years of relevant experience and a bs management strong communication problem solving and teamwork skills are expected
Graphic Designer,"We are hiring a Graphic Designer. The candidate should have knowledge of Photoshop, Illustrator. The role involves supporting company projects and completing assigned tasks.","Photoshop, Illustrator, Canva",2 years,Bachelor degree,"Analyze data, prepare reports, communicate findings, and support business decisions.",60000-100000,"Medical insurance, flexible hours, paid vacation",67,Average,Responsibilities are limited,we are hiring a graphic designer the candidate should have knowledge of photoshop illustrator the role involves supporting company projects and completing assigned tasks
Sales Executive,"We are looking for a Sales Executive to join our team. The successful candidate will use Sales, CRM, Communication to support our projects and business goals. Candidates should have 1 year of relevant experience and a Bachelor degree. Strong communication, problem-solving, and teamwork skills are expected.","Sales, CRM, Communication, Negotiation",1 year,Bachelor degree,"Support customers, resolve queries, document interactions, and maintain service quality.",50000-80000,"Health insurance, annual bonus, professional development",85,Good,,we are looking for a sales executive to join our team the successful candidate will use sales crm communication to support our projects and business goals candidates should have 1 year of relevant experience and a bachelor degree strong communication problem solving and teamwork skills are expected
Content Writer,Looking for someone for a Content Writer position. Good opportunity.,"Writing, SEO, Research",Not specified,Not specified,Not specified,Not specified,Not specified,31,Poor,"Experience, education, salary and benefits missing",looking for someone for a content writer position good opportunity
Marketing Manager,"We are hiring a Marketing Manager. The candidate should have knowledge of SEO, Google Ads. The role involves supporting company projects and completing assigned tasks.","SEO, Google Ads, Analytics, Communication",Not specified,Bachelor degree,"Analyze data, prepare reports, communicate findings, and support business decisions.",80000-130000,"Health insurance, annual bonus, professional development",76,Average,Experience requirement unclear,we are hiring a marketing manager the candidate should have knowledge of seo google ads the role involves supporting company projects and completing assigned tasks
Customer Support Representative,"We are looking for a Customer Support Representative to join our team. The successful candidate will use Communication, CRM, Problem Solving to support our projects and business goals. Candidates should have 3-5 years of relevant experience and a Bachelor degree. Strong communication, problem-solving, and teamwork skills are expected.","Communication, CRM, Problem Solving",3-5 years,Bachelor degree,"Create user-focused designs, review feedback, and collaborate with developers.",60000-90000,"Health insurance, annual bonus, professional development",93,Good,,we are looking for a customer support representative to join our team the successful candidate will use communication crm problem solving to support our projects and business goals candidates should have 3 5 years of relevant experience and a bachelor degree strong communication problem solving and teamwork skills are expected
Web Developer,"We are hiring a Web Developer. The candidate should have knowledge of HTML, CSS. The role involves supporting company projects and completing assigned tasks.","HTML, CSS, JavaScript, React",2 years,BS Computer Science,"Create user-focused designs, review feedback, and collaborate with developers.",Not specified,"Medical insurance, flexible hours, paid vacation",63,Average,Responsibilities are limited,we are hiring a web developer the candidate should have knowledge of html css the role involves supporting company projects and completing assigned tasks
Database Administrator,"We are looking for a Database Administrator to join our team. The successful candidate will use SQL, MySQL, PostgreSQL to support our projects and business goals. Candidates should have 1 year of relevant experience and a BS Computer Science. Strong communication, problem-solving, and teamwork skills are expected.","SQL, MySQL, PostgreSQL, Backup",1 year,BS Computer Science,"Support customers, resolve queries, document interactions, and maintain service quality.",50000-90000,"Health insurance, annual bonus, professional development",86,Good,,we are looking for a database administrator to join our team the successful candidate will use sql mysql postgresql to support our projects and business goals candidates should have 1 year of relevant experience and a bs computer science strong communication problem solving and teamwork skills are expected
Marketing Manager,"We are looking for a Marketing Manager to join our team. The successful candidate will use SEO, Google Ads, Analytics to support our projects and business goals. Candidates should have 2-3 years of relevant experience and a Bachelor degree. Strong communication, problem-solving, and teamwork skills are expected.","SEO, Google Ads, Analytics, Communication",2-3 years,Bachelor degree,"Manage projects, coordinate stakeholders, track deadlines, and resolve project risks.",60000-110000,"Medical insurance, flexible hours, paid vacation",92,Good,,we are looking for a marketing manager to join our team the successful candidate will use seo google ads analytics to support our projects and business goals candidates should have 2 3 years of relevant experience and a bachelor degree strong communication problem solving and teamwork skills are expected
Teacher,"We are looking for a Teacher to join our team. The successful candidate will use Teaching, Communication, Lesson Planning to support our projects and business goals. Candidates should have 2 years of relevant experience and a Bachelor degree. Strong communication, problem-solving, and teamwork skills are expected.","Teaching, Communication, Lesson Planning",2 years,Bachelor degree,"Create user-focused designs, review feedback, and collaborate with developers.",80000-140000,"Medical insurance, flexible hours, paid vacation",96,Good,,we are looking for a teacher to join our team the successful candidate will use teaching communication lesson planning to support our projects and business goals candidates should have 2 years of relevant experience and a bachelor degree strong communication problem solving and teamwork skills are expected
Sales Executive,"We are looking for a Sales Executive to join our team. The successful candidate will use Sales, CRM, Communication to support our projects and business goals. Candidates should have 3 years of relevant experience and a Bachelor degree. Strong communication, problem-solving, and teamwork skills are expected.","Sales, CRM, Communication, Negotiation",3 years,Bachelor degree,"Support customers, resolve queries, document interactions, and maintain service quality.",70000-130000,"Medical insurance, flexible hours, paid vacation",87,Good,,we are looking for a sales executive to join our team the successful candidate will use sales crm communication to support our projects and business goals candidates should have 3 years of relevant experience and a bachelor degree strong communication problem solving and teamwork skills are expected
Business Analyst,"We are hiring a Business Analyst. The candidate should have knowledge of SQL, Excel. The role involves supporting company projects and completing assigned tasks.","SQL, Excel, Requirements Analysis",1 year,Bachelor degree,"Analyze data, prepare reports, communicate findings, and support business decisions.",Not specified,"Paid leave, training budget, performance bonus",77,Average,Salary information missing,we are hiring a business analyst the candidate should have knowledge of sql excel the role involves supporting company projects and completing assigned tasks
Customer Support Representative,"We are looking for a Customer Support Representative to join our team. The successful candidate will use Communication, CRM, Problem Solving to support our projects and business goals. Candidates should have 5 years of relevant experience and a Bachelor degree. Strong communication, problem-solving, and teamwork skills are expected.","Communication, CRM, Problem Solving",5 years,Bachelor degree,"Analyze data, prepare reports, communicate findings, and support business decisions.",60000-120000,"Health insurance, paid leave, annual bonus",91,Good,,we are looking for a customer support representative to join our team the successful candidate will use communication crm problem solving to support our projects and business goals candidates should have 5 years of relevant experience and a bachelor degree strong communication problem solving and teamwork skills are expected
Mobile App Developer,"We are looking for a Mobile App Developer to join our team. The successful candidate will use Kotlin, Java, Android Studio to support our projects and business goals. Candidates should have 5 years of relevant experience and a BS Computer Science. Strong communication, problem-solving, and teamwork skills are expected.","Kotlin, Java, Android Studio",5 years,BS Computer Science,"Manage projects, coordinate stakeholders, track deadlines, and resolve project risks.",90000-140000,"Health insurance, annual bonus, professional development",89,Good,,we are looking for a mobile app developer to join our team the successful candidate will use kotlin java android studio to support our projects and business goals candidates should have 5 years of relevant experience and a bs computer science strong communication problem solving and teamwork skills are expected
Content Writer,We need a hardworking Content Writer. Apply now.,"Writing, SEO, Research",Not specified,Not specified,Not specified,Not specified,Not specified,32,Poor,"Skills, experience, education, responsibilities and salary missing",we need a hardworking content writer apply now
Cybersecurity Analyst,"We are looking for a Cybersecurity Analyst to join our team. The successful candidate will use Network Security, Linux, SIEM to support our projects and business goals. Candidates should have 2-3 years of relevant experience and a BS Cybersecurity. Strong communication, problem-solving, and teamwork skills are expected.","Network Security, Linux, SIEM, Python",2-3 years,BS Cybersecurity,"Manage records, prepare reports, monitor processes, and ensure accurate documentation.",80000-110000,"Health insurance, annual bonus, professional development",90,Good,,we are looking for a cybersecurity analyst to join our team the successful candidate will use network security linux siem to support our projects and business goals candidates should have 2 3 years of relevant experience and a bs cybersecurity strong communication problem solving and teamwork skills are expected
Project Manager,"We are looking for a Project Manager to join our team. The successful candidate will use Agile, Jira, Communication to support our projects and business goals. Candidates should have 3-5 years of relevant experience and a BS Management. Strong communication, problem-solving, and teamwork skills are expected.","Agile, Jira, Communication, Risk Management",3-5 years,BS Management,"Develop and maintain applications, collaborate with team members, test solutions, and fix issues.",90000-140000,"Paid leave, training budget, performance bonus",91,Good,,we are looking for a project manager to join our team the successful candidate will use agile jira communication to support our projects and business goals candidates should have 3 5 years of relevant experience and a bs management strong communication problem solving and teamwork skills are expected
Data Scientist,"We are looking for a Data Scientist to join our team. The successful candidate will use Python, Pandas, Scikit-learn to support our projects and business goals. Candidates should have 5 years of relevant experience and a BS Data Science. Strong communication, problem-solving, and teamwork skills are expected.","Python, Pandas, Scikit-learn, SQL",5 years,BS Data Science,"Manage projects, coordinate stakeholders, track deadlines, and resolve project risks.",90000-130000,"Medical insurance, flexible hours, paid vacation",90,Good,,we are looking for a data scientist to join our team the successful candidate will use python pandas scikit learn to support our projects and business goals candidates should have 5 years of relevant experience and a bs data science strong communication problem solving and teamwork skills are expected
Marketing Manager,"We are hiring a Marketing Manager. The candidate should have knowledge of SEO, Google Ads. The role involves supporting company projects and completing assigned tasks.","SEO, Google Ads, Analytics, Communication",2 years,Bachelor degree,"Develop and maintain applications, collaborate with team members, test solutions, and fix issues.",Not specified,"Health insurance, annual bonus, professional development",72,Average,Responsibilities are limited,we are hiring a marketing manager the candidate should have knowledge of seo google ads the role involves supporting company projects and completing assigned tasks
HR Manager,"We are hiring a HR Manager. The candidate should have knowledge of Recruitment, HR Management. The role involves supporting company projects and completing assigned tasks.","Recruitment, HR Management, Communication",1 year,BS Human Resources,"Create user-focused designs, review feedback, and collaborate with developers.",60000-100000,"Paid leave, training budget, performance bonus",79,Average,Responsibilities are limited,we are hiring a hr manager the candidate should have knowledge of recruitment hr management the role involves supporting company projects and completing assigned tasks
Customer Support Representative,We need a hardworking Customer Support Representative. Apply now.,"Communication, CRM, Problem Solving",Not specified,Not specified,Not specified,Not specified,Not specified,22,Poor,"Skills, experience, education, responsibilities and salary missing",we need a hardworking customer support representative apply now
Marketing Manager,"We are looking for a Marketing Manager to join our team. The successful candidate will use SEO, Google Ads, Analytics to support our projects and business goals. Candidates should have 2-3 years of relevant experience and a Bachelor degree. Strong communication, problem-solving, and teamwork skills are expected.","SEO, Google Ads, Analytics, Communication",2-3 years,Bachelor degree,"Support customers, resolve queries, document interactions, and maintain service quality.",100000-150000,"Paid leave, training budget, performance bonus",95,Good,,we are looking for a marketing manager to join our team the successful candidate will use seo google ads analytics to support our projects and business goals candidates should have 2 3 years of relevant experience and a bachelor degree strong communication problem solving and teamwork skills are expected
Customer Support Representative,"We are looking for a Customer Support Representative to join our team. The successful candidate will use Communication, CRM, Problem Solving to support our projects and business goals. Candidates should have 3 years of relevant experience and a Bachelor degree. Strong communication, problem-solving, and teamwork skills are expected.","Communication, CRM, Problem Solving",3 years,Bachelor degree,"Analyze data, prepare reports, communicate findings, and support business decisions.",70000-130000,"Health insurance, annual bonus, professional development",87,Good,,we are looking for a customer support representative to join our team the successful candidate will use communication crm problem solving to support our projects and business goals candidates should have 3 years of relevant experience and a bachelor degree strong communication problem solving and teamwork skills are expected
Software Developer,"We are looking for a Software Developer to join our team. The successful candidate will use Python, Java, C++ to support our projects and business goals. Candidates should have 2 years of relevant experience and a BS Computer Science. Strong communication, problem-solving, and teamwork skills are expected.","Python, Java, C++, Git",2 years,BS Computer Science,"Analyze data, prepare reports, communicate findings, and support business decisions.",100000-150000,"Health insurance, paid leave, annual bonus",87,Good,,we are looking for a software developer to join our team the successful candidate will use python java c to support our projects and business goals candidates should have 2 years of relevant experience and a bs computer science strong communication problem solving and teamwork skills are expected
Customer Support Representative,"We are looking for a Customer Support Representative to join our team. The successful candidate will use Communication, CRM, Problem Solving to support our projects and business goals. Candidates should have 1 year of relevant experience and a Bachelor degree. Strong communication, problem-solving, and teamwork skills are expected.","Communication, CRM, Problem Solving",1 year,Bachelor degree,"Create user-focused designs, review feedback, and collaborate with developers.",80000-110000,"Health insurance, paid leave, annual bonus",93,Good,,we are looking for a customer support representative to join our team the successful candidate will use communication crm problem solving to support our projects and business goals candidates should have 1 year of relevant experience and a bachelor degree strong communication problem solving and teamwork skills are expected
Data Analyst,"We are looking for a Data Analyst to join our team. The successful candidate will use Python, SQL, Excel to support our projects and business goals. Candidates should have 3-5 years of relevant experience and a BS Data Science. Strong communication, problem-solving, and teamwork skills are expected.","Python, SQL, Excel, Power BI",3-5 years,BS Data Science,"Manage projects, coordinate stakeholders, track deadlines, and resolve project risks.",60000-90000,"Health insurance, annual bonus, professional development",88,Good,,we are looking for a data analyst to join our team the successful candidate will use python sql excel to support our projects and business goals candidates should have 3 5 years of relevant experience and a bs data science strong communication problem solving and teamwork skills are expected
Graphic Designer,"We are hiring a Graphic Designer. The candidate should have knowledge of Photoshop, Illustrator. The role involves supporting company projects and completing assigned tasks.","Photoshop, Illustrator, Canva",2 years,Bachelor degree,"Analyze data, prepare reports, communicate findings, and support business decisions.",Not specified,"Medical insurance, flexible hours, paid vacation",76,Average,Benefits information missing,we are hiring a graphic designer the candidate should have knowledge of photoshop illustrator the role involves supporting company projects and completing assigned tasks
Software Developer,"We are looking for a Software Developer to join our team. The successful candidate will use Python, Java, C++ to support our projects and business goals. Candidates should have 2-3 years of relevant experience and a BS Computer Science. Strong communication, problem-solving, and teamwork skills are expected.","Python, Java, C++, Git",2-3 years,BS Computer Science,"Support customers, resolve queries, document interactions, and maintain service quality.",70000-130000,"Health insurance, annual bonus, professional development",89,Good,,we are looking for a software developer to join our team the successful candidate will use python java c to support our projects and business goals candidates should have 2 3 years of relevant experience and a bs computer science strong communication problem solving and teamwork skills are expected
Content Writer,"We are looking for a Content Writer to join our team. The successful candidate will use Writing, SEO, Research to support our projects and business goals. Candidates should have 5 years of relevant experience and a Bachelor degree. Strong communication, problem-solving, and teamwork skills are expected.","Writing, SEO, Research",5 years,Bachelor degree,"Manage records, prepare reports, monitor processes, and ensure accurate documentation.",90000-130000,"Health insurance, annual bonus, professional development",96,Good,,we are looking for a content writer to join our team the successful candidate will use writing seo research to support our projects and business goals candidates should have 5 years of relevant experience and a bachelor degree strong communication problem solving and teamwork skills are expected
Business Analyst,"We are looking for a Business Analyst to join our team. The successful candidate will use SQL, Excel, Requirements Analysis to support our projects and business goals. Candidates should have 5 years of relevant experience and a Bachelor degree. Strong communication, problem-solving, and teamwork skills are expected.","SQL, Excel, Requirements Analysis",5 years,Bachelor degree,"Create user-focused designs, review feedback, and collaborate with developers.",100000-150000,"Paid leave, training budget, performance bonus",93,Good,,we are looking for a business analyst to join our team the successful candidate will use sql excel requirements analysis to support our projects and business goals candidates should have 5 years of relevant experience and a bachelor degree strong communication problem solving and teamwork skills are expected
Graphic Designer,Looking for someone for a Graphic Designer position. Good opportunity.,"Photoshop, Illustrator, Canva",Not specified,Not specified,Not specified,Not specified,Not specified,29,Poor,Job responsibilities unclear and required skills missing,looking for someone for a graphic designer position good opportunity
Accountant,"We are looking for a Accountant to join our team. The successful candidate will use Excel, Accounting, QuickBooks to support our projects and business goals. Candidates should have 2-3 years of relevant experience and a BS Accounting. Strong communication, problem-solving, and teamwork skills are expected.","Excel, Accounting, QuickBooks",2-3 years,BS Accounting,"Manage projects, coordinate stakeholders, track deadlines, and resolve project risks.",50000-80000,"Medical insurance, flexible hours, paid vacation",89,Good,,we are looking for a accountant to join our team the successful candidate will use excel accounting quickbooks to support our projects and business goals candidates should have 2 3 years of relevant experience and a bs accounting strong communication problem solving and teamwork skills are expected
Mobile App Developer,"We are hiring a Mobile App Developer. The candidate should have knowledge of Kotlin, Java. The role involves supporting company projects and completing assigned tasks.","Kotlin, Java, Android Studio",Not specified,BS Computer Science,"Manage projects, coordinate stakeholders, track deadlines, and resolve project risks.",80000-130000,"Health insurance, annual bonus, professional development",60,Average,Salary information missing,we are hiring a mobile app developer the candidate should have knowledge of kotlin java the role involves supporting company projects and completing assigned tasks
HR Manager,"We are hiring a HR Manager. The candidate should have knowledge of Recruitment, HR Management. The role involves supporting company projects and completing assigned tasks.","Recruitment, HR Management, Communication",1 year,BS Human Resources,"Analyze data, prepare reports, communicate findings, and support business decisions.",Not specified,"Paid leave, training budget, performance bonus",73,Average,Responsibilities are limited,we are hiring a hr manager the candidate should have knowledge of recruitment hr management the role involves supporting company projects and completing assigned tasks
Accountant,"We are looking for a Accountant to join our team. The successful candidate will use Excel, Accounting, QuickBooks to support our projects and business goals. Candidates should have 2 years of relevant experience and a BS Accounting. Strong communication, problem-solving, and teamwork skills are expected.","Excel, Accounting, QuickBooks",2 years,BS Accounting,"Analyze data, prepare reports, communicate findings, and support business decisions.",100000-160000,"Health insurance, annual bonus, professional development",89,Good,,we are looking for a accountant to join our team the successful candidate will use excel accounting quickbooks to support our projects and business goals candidates should have 2 years of relevant experience and a bs accounting strong communication problem solving and teamwork skills are expected
Data Analyst,"We are looking for a Data Analyst to join our team. The successful candidate will use Python, SQL, Excel to support our projects and business goals. Candidates should have 2 years of relevant experience and a BS Data Science. Strong communication, problem-solving, and teamwork skills are expected.","Python, SQL, Excel, Power BI",2 years,BS Data Science,"Manage records, prepare reports, monitor processes, and ensure accurate documentation.",90000-140000,"Paid leave, training budget, performance bonus",96,Good,,we are looking for a data analyst to join our team the successful candidate will use python sql excel to support our projects and business goals candidates should have 2 years of relevant experience and a bs data science strong communication problem solving and teamwork skills are expected
Content Writer,Looking for someone for a Content Writer position. Good opportunity.,"Writing, SEO, Research",Not specified,Not specified,Not specified,Not specified,Not specified,26,Poor,"Skills, experience, education, responsibilities and salary missing",looking for someone for a content writer position good opportunity
Cybersecurity Analyst,"We are looking for a Cybersecurity Analyst to join our team. The successful candidate will use Network Security, Linux, SIEM to support our projects and business goals. Candidates should have 1 year of relevant experience and a BS Cybersecurity. Strong communication, problem-solving, and teamwork skills are expected.","Network Security, Linux, SIEM, Python",1 year,BS Cybersecurity,"Manage projects, coordinate stakeholders, track deadlines, and resolve project risks.",100000-160000,"Health insurance, annual bonus, professional development",96,Good,,we are looking for a cybersecurity analyst to join our team the successful candidate will use network security linux siem to support our projects and business goals candidates should have 1 year of relevant experience and a bs cybersecurity strong communication problem solving and teamwork skills are expected
Teacher,"We are hiring a Teacher. The candidate should have knowledge of Teaching, Communication. The role involves supporting company projects and completing assigned tasks.","Teaching, Communication, Lesson Planning",2 years,Bachelor degree,"Develop and maintain applications, collaborate with team members, test solutions, and fix issues.",60000-100000,"Medical insurance, flexible hours, paid vacation",77,Average,Education requirement missing,we are hiring a teacher the candidate should have knowledge of teaching communication the role involves supporting company projects and completing assigned tasks
Cybersecurity Analyst,Looking for someone for a Cybersecurity Analyst position. Good opportunity.,"Network Security, Linux, SIEM, Python",Not specified,Not specified,Not specified,Not specified,Not specified,28,Poor,"Skills, experience, education, responsibilities and salary missing",looking for someone for a cybersecurity analyst position good opportunity
Database Administrator,"We are hiring a Database Administrator. The candidate should have knowledge of SQL, MySQL. The role involves supporting company projects and completing assigned tasks.","SQL, MySQL, PostgreSQL, Backup",1 year,BS Computer Science,"Develop and maintain applications, collaborate with team members, test solutions, and fix issues.",60000-100000,"Medical insurance, flexible hours, paid vacation",75,Average,Benefits information missing,we are hiring a database administrator the candidate should have knowledge of sql mysql the role involves supporting company projects and completing assigned tasks
Marketing Manager,"We are looking for a Marketing Manager to join our team. The successful candidate will use SEO, Google Ads, Analytics to support our projects and business goals. Candidates should have 3 years of relevant experience and a Bachelor degree. Strong communication, problem-solving, and teamwork skills are expected.","SEO, Google Ads, Analytics, Communication",3 years,Bachelor degree,"Manage projects, coordinate stakeholders, track deadlines, and resolve project risks.",70000-130000,"Health insurance, paid leave, annual bonus",86,Good,,we are looking for a marketing manager to join our team the successful candidate will use seo google ads analytics to support our projects and business goals candidates should have 3 years of relevant experience and a bachelor degree strong communication problem solving and teamwork skills are expected
Machine Learning Engineer,"We are looking for a Machine Learning Engineer to join our team. The successful candidate will use Python, TensorFlow, Scikit-learn to support our projects and business goals. Candidates should have 3 years of relevant experience and a BS Computer Science. Strong communication, problem-solving, and teamwork skills are expected.","Python, TensorFlow, Scikit-learn, SQL",3 years,BS Computer Science,"Analyze data, prepare reports, communicate findings, and support business decisions.",50000-110000,"Medical insurance, flexible hours, paid vacation",98,Good,,we are looking for a machine learning engineer to join our team the successful candidate will use python tensorflow scikit learn to support our projects and business goals candidates should have 3 years of relevant experience and a bs computer science strong communication problem solving and teamwork skills are expected
Project Manager,We need a hardworking Project Manager. Apply now.,"Agile, Jira, Communication, Risk Management",Not specified,Not specified,Not specified,Not specified,Not specified,23,Poor,"Experience, education, salary and benefits missing",we need a hardworking project manager apply now
Graphic Designer,"We are looking for a Graphic Designer to join our team. The successful candidate will use Photoshop, Illustrator, Canva to support our projects and business goals. Candidates should have 3 years of relevant experience and a Bachelor degree. Strong communication, problem-solving, and teamwork skills are expected.","Photoshop, Illustrator, Canva",3 years,Bachelor degree,"Create user-focused designs, review feedback, and collaborate with developers.",60000-90000,"Medical insurance, flexible hours, paid vacation",96,Good,,we are looking for a graphic designer to join our team the successful candidate will use photoshop illustrator canva to support our projects and business goals candidates should have 3 years of relevant experience and a bachelor degree strong communication problem solving and teamwork skills are expected
Data Scientist,"We are hiring a Data Scientist. The candidate should have knowledge of Python, Pandas. The role involves supporting company projects and completing assigned tasks.","Python, Pandas, Scikit-learn, SQL",1 year,BS Data Science,"Manage records, prepare reports, monitor processes, and ensure accurate documentation.",80000-130000,"Health insurance, annual bonus, professional development",69,Average,Experience requirement unclear,we are hiring a data scientist the candidate should have knowledge of python pandas the role involves supporting company projects and completing assigned tasks
Cybersecurity Analyst,"We are hiring a Cybersecurity Analyst. The candidate should have knowledge of Network Security, Linux. The role involves supporting company projects and completing assigned tasks.","Network Security, Linux, SIEM, Python",1 year,BS Cybersecurity,"Support customers, resolve queries, document interactions, and maintain service quality.",Not specified,Not specified,63,Average,Experience requirement unclear,we are hiring a cybersecurity analyst the candidate should have knowledge of network security linux the role involves supporting company projects and completing assigned tasks
Mobile App Developer,"We are hiring a Mobile App Developer. The candidate should have knowledge of Kotlin, Java. The role involves supporting company projects and completing assigned tasks.","Kotlin, Java, Android Studio",1 year,BS Computer Science,"Manage records, prepare reports, monitor processes, and ensure accurate documentation.",80000-130000,"Health insurance, paid leave, annual bonus",66,Average,Education requirement missing,we are hiring a mobile app developer the candidate should have knowledge of kotlin java the role involves supporting company projects and completing assigned tasks
Graphic Designer,"We are hiring a Graphic Designer. The candidate should have knowledge of Photoshop, Illustrator. The role involves supporting company projects and completing assigned tasks.","Photoshop, Illustrator, Canva",2 years,Bachelor degree,"Manage projects, coordinate stakeholders, track deadlines, and resolve project risks.",60000-100000,"Medical insurance, flexible hours, paid vacation",78,Average,Education requirement missing,we are hiring a graphic designer the candidate should have knowledge of photoshop illustrator the role involves supporting company projects and completing assigned tasks
Customer Support Representative,We need a hardworking Customer Support Representative. Apply now.,"Communication, CRM, Problem Solving",Not specified,Not specified,Not specified,Not specified,Not specified,21,Poor,"Experience, education, salary and benefits missing",we need a hardworking customer support representative apply now
Mobile App Developer,"We are hiring a Mobile App Developer. The candidate should have knowledge of Kotlin, Java. The role involves supporting company projects and completing assigned tasks.","Kotlin, Java, Android Studio",1 year,BS Computer Science,"Analyze data, prepare reports, communicate findings, and support business decisions.",80000-130000,"Health insurance, paid leave, annual bonus",65,Average,Salary information missing,we are hiring a mobile app developer the candidate should have knowledge of kotlin java the role involves supporting company projects and completing assigned tasks
Data Analyst,"We are hiring a Data Analyst. The candidate should have knowledge of Python, SQL. The role involves supporting company projects and completing assigned tasks.","Python, SQL, Excel, Power BI",2 years,BS Data Science,"Develop and maintain applications, collaborate with team members, test solutions, and fix issues.",Not specified,"Health insurance, paid leave, annual bonus",71,Average,Benefits information missing,we are hiring a data analyst the candidate should have knowledge of python sql the role involves supporting company projects and completing assigned tasks
Content Writer,We need a hardworking Content Writer. Apply now.,"Writing, SEO, Research",Not specified,Not specified,Not specified,Not specified,Not specified,35,Poor,"Skills, experience, education, responsibilities and salary missing",we need a hardworking content writer apply now
Marketing Manager,We need a person who can do Marketing Manager work. Contact us.,"SEO, Google Ads, Analytics, Communication",Not specified,Not specified,Not specified,Not specified,Not specified,44,Poor,Job responsibilities unclear and required skills missing,we need a person who can do marketing manager work contact us
Database Administrator,"We are hiring a Database Administrator. The candidate should have knowledge of SQL, MySQL. The role involves supporting company projects and completing assigned tasks.","SQL, MySQL, PostgreSQL, Backup",1 year,BS Computer Science,"Manage projects, coordinate stakeholders, track deadlines, and resolve project risks.",Not specified,"Health insurance, annual bonus, professional development",64,Average,Experience requirement unclear,we are hiring a database administrator the candidate should have knowledge of sql mysql the role involves supporting company projects and completing assigned tasks
Web Developer,"We are hiring a Web Developer. The candidate should have knowledge of HTML, CSS. The role involves supporting company projects and completing assigned tasks.","HTML, CSS, JavaScript, React",2 years,BS Computer Science,"Support customers, resolve queries, document interactions, and maintain service quality.",Not specified,"Paid leave, training budget, performance bonus",75,Average,Benefits information missing,we are hiring a web developer the candidate should have knowledge of html css the role involves supporting company projects and completing assigned tasks
Business Analyst,"We are looking for a Business Analyst to join our team. The successful candidate will use SQL, Excel, Requirements Analysis to support our projects and business goals. Candidates should have 2-3 years of relevant experience and a Bachelor degree. Strong communication, problem-solving, and teamwork skills are expected.","SQL, Excel, Requirements Analysis",2-3 years,Bachelor degree,"Support customers, resolve queries, document interactions, and maintain service quality.",70000-130000,"Paid leave, training budget, performance bonus",98,Good,,we are looking for a business analyst to join our team the successful candidate will use sql excel requirements analysis to support our projects and business goals candidates should have 2 3 years of relevant experience and a bachelor degree strong communication problem solving and teamwork skills are expected
Content Writer,"We are looking for a Content Writer to join our team. The successful candidate will use Writing, SEO, Research to support our projects and business goals. Candidates should have 3-5 years of relevant experience and a Bachelor degree. Strong communication, problem-solving, and teamwork skills are expected.","Writing, SEO, Research",3-5 years,Bachelor degree,"Manage projects, coordinate stakeholders, track deadlines, and resolve project risks.",60000-120000,"Paid leave, training budget, performance bonus",93,Good,,we are looking for a content writer to join our team the successful candidate will use writing seo research to support our projects and business goals candidates should have 3 5 years of relevant experience and a bachelor degree strong communication problem solving and teamwork skills are expected
Sales Executive,"We are hiring a Sales Executive. The candidate should have knowledge of Sales, CRM. The role involves supporting company projects and completing assigned tasks.","Sales, CRM, Communication, Negotiation",Not specified,Bachelor degree,"Manage records, prepare reports, monitor processes, and ensure accurate documentation.",Not specified,"Health insurance, annual bonus, professional development",65,Average,Education requirement missing,we are hiring a sales executive the candidate should have knowledge of sales crm the role involves supporting company projects and completing assigned tasks
Teacher,We need a person who can do Teacher work. Contact us.,"Teaching, Communication, Lesson Planning",Not specified,Not specified,Not specified,Not specified,Not specified,27,Poor,Job responsibilities unclear and required skills missing,we need a person who can do teacher work contact us
Data Analyst,"We are hiring a Data Analyst. The candidate should have knowledge of Python, SQL. The role involves supporting company projects and completing assigned tasks.","Python, SQL, Excel, Power BI",Not specified,BS Data Science,"Support customers, resolve queries, document interactions, and maintain service quality.",80000-130000,"Medical insurance, flexible hours, paid vacation",75,Average,Responsibilities are limited,we are hiring a data analyst the candidate should have knowledge of python sql the role involves supporting company projects and completing assigned tasks
Machine Learning Engineer,"We are hiring a Machine Learning Engineer. The candidate should have knowledge of Python, TensorFlow. The role involves supporting company projects and completing assigned tasks.","Python, TensorFlow, Scikit-learn, SQL",2 years,BS Computer Science,"Develop and maintain applications, collaborate with team members, test solutions, and fix issues.",80000-130000,"Paid leave, training budget, performance bonus",63,Average,Responsibilities are limited,we are hiring a machine learning engineer the candidate should have knowledge of python tensorflow the role involves supporting company projects and completing assigned tasks
Data Analyst,"We are looking for a Data Analyst to join our team. The successful candidate will use Python, SQL, Excel to support our projects and business goals. Candidates should have 2 years of relevant experience and a BS Data Science. Strong communication, problem-solving, and teamwork skills are expected.","Python, SQL, Excel, Power BI",2 years,BS Data Science,"Develop and maintain applications, collaborate with team members, test solutions, and fix issues.",60000-90000,"Medical insurance, flexible hours, paid vacation",92,Good,,we are looking for a data analyst to join our team the successful candidate will use python sql excel to support our projects and business goals candidates should have 2 years of relevant experience and a bs data science strong communication problem solving and teamwork skills are expected
UI UX Designer,"We are looking for a UI UX Designer to join our team. The successful candidate will use Figma, UI Design, UX Research to support our projects and business goals. Candidates should have 3-5 years of relevant experience and a BS Design. Strong communication, problem-solving, and teamwork skills are expected.","Figma, UI Design, UX Research, Prototyping",3-5 years,BS Design,"Support customers, resolve queries, document interactions, and maintain service quality.",100000-160000,"Health insurance, annual bonus, professional development",94,Good,,we are looking for a ui ux designer to join our team the successful candidate will use figma ui design ux research to support our projects and business goals candidates should have 3 5 years of relevant experience and a bs design strong communication problem solving and teamwork skills are expected
Business Analyst,"We are looking for a Business Analyst to join our team. The successful candidate will use SQL, Excel, Requirements Analysis to support our projects and business goals. Candidates should have 2-3 years of relevant experience and a Bachelor degree. Strong communication, problem-solving, and teamwork skills are expected.","SQL, Excel, Requirements Analysis",2-3 years,Bachelor degree,"Analyze data, prepare reports, communicate findings, and support business decisions.",60000-90000,"Health insurance, paid leave, annual bonus",95,Good,,we are looking for a business analyst to join our team the successful candidate will use sql excel requirements analysis to support our projects and business goals candidates should have 2 3 years of relevant experience and a bachelor degree strong communication problem solving and teamwork skills are expected
Web Developer,"We are looking for a Web Developer to join our team. The successful candidate will use HTML, CSS, JavaScript to support our projects and business goals. Candidates should have 5 years of relevant experience and a BS Computer Science. Strong communication, problem-solving, and teamwork skills are expected.","HTML, CSS, JavaScript, React",5 years,BS Computer Science,"Support customers, resolve queries, document interactions, and maintain service quality.",80000-130000,"Health insurance, paid leave, annual bonus",89,Good,,we are looking for a web developer to join our team the successful candidate will use html css javascript to support our projects and business goals candidates should have 5 years of relevant experience and a bs computer science strong communication problem solving and teamwork skills are expected
Network Administrator,"We are looking for a Network Administrator to join our team. The successful candidate will use Networking, Cisco, TCP/IP to support our projects and business goals. Candidates should have 1 year of relevant experience and a BS Computer Science. Strong communication, problem-solving, and teamwork skills are expected.","Networking, Cisco, TCP/IP, Linux",1 year,BS Computer Science,"Support customers, resolve queries, document interactions, and maintain service quality.",70000-100000,"Medical insurance, flexible hours, paid vacation",86,Good,,we are looking for a network administrator to join our team the successful candidate will use networking cisco tcp ip to support our projects and business goals candidates should have 1 year of relevant experience and a bs computer science strong communication problem solving and teamwork skills are expected
Data Scientist,"We are hiring a Data Scientist. The candidate should have knowledge of Python, Pandas. The role involves supporting company projects and completing assigned tasks.","Python, Pandas, Scikit-learn, SQL",Not specified,BS Data Science,"Analyze data, prepare reports, communicate findings, and support business decisions.",80000-130000,"Medical insurance, flexible hours, paid vacation",76,Average,Benefits information missing,we are hiring a data scientist the candidate should have knowledge of python pandas the role involves supporting company projects and completing assigned tasks
Business Analyst,"We are hiring a Business Analyst. The candidate should have knowledge of SQL, Excel. The role involves supporting company projects and completing assigned tasks.","SQL, Excel, Requirements Analysis",1 year,Bachelor degree,"Create user-focused designs, review feedback, and collaborate with developers.",Not specified,Not specified,63,Average,Responsibilities are limited,we are hiring a business analyst the candidate should have knowledge of sql excel the role involves supporting company projects and completing assigned tasks
Sales Executive,"We are hiring a Sales Executive. The candidate should have knowledge of Sales, CRM. The role involves supporting company projects and completing assigned tasks.","Sales, CRM, Communication, Negotiation",Not specified,Bachelor degree,"Develop and maintain applications, collaborate with team members, test solutions, and fix issues.",Not specified,"Health insurance, annual bonus, professional development",65,Average,Benefits information missing,we are hiring a sales executive the candidate should have knowledge of sales crm the role involves supporting company projects and completing assigned tasks
Content Writer,"We are looking for a Content Writer to join our team. The successful candidate will use Writing, SEO, Research to support our projects and business goals. Candidates should have 2-3 years of relevant experience and a Bachelor degree. Strong communication, problem-solving, and teamwork skills are expected.","Writing, SEO, Research",2-3 years,Bachelor degree,"Manage projects, coordinate stakeholders, track deadlines, and resolve project risks.",100000-140000,"Health insurance, annual bonus, professional development",90,Good,,we are looking for a content writer to join our team the successful candidate will use writing seo research to support our projects and business goals candidates should have 2 3 years of relevant experience and a bachelor degree strong communication problem solving and teamwork skills are expected
Content Writer,Looking for someone for a Content Writer position. Good opportunity.,"Writing, SEO, Research",Not specified,Not specified,Not specified,Not specified,Not specified,47,Poor,Job responsibilities unclear and required skills missing,looking for someone for a content writer position good opportunity
Accountant,Looking for someone for a Accountant position. Good opportunity.,"Excel, Accounting, QuickBooks",Not specified,Not specified,Not specified,Not specified,Not specified,46,Poor,"Experience, education, salary and benefits missing",looking for someone for a accountant position good opportunity
Marketing Manager,"We are hiring a Marketing Manager. The candidate should have knowledge of SEO, Google Ads. The role involves supporting company projects and completing assigned tasks.","SEO, Google Ads, Analytics, Communication",Not specified,Bachelor degree,"Create user-focused designs, review feedback, and collaborate with developers.",Not specified,"Medical insurance, flexible hours, paid vacation",77,Average,Experience requirement unclear,we are hiring a marketing manager the candidate should have knowledge of seo google ads the role involves supporting company projects and completing assigned tasks
Sales Executive,Looking for someone for a Sales Executive position. Good opportunity.,"Sales, CRM, Communication, Negotiation",Not specified,Not specified,Not specified,Not specified,Not specified,32,Poor,"Skills, experience, education, responsibilities and salary missing",looking for someone for a sales executive position good opportunity
Web Developer,We need a person who can do Web Developer work. Contact us.,"HTML, CSS, JavaScript, React",Not specified,Not specified,Not specified,Not specified,Not specified,20,Poor,"Experience, education, salary and benefits missing",we need a person who can do web developer work contact us
Machine Learning Engineer,Looking for someone for a Machine Learning Engineer position. Good opportunity.,"Python, TensorFlow, Scikit-learn, SQL",Not specified,Not specified,Not specified,Not specified,Not specified,20,Poor,Job responsibilities unclear and required skills missing,looking for someone for a machine learning engineer position good opportunity
Graphic Designer,"We are looking for a Graphic Designer to join our team. The successful candidate will use Photoshop, Illustrator, Canva to support our projects and business goals. Candidates should have 2-3 years of relevant experience and a Bachelor degree. Strong communication, problem-solving, and teamwork skills are expected.","Photoshop, Illustrator, Canva",2-3 years,Bachelor degree,"Develop and maintain applications, collaborate with team members, test solutions, and fix issues.",50000-100000,"Medical insurance, flexible hours, paid vacation",85,Good,,we are looking for a graphic designer to join our team the successful candidate will use photoshop illustrator canva to support our projects and business goals candidates should have 2 3 years of relevant experience and a bachelor degree strong communication problem solving and teamwork skills are expected
Database Administrator,"We are looking for a Database Administrator to join our team. The successful candidate will use SQL, MySQL, PostgreSQL to support our projects and business goals. Candidates should have 2 years of relevant experience and a BS Computer Science. Strong communication, problem-solving, and teamwork skills are expected.","SQL, MySQL, PostgreSQL, Backup",2 years,BS Computer Science,"Analyze data, prepare reports, communicate findings, and support business decisions.",70000-120000,"Medical insurance, flexible hours, paid vacation",89,Good,,we are looking for a database administrator to join our team the successful candidate will use sql mysql postgresql to support our projects and business goals candidates should have 2 years of relevant experience and a bs computer science strong communication problem solving and teamwork skills are expected
HR Manager,"We are looking for a HR Manager to join our team. The successful candidate will use Recruitment, HR Management, Communication to support our projects and business goals. Candidates should have 3 years of relevant experience and a BS Human Resources. Strong communication, problem-solving, and teamwork skills are expected.","Recruitment, HR Management, Communication",3 years,BS Human Resources,"Manage records, prepare reports, monitor processes, and ensure accurate documentation.",90000-130000,"Health insurance, paid leave, annual bonus",90,Good,,we are looking for a hr manager to join our team the successful candidate will use recruitment hr management communication to support our projects and business goals candidates should have 3 years of relevant experience and a bs human resources strong communication problem solving and teamwork skills are expected
Mobile App Developer,"We are looking for a Mobile App Developer to join our team. The successful candidate will use Kotlin, Java, Android Studio to support our projects and business goals. Candidates should have 5 years of relevant experience and a BS Computer Science. Strong communication, problem-solving, and teamwork skills are expected.","Kotlin, Java, Android Studio",5 years,BS Computer Science,"Develop and maintain applications, collaborate with team members, test solutions, and fix issues.",100000-130000,"Paid leave, training budget, performance bonus",96,Good,,we are looking for a mobile app developer to join our team the successful candidate will use kotlin java android studio to support our projects and business goals candidates should have 5 years of relevant experience and a bs computer science strong communication problem solving and teamwork skills are expected
Business Analyst,"We are looking for a Business Analyst to join our team. The successful candidate will use SQL, Excel, Requirements Analysis to support our projects and business goals. Candidates should have 1 year of relevant experience and a Bachelor degree. Strong communication, problem-solving, and teamwork skills are expected.","SQL, Excel, Requirements Analysis",1 year,Bachelor degree,"Create user-focused designs, review feedback, and collaborate with developers.",70000-120000,"Health insurance, annual bonus, professional development",98,Good,,we are looking for a business analyst to join our team the successful candidate will use sql excel requirements analysis to support our projects and business goals candidates should have 1 year of relevant experience and a bachelor degree strong communication problem solving and teamwork skills are expected
Data Scientist,We need a hardworking Data Scientist. Apply now.,"Python, Pandas, Scikit-learn, SQL",Not specified,Not specified,Not specified,Not specified,Not specified,43,Poor,"Experience, education, salary and benefits missing",we need a hardworking data scientist apply now
Teacher,We need a person who can do Teacher work. Contact us.,"Teaching, Communication, Lesson Planning",Not specified,Not specified,Not specified,Not specified,Not specified,44,Poor,"Experience, education, salary and benefits missing",we need a person who can do teacher work contact us
Customer Support Representative,"We are looking for a Customer Support Representative to join our team. The successful candidate will use Communication, CRM, Problem Solving to support our projects and business goals. Candidates should have 3-5 years of relevant experience and a Bachelor degree. Strong communication, problem-solving, and teamwork skills are expected.","Communication, CRM, Problem Solving",3-5 years,Bachelor degree,"Manage projects, coordinate stakeholders, track deadlines, and resolve project risks.",50000-100000,"Medical insurance, flexible hours, paid vacation",93,Good,,we are looking for a customer support representative to join our team the successful candidate will use communication crm problem solving to support our projects and business goals candidates should have 3 5 years of relevant experience and a bachelor degree strong communication problem solving and teamwork skills are expected
Graphic Designer,"We are looking for a Graphic Designer to join our team. The successful candidate will use Photoshop, Illustrator, Canva to support our projects and business goals. Candidates should have 5 years of relevant experience and a Bachelor degree. Strong communication, problem-solving, and teamwork skills are expected.","Photoshop, Illustrator, Canva",5 years,Bachelor degree,"Support customers, resolve queries, document interactions, and maintain service quality.",100000-160000,"Health insurance, annual bonus, professional development",94,Good,,we are looking for a graphic designer to join our team the successful candidate will use photoshop illustrator canva to support our projects and business goals candidates should have 5 years of relevant experience and a bachelor degree strong communication problem solving and teamwork skills are expected
Network Administrator,"We are looking for a Network Administrator to join our team. The successful candidate will use Networking, Cisco, TCP/IP to support our projects and business goals. Candidates should have 3 years of relevant experience and a BS Computer Science. Strong communication, problem-solving, and teamwork skills are expected.","Networking, Cisco, TCP/IP, Linux",3 years,BS Computer Science,"Analyze data, prepare reports, communicate findings, and support business decisions.",70000-130000,"Medical insurance, flexible hours, paid vacation",90,Good,,we are looking for a network administrator to join our team the successful candidate will use networking cisco tcp ip to support our projects and business goals candidates should have 3 years of relevant experience and a bs computer science strong communication problem solving and teamwork skills are expected
Data Analyst,"We are hiring a Data Analyst. The candidate should have knowledge of Python, SQL. The role involves supporting company projects and completing assigned tasks.","Python, SQL, Excel, Power BI",Not specified,BS Data Science,"Create user-focused designs, review feedback, and collaborate with developers.",60000-100000,Not specified,68,Average,Education requirement missing,we are hiring a data analyst the candidate should have knowledge of python sql the role involves supporting company projects and completing assigned tasks
Customer Support Representative,"We are hiring a Customer Support Representative. The candidate should have knowledge of Communication, CRM. The role involves supporting company projects and completing assigned tasks.","Communication, CRM, Problem Solving",Not specified,Bachelor degree,"Create user-focused designs, review feedback, and collaborate with developers.",60000-100000,"Medical insurance, flexible hours, paid vacation",77,Average,Benefits information missing,we are hiring a customer support representative the candidate should have knowledge of communication crm the role involves supporting company projects and completing assigned tasks
Mobile App Developer,"We are looking for a Mobile App Developer to join our team. The successful candidate will use Kotlin, Java, Android Studio to support our projects and business goals. Candidates should have 3-5 years of relevant experience and a BS Computer Science. Strong communication, problem-solving, and teamwork skills are expected.","Kotlin, Java, Android Studio",3-5 years,BS Computer Science,"Develop and maintain applications, collaborate with team members, test solutions, and fix issues.",60000-100000,"Medical insurance, flexible hours, paid vacation",89,Good,,we are looking for a mobile app developer to join our team the successful candidate will use kotlin java android studio to support our projects and business goals candidates should have 3 5 years of relevant experience and a bs computer science strong communication problem solving and teamwork skills are expected
Accountant,"We are looking for a Accountant to join our team. The successful candidate will use Excel, Accounting, QuickBooks to support our projects and business goals. Candidates should have 3-5 years of relevant experience and a BS Accounting. Strong communication, problem-solving, and teamwork skills are expected.","Excel, Accounting, QuickBooks",3-5 years,BS Accounting,"Create user-focused designs, review feedback, and collaborate with developers.",50000-80000,"Health insurance, annual bonus, professional development",90,Good,,we are looking for a accountant to join our team the successful candidate will use excel accounting quickbooks to support our projects and business goals candidates should have 3 5 years of relevant experience and a bs accounting strong communication problem solving and teamwork skills are expected
Sales Executive,"We are looking for a Sales Executive to join our team. The successful candidate will use Sales, CRM, Communication to support our projects and business goals. Candidates should have 2-3 years of relevant experience and a Bachelor degree. Strong communication, problem-solving, and teamwork skills are expected.","Sales, CRM, Communication, Negotiation",2-3 years,Bachelor degree,"Analyze data, prepare reports, communicate findings, and support business decisions.",90000-120000,"Paid leave, training budget, performance bonus",90,Good,,we are looking for a sales executive to join our team the successful candidate will use sales crm communication to support our projects and business goals candidates should have 2 3 years of relevant experience and a bachelor degree strong communication problem solving and teamwork skills are expected
Teacher,Looking for someone for a Teacher position. Good opportunity.,"Teaching, Communication, Lesson Planning",Not specified,Not specified,Not specified,Not specified,Not specified,39,Poor,"Skills, experience, education, responsibilities and salary missing",looking for someone for a teacher position good opportunity
Database Administrator,"We are looking for a Database Administrator to join our team. The successful candidate will use SQL, MySQL, PostgreSQL to support our projects and business goals. Candidates should have 2 years of relevant experience and a BS Computer Science. Strong communication, problem-solving, and teamwork skills are expected.","SQL, MySQL, PostgreSQL, Backup",2 years,BS Computer Science,"Manage records, prepare reports, monitor processes, and ensure accurate documentation.",60000-110000,"Medical insurance, flexible hours, paid vacation",98,Good,,we are looking for a database administrator to join our team the successful candidate will use sql mysql postgresql to support our projects and business goals candidates should have 2 years of relevant experience and a bs computer science strong communication problem solving and teamwork skills are expected
Data Analyst,"We are looking for a Data Analyst to join our team. The successful candidate will use Python, SQL, Excel to support our projects and business goals. Candidates should have 1 year of relevant experience and a BS Data Science. Strong communication, problem-solving, and teamwork skills are expected.","Python, SQL, Excel, Power BI",1 year,BS Data Science,"Develop and maintain applications, collaborate with team members, test solutions, and fix issues.",60000-100000,"Paid leave, training budget, performance bonus",90,Good,,we are looking for a data analyst to join our team the successful candidate will use python sql excel to support our projects and business goals candidates should have 1 year of relevant experience and a bs data science strong communication problem solving and teamwork skills are expected
Data Scientist,"We are looking for a Data Scientist to join our team. The successful candidate will use Python, Pandas, Scikit-learn to support our projects and business goals. Candidates should have 3 years of relevant experience and a BS Data Science. Strong communication, problem-solving, and teamwork skills are expected.","Python, Pandas, Scikit-learn, SQL",3 years,BS Data Science,"Manage records, prepare reports, monitor processes, and ensure accurate documentation.",50000-100000,"Medical insurance, flexible hours, paid vacation",93,Good,,we are looking for a data scientist to join our team the successful candidate will use python pandas scikit learn to support our projects and business goals candidates should have 3 years of relevant experience and a bs data science strong communication problem solving and teamwork skills are expected
UI UX Designer,"We are looking for a UI UX Designer to join our team. The successful candidate will use Figma, UI Design, UX Research to support our projects and business goals. Candidates should have 3-5 years of relevant experience and a BS Design. Strong communication, problem-solving, and teamwork skills are expected.","Figma, UI Design, UX Research, Prototyping",3-5 years,BS Design,"Manage records, prepare reports, monitor processes, and ensure accurate documentation.",70000-130000,"Medical insurance, flexible hours, paid vacation",96,Good,,we are looking for a ui ux designer to join our team the successful candidate will use figma ui design ux research to support our projects and business goals candidates should have 3 5 years of relevant experience and a bs design strong communication problem solving and teamwork skills are expected
Software Developer,"We are looking for a Software Developer to join our team. The successful candidate will use Python, Java, C++ to support our projects and business goals. Candidates should have 5 years of relevant experience and a BS Computer Science. Strong communication, problem-solving, and teamwork skills are expected.","Python, Java, C++, Git",5 years,BS Computer Science,"Analyze data, prepare reports, communicate findings, and support business decisions.",90000-120000,"Paid leave, training budget, performance bonus",85,Good,,we are looking for a software developer to join our team the successful candidate will use python java c to support our projects and business goals candidates should have 5 years of relevant experience and a bs computer science strong communication problem solving and teamwork skills are expected
HR Manager,"We are looking for a HR Manager to join our team. The successful candidate will use Recruitment, HR Management, Communication to support our projects and business goals. Candidates should have 5 years of relevant experience and a BS Human Resources. Strong communication, problem-solving, and teamwork skills are expected.","Recruitment, HR Management, Communication",5 years,BS Human Resources,"Create user-focused designs, review feedback, and collaborate with developers.",90000-140000,"Health insurance, paid leave, annual bonus",95,Good,,we are looking for a hr manager to join our team the successful candidate will use recruitment hr management communication to support our projects and business goals candidates should have 5 years of relevant experience and a bs human resources strong communication problem solving and teamwork skills are expected
Software Developer,"We are looking for a Software Developer to join our team. The successful candidate will use Python, Java, C++ to support our projects and business goals. Candidates should have 5 years of relevant experience and a BS Computer Science. Strong communication, problem-solving, and teamwork skills are expected.","Python, Java, C++, Git",5 years,BS Computer Science,"Develop and maintain applications, collaborate with team members, test solutions, and fix issues.",70000-120000,"Health insurance, paid leave, annual bonus",89,Good,,we are looking for a software developer to join our team the successful candidate will use python java c to support our projects and business goals candidates should have 5 years of relevant experience and a bs computer science strong communication problem solving and teamwork skills are expected
Customer Support Representative,"We are looking for a Customer Support Representative to join our team. The successful candidate will use Communication, CRM, Problem Solving to support our projects and business goals. Candidates should have 3 years of relevant experience and a Bachelor degree. Strong communication, problem-solving, and teamwork skills are expected.","Communication, CRM, Problem Solving",3 years,Bachelor degree,"Create user-focused designs, review feedback, and collaborate with developers.",90000-120000,"Paid leave, training budget, performance bonus",98,Good,,we are looking for a customer support representative to join our team the successful candidate will use communication crm problem solving to support our projects and business goals candidates should have 3 years of relevant experience and a bachelor degree strong communication problem solving and teamwork skills are expected
Teacher,"We are hiring a Teacher. The candidate should have knowledge of Teaching, Communication. The role involves supporting company projects and completing assigned tasks.","Teaching, Communication, Lesson Planning",1 year,Bachelor degree,"Create user-focused designs, review feedback, and collaborate with developers.",60000-100000,Not specified,77,Average,Education requirement missing,we are hiring a teacher the candidate should have knowledge of teaching communication the role involves supporting company projects and completing assigned tasks
Web Developer,"We are looking for a Web Developer to join our team. The successful candidate will use HTML, CSS, JavaScript to support our projects and business goals. Candidates should have 3-5 years of relevant experience and a BS Computer Science. Strong communication, problem-solving, and teamwork skills are expected.","HTML, CSS, JavaScript, React",3-5 years,BS Computer Science,"Create user-focused designs, review feedback, and collaborate with developers.",70000-120000,"Health insurance, annual bonus, professional development",96,Good,,we are looking for a web developer to join our team the successful candidate will use html css javascript to support our projects and business goals candidates should have 3 5 years of relevant experience and a bs computer science strong communication problem solving and teamwork skills are expected
Cybersecurity Analyst,"We are looking for a Cybersecurity Analyst to join our team. The successful candidate will use Network Security, Linux, SIEM to support our projects and business goals. Candidates should have 5 years of relevant experience and a BS Cybersecurity. Strong communication, problem-solving, and teamwork skills are expected.","Network Security, Linux, SIEM, Python",5 years,BS Cybersecurity,"Analyze data, prepare reports, communicate findings, and support business decisions.",70000-120000,"Paid leave, training budget, performance bonus",93,Good,,we are looking for a cybersecurity analyst to join our team the successful candidate will use network security linux siem to support our projects and business goals candidates should have 5 years of relevant experience and a bs cybersecurity strong communication problem solving and teamwork skills are expected
Project Manager,We need a person who can do Project Manager work. Contact us.,"Agile, Jira, Communication, Risk Management",Not specified,Not specified,Not specified,Not specified,Not specified,28,Poor,Job responsibilities unclear and required skills missing,we need a person who can do project manager work contact us
Software Developer,Looking for someone for a Software Developer position. Good opportunity.,"Python, Java, C++, Git",Not specified,Not specified,Not specified,Not specified,Not specified,27,Poor,"Skills, experience, education, responsibilities and salary missing",looking for someone for a software developer position good opportunity
Marketing Manager,We need a person who can do Marketing Manager work. Contact us.,"SEO, Google Ads, Analytics, Communication",Not specified,Not specified,Not specified,Not specified,Not specified,24,Poor,"Skills, experience, education, responsibilities and salary missing",we need a person who can do marketing manager work contact us
Customer Support Representative,"We are hiring a Customer Support Representative. The candidate should have knowledge of Communication, CRM. The role involves supporting company projects and completing assigned tasks.","Communication, CRM, Problem Solving",Not specified,Bachelor degree,"Create user-focused designs, review feedback, and collaborate with developers.",Not specified,"Medical insurance, flexible hours, paid vacation",67,Average,Responsibilities are limited,we are hiring a customer support representative the candidate should have knowledge of communication crm the role involves supporting company projects and completing assigned tasks
Machine Learning Engineer,"We are looking for a Machine Learning Engineer to join our team. The successful candidate will use Python, TensorFlow, Scikit-learn to support our projects and business goals. Candidates should have 2-3 years of relevant experience and a BS Computer Science. Strong communication, problem-solving, and teamwork skills are expected.","Python, TensorFlow, Scikit-learn, SQL",2-3 years,BS Computer Science,"Support customers, resolve queries, document interactions, and maintain service quality.",90000-140000,"Health insurance, annual bonus, professional development",87,Good,,we are looking for a machine learning engineer to join our team the successful candidate will use python tensorflow scikit learn to support our projects and business goals candidates should have 2 3 years of relevant experience and a bs computer science strong communication problem solving and teamwork skills are expected
UI UX Designer,"We are hiring a UI UX Designer. The candidate should have knowledge of Figma, UI Design. The role involves supporting company projects and completing assigned tasks.","Figma, UI Design, UX Research, Prototyping",Not specified,BS Design,"Analyze data, prepare reports, communicate findings, and support business decisions.",Not specified,"Medical insurance, flexible hours, paid vacation",69,Average,Responsibilities are limited,we are hiring a ui ux designer the candidate should have knowledge of figma ui design the role involves supporting company projects and completing assigned tasks
Machine Learning Engineer,"We are looking for a Machine Learning Engineer to join our team. The successful candidate will use Python, TensorFlow, Scikit-learn to support our projects and business goals. Candidates should have 2 years of relevant experience and a BS Computer Science. Strong communication, problem-solving, and teamwork skills are expected.","Python, TensorFlow, Scikit-learn, SQL",2 years,BS Computer Science,"Develop and maintain applications, collaborate with team members, test solutions, and fix issues.",100000-140000,"Paid leave, training budget, performance bonus",93,Good,,we are looking for a machine learning engineer to join our team the successful candidate will use python tensorflow scikit learn to support our projects and business goals candidates should have 2 years of relevant experience and a bs computer science strong communication problem solving and teamwork skills are expected
Content Writer,We need a hardworking Content Writer. Apply now.,"Writing, SEO, Research",Not specified,Not specified,Not specified,Not specified,Not specified,25,Poor,Job responsibilities unclear and required skills missing,we need a hardworking content writer apply now
Machine Learning Engineer,"We are hiring a Machine Learning Engineer. The candidate should have knowledge of Python, TensorFlow. The role involves supporting company projects and completing assigned tasks.","Python, TensorFlow, Scikit-learn, SQL",2 years,BS Computer Science,"Manage projects, coordinate stakeholders, track deadlines, and resolve project risks.",80000-130000,"Health insurance, annual bonus, professional development",74,Average,Experience requirement unclear,we are hiring a machine learning engineer the candidate should have knowledge of python tensorflow the role involves supporting company projects and completing assigned tasks
Machine Learning Engineer,We need a hardworking Machine Learning Engineer. Apply now.,"Python, TensorFlow, Scikit-learn, SQL",Not specified,Not specified,Not specified,Not specified,Not specified,24,Poor,"Skills, experience, education, responsibilities and salary missing",we need a hardworking machine learning engineer apply now
Software Developer,We need a person who can do Software Developer work. Contact us.,"Python, Java, C++, Git",Not specified,Not specified,Not specified,Not specified,Not specified,39,Poor,Job responsibilities unclear and required skills missing,we need a person who can do software developer work contact us
Teacher,"We are hiring a Teacher. The candidate should have knowledge of Teaching, Communication. The role involves supporting company projects and completing assigned tasks.","Teaching, Communication, Lesson Planning",1 year,Bachelor degree,"Analyze data, prepare reports, communicate findings, and support business decisions.",Not specified,"Medical insurance, flexible hours, paid vacation",60,Average,Experience requirement unclear,we are hiring a teacher the candidate should have knowledge of teaching communication the role involves supporting company projects and completing assigned tasks
Data Analyst,"We are hiring a Data Analyst. The candidate should have knowledge of Python, SQL. The role involves supporting company projects and completing assigned tasks.","Python, SQL, Excel, Power BI",2 years,BS Data Science,"Support customers, resolve queries, document interactions, and maintain service quality.",60000-100000,Not specified,75,Average,Experience requirement unclear,we are hiring a data analyst the candidate should have knowledge of python sql the role involves supporting company projects and completing assigned tasks
Cybersecurity Analyst,Looking for someone for a Cybersecurity Analyst position. Good opportunity.,"Network Security, Linux, SIEM, Python",Not specified,Not specified,Not specified,Not specified,Not specified,35,Poor,"Skills, experience, education, responsibilities and salary missing",looking for someone for a cybersecurity analyst position good opportunity
Cybersecurity Analyst,"We are looking for a Cybersecurity Analyst to join our team. The successful candidate will use Network Security, Linux, SIEM to support our projects and business goals. Candidates should have 1 year of relevant experience and a BS Cybersecurity. Strong communication, problem-solving, and teamwork skills are expected.","Network Security, Linux, SIEM, Python",1 year,BS Cybersecurity,"Create user-focused designs, review feedback, and collaborate with developers.",80000-110000,"Paid leave, training budget, performance bonus",88,Good,,we are looking for a cybersecurity analyst to join our team the successful candidate will use network security linux siem to support our projects and business goals candidates should have 1 year of relevant experience and a bs cybersecurity strong communication problem solving and teamwork skills are expected
UI UX Designer,We need a hardworking UI UX Designer. Apply now.,"Figma, UI Design, UX Research, Prototyping",Not specified,Not specified,Not specified,Not specified,Not specified,25,Poor,Job responsibilities unclear and required skills missing,we need a hardworking ui ux designer apply now
Teacher,"We are hiring a Teacher. The candidate should have knowledge of Teaching, Communication. The role involves supporting company projects and completing assigned tasks.","Teaching, Communication, Lesson Planning",2 years,Bachelor degree,"Create user-focused designs, review feedback, and collaborate with developers.",80000-130000,"Medical insurance, flexible hours, paid vacation",72,Average,Education requirement missing,we are hiring a teacher the candidate should have knowledge of teaching communication the role involves supporting company projects and completing assigned tasks
Teacher,"We are hiring a Teacher. The candidate should have knowledge of Teaching, Communication. The role involves supporting company projects and completing assigned tasks.","Teaching, Communication, Lesson Planning",2 years,Bachelor degree,"Create user-focused designs, review feedback, and collaborate with developers.",Not specified,"Paid leave, training budget, performance bonus",79,Average,Responsibilities are limited,we are hiring a teacher the candidate should have knowledge of teaching communication the role involves supporting company projects and completing assigned tasks
Teacher,"We are hiring a Teacher. The candidate should have knowledge of Teaching, Communication. The role involves supporting company projects and completing assigned tasks.","Teaching, Communication, Lesson Planning",Not specified,Bachelor degree,"Support customers, resolve queries, document interactions, and maintain service quality.",Not specified,"Health insurance, paid leave, annual bonus",63,Average,Salary information missing,we are hiring a teacher the candidate should have knowledge of teaching communication the role involves supporting company projects and completing assigned tasks
Database Administrator,We need a hardworking Database Administrator. Apply now.,"SQL, MySQL, PostgreSQL, Backup",Not specified,Not specified,Not specified,Not specified,Not specified,48,Poor,"Skills, experience, education, responsibilities and salary missing",we need a hardworking database administrator apply now
Network Administrator,"We are hiring a Network Administrator. The candidate should have knowledge of Networking, Cisco. The role involves supporting company projects and completing assigned tasks.","Networking, Cisco, TCP/IP, Linux",Not specified,BS Computer Science,"Create user-focused designs, review feedback, and collaborate with developers.",60000-100000,Not specified,76,Average,Education requirement missing,we are hiring a network administrator the candidate should have knowledge of networking cisco the role involves supporting company projects and completing assigned tasks
UI UX Designer,"We are looking for a UI UX Designer to join our team. The successful candidate will use Figma, UI Design, UX Research to support our projects and business goals. Candidates should have 3 years of relevant experience and a BS Design. Strong communication, problem-solving, and teamwork skills are expected.","Figma, UI Design, UX Research, Prototyping",3 years,BS Design,"Analyze data, prepare reports, communicate findings, and support business decisions.",70000-120000,"Health insurance, annual bonus, professional development",91,Good,,we are looking for a ui ux designer to join our team the successful candidate will use figma ui design ux research to support our projects and business goals candidates should have 3 years of relevant experience and a bs design strong communication problem solving and teamwork skills are expected
HR Manager,"We are hiring a HR Manager. The candidate should have knowledge of Recruitment, HR Management. The role involves supporting company projects and completing assigned tasks.","Recruitment, HR Management, Communication",1 year,BS Human Resources,"Analyze data, prepare reports, communicate findings, and support business decisions.",Not specified,Not specified,74,Average,Salary information missing,we are hiring a hr manager the candidate should have knowledge of recruitment hr management the role involves supporting company projects and completing assigned tasks
Data Analyst,"We are hiring a Data Analyst. The candidate should have knowledge of Python, SQL. The role involves supporting company projects and completing assigned tasks.","Python, SQL, Excel, Power BI",1 year,BS Data Science,"Manage records, prepare reports, monitor processes, and ensure accurate documentation.",60000-100000,Not specified,77,Average,Benefits information missing,we are hiring a data analyst the candidate should have knowledge of python sql the role involves supporting company projects and completing assigned tasks
Customer Support Representative,"We are looking for a Customer Support Representative to join our team. The successful candidate will use Communication, CRM, Problem Solving to support our projects and business goals. Candidates should have 3 years of relevant experience and a Bachelor degree. Strong communication, problem-solving, and teamwork skills are expected.","Communication, CRM, Problem Solving",3 years,Bachelor degree,"Support customers, resolve queries, document interactions, and maintain service quality.",50000-90000,"Health insurance, annual bonus, professional development",96,Good,,we are looking for a customer support representative to join our team the successful candidate will use communication crm problem solving to support our projects and business goals candidates should have 3 years of relevant experience and a bachelor degree strong communication problem solving and teamwork skills are expected
UI UX Designer,We need a hardworking UI UX Designer. Apply now.,"Figma, UI Design, UX Research, Prototyping",Not specified,Not specified,Not specified,Not specified,Not specified,28,Poor,Job responsibilities unclear and required skills missing,we need a hardworking ui ux designer apply now
Cybersecurity Analyst,"We are hiring a Cybersecurity Analyst. The candidate should have knowledge of Network Security, Linux. The role involves supporting company projects and completing assigned tasks.","Network Security, Linux, SIEM, Python",1 year,BS Cybersecurity,"Manage records, prepare reports, monitor processes, and ensure accurate documentation.",60000-100000,"Health insurance, paid leave, annual bonus",74,Average,Experience requirement unclear,we are hiring a cybersecurity analyst the candidate should have knowledge of network security linux the role involves supporting company projects and completing assigned tasks
Data Analyst,"We are hiring a Data Analyst. The candidate should have knowledge of Python, SQL. The role involves supporting company projects and completing assigned tasks.","Python, SQL, Excel, Power BI",2 years,BS Data Science,"Support customers, resolve queries, document interactions, and maintain service quality.",Not specified,Not specified,65,Average,Salary information missing,we are hiring a data analyst the candidate should have knowledge of python sql the role involves supporting company projects and completing assigned tasks
Content Writer,"We are looking for a Content Writer to join our team. The successful candidate will use Writing, SEO, Research to support our projects and business goals. Candidates should have 2 years of relevant experience and a Bachelor degree. Strong communication, problem-solving, and teamwork skills are expected.","Writing, SEO, Research",2 years,Bachelor degree,"Analyze data, prepare reports, communicate findings, and support business decisions.",70000-110000,"Medical insurance, flexible hours, paid vacation",87,Good,,we are looking for a content writer to join our team the successful candidate will use writing seo research to support our projects and business goals candidates should have 2 years of relevant experience and a bachelor degree strong communication problem solving and teamwork skills are expected
Web Developer,"We are looking for a Web Developer to join our team. The successful candidate will use HTML, CSS, JavaScript to support our projects and business goals. Candidates should have 2-3 years of relevant experience and a BS Computer Science. Strong communication, problem-solving, and teamwork skills are expected.","HTML, CSS, JavaScript, React",2-3 years,BS Computer Science,"Manage records, prepare reports, monitor processes, and ensure accurate documentation.",100000-160000,"Paid leave, training budget, performance bonus",87,Good,,we are looking for a web developer to join our team the successful candidate will use html css javascript to support our projects and business goals candidates should have 2 3 years of relevant experience and a bs computer science strong communication problem solving and teamwork skills are expected
Data Scientist,We need a hardworking Data Scientist. Apply now.,"Python, Pandas, Scikit-learn, SQL",Not specified,Not specified,Not specified,Not specified,Not specified,20,Poor,"Experience, education, salary and benefits missing",we need a hardworking data scientist apply now
Project Manager,"We are looking for a Project Manager to join our team. The successful candidate will use Agile, Jira, Communication to support our projects and business goals. Candidates should have 3 years of relevant experience and a BS Management. Strong communication, problem-solving, and teamwork skills are expected.","Agile, Jira, Communication, Risk Management",3 years,BS Management,"Analyze data, prepare reports, communicate findings, and support business decisions.",80000-110000,"Health insurance, annual bonus, professional development",88,Good,,we are looking for a project manager to join our team the successful candidate will use agile jira communication to support our projects and business goals candidates should have 3 years of relevant experience and a bs management strong communication problem solving and teamwork skills are expected
Business Analyst,"We are hiring a Business Analyst. The candidate should have knowledge of SQL, Excel. The role involves supporting company projects and completing assigned tasks.","SQL, Excel, Requirements Analysis",2 years,Bachelor degree,"Develop and maintain applications, collaborate with team members, test solutions, and fix issues.",80000-130000,"Health insurance, annual bonus, professional development",79,Average,Responsibilities are limited,we are hiring a business analyst the candidate should have knowledge of sql excel the role involves supporting company projects and completing assigned tasks
Software Developer,"We are looking for a Software Developer to join our team. The successful candidate will use Python, Java, C++ to support our projects and business goals. Candidates should have 3-5 years of relevant experience and a BS Computer Science. Strong communication, problem-solving, and teamwork skills are expected.","Python, Java, C++, Git",3-5 years,BS Computer Science,"Analyze data, prepare reports, communicate findings, and support business decisions.",70000-110000,"Health insurance, paid leave, annual bonus",87,Good,,we are looking for a software developer to join our team the successful candidate will use python java c to support our projects and business goals candidates should have 3 5 years of relevant experience and a bs computer science strong communication problem solving and teamwork skills are expected
Web Developer,"We are hiring a Web Developer. The candidate should have knowledge of HTML, CSS. The role involves supporting company projects and completing assigned tasks.","HTML, CSS, JavaScript, React",1 year,BS Computer Science,"Manage records, prepare reports, monitor processes, and ensure accurate documentation.",60000-100000,"Health insurance, paid leave, annual bonus",78,Average,Responsibilities are limited,we are hiring a web developer the candidate should have knowledge of html css the role involves supporting company projects and completing assigned tasks
HR Manager,"We are looking for a HR Manager to join our team. The successful candidate will use Recruitment, HR Management, Communication to support our projects and business goals. Candidates should have 1 year of relevant experience and a BS Human Resources. Strong communication, problem-solving, and teamwork skills are expected.","Recruitment, HR Management, Communication",1 year,BS Human Resources,"Analyze data, prepare reports, communicate findings, and support business decisions.",50000-80000,"Health insurance, annual bonus, professional development",87,Good,,we are looking for a hr manager to join our team the successful candidate will use recruitment hr management communication to support our projects and business goals candidates should have 1 year of relevant experience and a bs human resources strong communication problem solving and teamwork skills are expected
HR Manager,"We are hiring a HR Manager. The candidate should have knowledge of Recruitment, HR Management. The role involves supporting company projects and completing assigned tasks.","Recruitment, HR Management, Communication",Not specified,BS Human Resources,"Support customers, resolve queries, document interactions, and maintain service quality.",Not specified,Not specified,77,Average,Benefits information missing,we are hiring a hr manager the candidate should have knowledge of recruitment hr management the role involves supporting company projects and completing assigned tasks
Database Administrator,"We are hiring a Database Administrator. The candidate should have knowledge of SQL, MySQL. The role involves supporting company projects and completing assigned tasks.","SQL, MySQL, PostgreSQL, Backup",2 years,BS Computer Science,"Manage projects, coordinate stakeholders, track deadlines, and resolve project risks.",60000-100000,"Health insurance, paid leave, annual bonus",70,Average,Experience requirement unclear,we are hiring a database administrator the candidate should have knowledge of sql mysql the role involves supporting company projects and completing assigned tasks
Customer Support Representative,Looking for someone for a Customer Support Representative position. Good opportunity.,"Communication, CRM, Problem Solving",Not specified,Not specified,Not specified,Not specified,Not specified,46,Poor,"Experience, education, salary and benefits missing",looking for someone for a customer support representative position good opportunity
Data Analyst,"We are looking for a Data Analyst to join our team. The successful candidate will use Python, SQL, Excel to support our projects and business goals. Candidates should have 2 years of relevant experience and a BS Data Science. Strong communication, problem-solving, and teamwork skills are expected.","Python, SQL, Excel, Power BI",2 years,BS Data Science,"Support customers, resolve queries, document interactions, and maintain service quality.",50000-100000,"Paid leave, training budget, performance bonus",91,Good,,we are looking for a data analyst to join our team the successful candidate will use python sql excel to support our projects and business goals candidates should have 2 years of relevant experience and a bs data science strong communication problem solving and teamwork skills are expected
Network Administrator,"We are looking for a Network Administrator to join our team. The successful candidate will use Networking, Cisco, TCP/IP to support our projects and business goals. Candidates should have 2 years of relevant experience and a BS Computer Science. Strong communication, problem-solving, and teamwork skills are expected.","Networking, Cisco, TCP/IP, Linux",2 years,BS Computer Science,"Support customers, resolve queries, document interactions, and maintain service quality.",90000-120000,"Health insurance, paid leave, annual bonus",96,Good,,we are looking for a network administrator to join our team the successful candidate will use networking cisco tcp ip to support our projects and business goals candidates should have 2 years of relevant experience and a bs computer science strong communication problem solving and teamwork skills are expected
Network Administrator,Looking for someone for a Network Administrator position. Good opportunity.,"Networking, Cisco, TCP/IP, Linux",Not specified,Not specified,Not specified,Not specified,Not specified,43,Poor,"Experience, education, salary and benefits missing",looking for someone for a network administrator position good opportunity
Teacher,We need a person who can do Teacher work. Contact us.,"Teaching, Communication, Lesson Planning",Not specified,Not specified,Not specified,Not specified,Not specified,29,Poor,Job responsibilities unclear and required skills missing,we need a person who can do teacher work contact us
Teacher,Looking for someone for a Teacher position. Good opportunity.,"Teaching, Communication, Lesson Planning",Not specified,Not specified,Not specified,Not specified,Not specified,36,Poor,"Experience, education, salary and benefits missing",looking for someone for a teacher position good opportunity
Teacher,"We are looking for a Teacher to join our team. The successful candidate will use Teaching, Communication, Lesson Planning to support our projects and business goals. Candidates should have 2 years of relevant experience and a Bachelor degree. Strong communication, problem-solving, and teamwork skills are expected.","Teaching, Communication, Lesson Planning",2 years,Bachelor degree,"Create user-focused designs, review feedback, and collaborate with developers.",90000-150000,"Health insurance, annual bonus, professional development",97,Good,,we are looking for a teacher to join our team the successful candidate will use teaching communication lesson planning to support our projects and business goals candidates should have 2 years of relevant experience and a bachelor degree strong communication problem solving and teamwork skills are expected
Cybersecurity Analyst,We need a hardworking Cybersecurity Analyst. Apply now.,"Network Security, Linux, SIEM, Python",Not specified,Not specified,Not specified,Not specified,Not specified,42,Poor,Job responsibilities unclear and required skills missing,we need a hardworking cybersecurity analyst apply now
UI UX Designer,"We are looking for a UI UX Designer to join our team. The successful candidate will use Figma, UI Design, UX Research to support our projects and business goals. Candidates should have 1 year of relevant experience and a BS Design. Strong communication, problem-solving, and teamwork skills are expected.","Figma, UI Design, UX Research, Prototyping",1 year,BS Design,"Support customers, resolve queries, document interactions, and maintain service quality.",80000-110000,"Medical insurance, flexible hours, paid vacation",91,Good,,we are looking for a ui ux designer to join our team the successful candidate will use figma ui design ux research to support our projects and business goals candidates should have 1 year of relevant experience and a bs design strong communication problem solving and teamwork skills are expected
Accountant,"We are looking for a Accountant to join our team. The successful candidate will use Excel, Accounting, QuickBooks to support our projects and business goals. Candidates should have 2-3 years of relevant experience and a BS Accounting. Strong communication, problem-solving, and teamwork skills are expected.","Excel, Accounting, QuickBooks",2-3 years,BS Accounting,"Manage records, prepare reports, monitor processes, and ensure accurate documentation.",90000-130000,"Health insurance, paid leave, annual bonus",88,Good,,we are looking for a accountant to join our team the successful candidate will use excel accounting quickbooks to support our projects and business goals candidates should have 2 3 years of relevant experience and a bs accounting strong communication problem solving and teamwork skills are expected
HR Manager,"We are looking for a HR Manager to join our team. The successful candidate will use Recruitment, HR Management, Communication to support our projects and business goals. Candidates should have 1 year of relevant experience and a BS Human Resources. Strong communication, problem-solving, and teamwork skills are expected.","Recruitment, HR Management, Communication",1 year,BS Human Resources,"Develop and maintain applications, collaborate with team members, test solutions, and fix issues.",70000-120000,"Paid leave, training budget, performance bonus",86,Good,,we are looking for a hr manager to join our team the successful candidate will use recruitment hr management communication to support our projects and business goals candidates should have 1 year of relevant experience and a bs human resources strong communication problem solving and teamwork skills are expected
Marketing Manager,"We are looking for a Marketing Manager to join our team. The successful candidate will use SEO, Google Ads, Analytics to support our projects and business goals. Candidates should have 5 years of relevant experience and a Bachelor degree. Strong communication, problem-solving, and teamwork skills are expected.","SEO, Google Ads, Analytics, Communication",5 years,Bachelor degree,"Analyze data, prepare reports, communicate findings, and support business decisions.",90000-120000,"Medical insurance, flexible hours, paid vacation",90,Good,,we are looking for a marketing manager to join our team the successful candidate will use seo google ads analytics to support our projects and business goals candidates should have 5 years of relevant experience and a bachelor degree strong communication problem solving and teamwork skills are expected
Marketing Manager,Looking for someone for a Marketing Manager position. Good opportunity.,"SEO, Google Ads, Analytics, Communication",Not specified,Not specified,Not specified,Not specified,Not specified,49,Poor,Job responsibilities unclear and required skills missing,looking for someone for a marketing manager position good opportunity
Web Developer,"We are hiring a Web Developer. The candidate should have knowledge of HTML, CSS. The role involves supporting company projects and completing assigned tasks.","HTML, CSS, JavaScript, React",2 years,BS Computer Science,"Support customers, resolve queries, document interactions, and maintain service quality.",60000-100000,"Health insurance, annual bonus, professional development",70,Average,Salary information missing,we are hiring a web developer the candidate should have knowledge of html css the role involves supporting company projects and completing assigned tasks
Accountant,We need a hardworking Accountant. Apply now.,"Excel, Accounting, QuickBooks",Not specified,Not specified,Not specified,Not specified,Not specified,46,Poor,"Experience, education, salary and benefits missing",we need a hardworking accountant apply now
HR Manager,"We are hiring a HR Manager. The candidate should have knowledge of Recruitment, HR Management. The role involves supporting company projects and completing assigned tasks.","Recruitment, HR Management, Communication",Not specified,BS Human Resources,"Support customers, resolve queries, document interactions, and maintain service quality.",80000-130000,Not specified,60,Average,Benefits information missing,we are hiring a hr manager the candidate should have knowledge of recruitment hr management the role involves supporting company projects and completing assigned tasks
Business Analyst,"We are hiring a Business Analyst. The candidate should have knowledge of SQL, Excel. The role involves supporting company projects and completing assigned tasks.","SQL, Excel, Requirements Analysis",2 years,Bachelor degree,"Manage projects, coordinate stakeholders, track deadlines, and resolve project risks.",60000-100000,"Medical insurance, flexible hours, paid vacation",60,Average,Experience requirement unclear,we are hiring a business analyst the candidate should have knowledge of sql excel the role involves supporting company projects and completing assigned tasks
Customer Support Representative,"We are hiring a Customer Support Representative. The candidate should have knowledge of Communication, CRM. The role involves supporting company projects and completing assigned tasks.","Communication, CRM, Problem Solving",1 year,Bachelor degree,"Create user-focused designs, review feedback, and collaborate with developers.",Not specified,Not specified,65,Average,Responsibilities are limited,we are hiring a customer support representative the candidate should have knowledge of communication crm the role involves supporting company projects and completing assigned tasks
Data Scientist,Looking for someone for a Data Scientist position. Good opportunity.,"Python, Pandas, Scikit-learn, SQL",Not specified,Not specified,Not specified,Not specified,Not specified,42,Poor,Job responsibilities unclear and required skills missing,looking for someone for a data scientist position good opportunity
Web Developer,"We are looking for a Web Developer to join our team. The successful candidate will use HTML, CSS, JavaScript to support our projects and business goals. Candidates should have 1 year of relevant experience and a BS Computer Science. Strong communication, problem-solving, and teamwork skills are expected.","HTML, CSS, JavaScript, React",1 year,BS Computer Science,"Create user-focused designs, review feedback, and collaborate with developers.",80000-120000,"Paid leave, training budget, performance bonus",98,Good,,we are looking for a web developer to join our team the successful candidate will use html css javascript to support our projects and business goals candidates should have 1 year of relevant experience and a bs computer science strong communication problem solving and teamwork skills are expected
HR Manager,"We are looking for a HR Manager to join our team. The successful candidate will use Recruitment, HR Management, Communication to support our projects and business goals. Candidates should have 2-3 years of relevant experience and a BS Human Resources. Strong communication, problem-solving, and teamwork skills are expected.","Recruitment, HR Management, Communication",2-3 years,BS Human Resources,"Develop and maintain applications, collaborate with team members, test solutions, and fix issues.",60000-90000,"Paid leave, training budget, performance bonus",97,Good,,we are looking for a hr manager to join our team the successful candidate will use recruitment hr management communication to support our projects and business goals candidates should have 2 3 years of relevant experience and a bs human resources strong communication problem solving and teamwork skills are expected
UI UX Designer,Looking for someone for a UI UX Designer position. Good opportunity.,"Figma, UI Design, UX Research, Prototyping",Not specified,Not specified,Not specified,Not specified,Not specified,36,Poor,"Skills, experience, education, responsibilities and salary missing",looking for someone for a ui ux designer position good opportunity
Mobile App Developer,We need a hardworking Mobile App Developer. Apply now.,"Kotlin, Java, Android Studio",Not specified,Not specified,Not specified,Not specified,Not specified,26,Poor,Job responsibilities unclear and required skills missing,we need a hardworking mobile app developer apply now
Mobile App Developer,"We are hiring a Mobile App Developer. The candidate should have knowledge of Kotlin, Java. The role involves supporting company projects and completing assigned tasks.","Kotlin, Java, Android Studio",Not specified,BS Computer Science,"Analyze data, prepare reports, communicate findings, and support business decisions.",80000-130000,"Paid leave, training budget, performance bonus",63,Average,Responsibilities are limited,we are hiring a mobile app developer the candidate should have knowledge of kotlin java the role involves supporting company projects and completing assigned tasks
Machine Learning Engineer,"We are looking for a Machine Learning Engineer to join our team. The successful candidate will use Python, TensorFlow, Scikit-learn to support our projects and business goals. Candidates should have 1 year of relevant experience and a BS Computer Science. Strong communication, problem-solving, and teamwork skills are expected.","Python, TensorFlow, Scikit-learn, SQL",1 year,BS Computer Science,"Develop and maintain applications, collaborate with team members, test solutions, and fix issues.",80000-140000,"Health insurance, paid leave, annual bonus",89,Good,,we are looking for a machine learning engineer to join our team the successful candidate will use python tensorflow scikit learn to support our projects and business goals candidates should have 1 year of relevant experience and a bs computer science strong communication problem solving and teamwork skills are expected
Web Developer,"We are hiring a Web Developer. The candidate should have knowledge of HTML, CSS. The role involves supporting company projects and completing assigned tasks.","HTML, CSS, JavaScript, React",Not specified,BS Computer Science,"Create user-focused designs, review feedback, and collaborate with developers.",60000-100000,"Paid leave, training budget, performance bonus",61,Average,Education requirement missing,we are hiring a web developer the candidate should have knowledge of html css the role involves supporting company projects and completing assigned tasks
Network Administrator,We need a person who can do Network Administrator work. Contact us.,"Networking, Cisco, TCP/IP, Linux",Not specified,Not specified,Not specified,Not specified,Not specified,29,Poor,"Skills, experience, education, responsibilities and salary missing",we need a person who can do network administrator work contact us
Business Analyst,We need a person who can do Business Analyst work. Contact us.,"SQL, Excel, Requirements Analysis",Not specified,Not specified,Not specified,Not specified,Not specified,48,Poor,"Skills, experience, education, responsibilities and salary missing",we need a person who can do business analyst work contact us
Marketing Manager,"We are looking for a Marketing Manager to join our team. The successful candidate will use SEO, Google Ads, Analytics to support our projects and business goals. Candidates should have 2-3 years of relevant experience and a Bachelor degree. Strong communication, problem-solving, and teamwork skills are expected.","SEO, Google Ads, Analytics, Communication",2-3 years,Bachelor degree,"Manage records, prepare reports, monitor processes, and ensure accurate documentation.",70000-120000,"Health insurance, annual bonus, professional development",86,Good,,we are looking for a marketing manager to join our team the successful candidate will use seo google ads analytics to support our projects and business goals candidates should have 2 3 years of relevant experience and a bachelor degree strong communication problem solving and teamwork skills are expected
Project Manager,"We are looking for a Project Manager to join our team. The successful candidate will use Agile, Jira, Communication to support our projects and business goals. Candidates should have 2-3 years of relevant experience and a BS Management. Strong communication, problem-solving, and teamwork skills are expected.","Agile, Jira, Communication, Risk Management",2-3 years,BS Management,"Analyze data, prepare reports, communicate findings, and support business decisions.",50000-80000,"Health insurance, paid leave, annual bonus",93,Good,,we are looking for a project manager to join our team the successful candidate will use agile jira communication to support our projects and business goals candidates should have 2 3 years of relevant experience and a bs management strong communication problem solving and teamwork skills are expected
Sales Executive,"We are hiring a Sales Executive. The candidate should have knowledge of Sales, CRM. The role involves supporting company projects and completing assigned tasks.","Sales, CRM, Communication, Negotiation",2 years,Bachelor degree,"Support customers, resolve queries, document interactions, and maintain service quality.",60000-100000,"Paid leave, training budget, performance bonus",67,Average,Benefits information missing,we are hiring a sales executive the candidate should have knowledge of sales crm the role involves supporting company projects and completing assigned tasks
Data Analyst,"We are looking for a Data Analyst to join our team. The successful candidate will use Python, SQL, Excel to support our projects and business goals. Candidates should have 2-3 years of relevant experience and a BS Data Science. Strong communication, problem-solving, and teamwork skills are expected.","Python, SQL, Excel, Power BI",2-3 years,BS Data Science,"Analyze data, prepare reports, communicate findings, and support business decisions.",90000-150000,"Health insurance, paid leave, annual bonus",85,Good,,we are looking for a data analyst to join our team the successful candidate will use python sql excel to support our projects and business goals candidates should have 2 3 years of relevant experience and a bs data science strong communication problem solving and teamwork skills are expected
Mobile App Developer,We need a hardworking Mobile App Developer. Apply now.,"Kotlin, Java, Android Studio",Not specified,Not specified,Not specified,Not specified,Not specified,23,Poor,Job responsibilities unclear and required skills missing,we need a hardworking mobile app developer apply now
Web Developer,"We are looking for a Web Developer to join our team. The successful candidate will use HTML, CSS, JavaScript to support our projects and business goals. Candidates should have 3 years of relevant experience and a BS Computer Science. Strong communication, problem-solving, and teamwork skills are expected.","HTML, CSS, JavaScript, React",3 years,BS Computer Science,"Manage projects, coordinate stakeholders, track deadlines, and resolve project risks.",60000-120000,"Paid leave, training budget, performance bonus",90,Good,,we are looking for a web developer to join our team the successful candidate will use html css javascript to support our projects and business goals candidates should have 3 years of relevant experience and a bs computer science strong communication problem solving and teamwork skills are expected
UI UX Designer,"We are hiring a UI UX Designer. The candidate should have knowledge of Figma, UI Design. The role involves supporting company projects and completing assigned tasks.","Figma, UI Design, UX Research, Prototyping",Not specified,BS Design,"Create user-focused designs, review feedback, and collaborate with developers.",Not specified,"Health insurance, paid leave, annual bonus",78,Average,Benefits information missing,we are hiring a ui ux designer the candidate should have knowledge of figma ui design the role involves supporting company projects and completing assigned tasks
Database Administrator,"We are looking for a Database Administrator to join our team. The successful candidate will use SQL, MySQL, PostgreSQL to support our projects and business goals. Candidates should have 5 years of relevant experience and a BS Computer Science. Strong communication, problem-solving, and teamwork skills are expected.","SQL, MySQL, PostgreSQL, Backup",5 years,BS Computer Science,"Analyze data, prepare reports, communicate findings, and support business decisions.",100000-160000,"Health insurance, annual bonus, professional development",88,Good,,we are looking for a database administrator to join our team the successful candidate will use sql mysql postgresql to support our projects and business goals candidates should have 5 years of relevant experience and a bs computer science strong communication problem solving and teamwork skills are expected
Machine Learning Engineer,We need a person who can do Machine Learning Engineer work. Contact us.,"Python, TensorFlow, Scikit-learn, SQL",Not specified,Not specified,Not specified,Not specified,Not specified,28,Poor,Job responsibilities unclear and required skills missing,we need a person who can do machine learning engineer work contact us
Customer Support Representative,"We are looking for a Customer Support Representative to join our team. The successful candidate will use Communication, CRM, Problem Solving to support our projects and business goals. Candidates should have 5 years of relevant experience and a Bachelor degree. Strong communication, problem-solving, and teamwork skills are expected.","Communication, CRM, Problem Solving",5 years,Bachelor degree,"Create user-focused designs, review feedback, and collaborate with developers.",70000-120000,"Health insurance, annual bonus, professional development",85,Good,,we are looking for a customer support representative to join our team the successful candidate will use communication crm problem solving to support our projects and business goals candidates should have 5 years of relevant experience and a bachelor degree strong communication problem solving and teamwork skills are expected
Data Analyst,"We are hiring a Data Analyst. The candidate should have knowledge of Python, SQL. The role involves supporting company projects and completing assigned tasks.","Python, SQL, Excel, Power BI",2 years,BS Data Science,"Analyze data, prepare reports, communicate findings, and support business decisions.",80000-130000,"Health insurance, annual bonus, professional development",69,Average,Experience requirement unclear,we are hiring a data analyst the candidate should have knowledge of python sql the role involves supporting company projects and completing assigned tasks
Teacher,"We are hiring a Teacher. The candidate should have knowledge of Teaching, Communication. The role involves supporting company projects and completing assigned tasks.","Teaching, Communication, Lesson Planning",Not specified,Bachelor degree,"Manage records, prepare reports, monitor processes, and ensure accurate documentation.",60000-100000,"Health insurance, annual bonus, professional development",63,Average,Experience requirement unclear,we are hiring a teacher the candidate should have knowledge of teaching communication the role involves supporting company projects and completing assigned tasks
Content Writer,"We are hiring a Content Writer. The candidate should have knowledge of Writing, SEO. The role involves supporting company projects and completing assigned tasks.","Writing, SEO, Research",2 years,Bachelor degree,"Create user-focused designs, review feedback, and collaborate with developers.",Not specified,"Health insurance, annual bonus, professional development",78,Average,Salary information missing,we are hiring a content writer the candidate should have knowledge of writing seo the role involves supporting company projects and completing assigned tasks
Graphic Designer,"We are hiring a Graphic Designer. The candidate should have knowledge of Photoshop, Illustrator. The role involves supporting company projects and completing assigned tasks.","Photoshop, Illustrator, Canva",Not specified,Bachelor degree,"Create user-focused designs, review feedback, and collaborate with developers.",60000-100000,"Health insurance, annual bonus, professional development",62,Average,Experience requirement unclear,we are hiring a graphic designer the candidate should have knowledge of photoshop illustrator the role involves supporting company projects and completing assigned tasks
UI UX Designer,We need a person who can do UI UX Designer work. Contact us.,"Figma, UI Design, UX Research, Prototyping",Not specified,Not specified,Not specified,Not specified,Not specified,33,Poor,Job responsibilities unclear and required skills missing,we need a person who can do ui ux designer work contact us
Business Analyst,We need a person who can do Business Analyst work. Contact us.,"SQL, Excel, Requirements Analysis",Not specified,Not specified,Not specified,Not specified,Not specified,42,Poor,"Skills, experience, education, responsibilities and salary missing",we need a person who can do business analyst work contact us
Cybersecurity Analyst,"We are hiring a Cybersecurity Analyst. The candidate should have knowledge of Network Security, Linux. The role involves supporting company projects and completing assigned tasks.","Network Security, Linux, SIEM, Python",1 year,BS Cybersecurity,"Create user-focused designs, review feedback, and collaborate with developers.",Not specified,Not specified,63,Average,Responsibilities are limited,we are hiring a cybersecurity analyst the candidate should have knowledge of network security linux the role involves supporting company projects and completing assigned tasks
Teacher,"We are hiring a Teacher. The candidate should have knowledge of Teaching, Communication. The role involves supporting company projects and completing assigned tasks.","Teaching, Communication, Lesson Planning",Not specified,Bachelor degree,"Analyze data, prepare reports, communicate findings, and support business decisions.",60000-100000,"Health insurance, annual bonus, professional development",69,Average,Salary information missing,we are hiring a teacher the candidate should have knowledge of teaching communication the role involves supporting company projects and completing assigned tasks
Data Analyst,"We are hiring a Data Analyst. The candidate should have knowledge of Python, SQL. The role involves supporting company projects and completing assigned tasks.","Python, SQL, Excel, Power BI",Not specified,BS Data Science,"Manage projects, coordinate stakeholders, track deadlines, and resolve project risks.",Not specified,"Health insurance, annual bonus, professional development",75,Average,Education requirement missing,we are hiring a data analyst the candidate should have knowledge of python sql the role involves supporting company projects and completing assigned tasks
Data Analyst,"We are looking for a Data Analyst to join our team. The successful candidate will use Python, SQL, Excel to support our projects and business goals. Candidates should have 2 years of relevant experience and a BS Data Science. Strong communication, problem-solving, and teamwork skills are expected.","Python, SQL, Excel, Power BI",2 years,BS Data Science,"Manage records, prepare reports, monitor processes, and ensure accurate documentation.",90000-120000,"Medical insurance, flexible hours, paid vacation",87,Good,,we are looking for a data analyst to join our team the successful candidate will use python sql excel to support our projects and business goals candidates should have 2 years of relevant experience and a bs data science strong communication problem solving and teamwork skills are expected
Database Administrator,"We are hiring a Database Administrator. The candidate should have knowledge of SQL, MySQL. The role involves supporting company projects and completing assigned tasks.","SQL, MySQL, PostgreSQL, Backup",2 years,BS Computer Science,"Create user-focused designs, review feedback, and collaborate with developers.",Not specified,Not specified,66,Average,Benefits information missing,we are hiring a database administrator the candidate should have knowledge of sql mysql the role involves supporting company projects and completing assigned tasks
Marketing Manager,"We are looking for a Marketing Manager to join our team. The successful candidate will use SEO, Google Ads, Analytics to support our projects and business goals. Candidates should have 5 years of relevant experience and a Bachelor degree. Strong communication, problem-solving, and teamwork skills are expected.","SEO, Google Ads, Analytics, Communication",5 years,Bachelor degree,"Develop and maintain applications, collaborate with team members, test solutions, and fix issues.",70000-130000,"Paid leave, training budget, performance bonus",94,Good,,we are looking for a marketing manager to join our team the successful candidate will use seo google ads analytics to support our projects and business goals candidates should have 5 years of relevant experience and a bachelor degree strong communication problem solving and teamwork skills are expected
Software Developer,"We are hiring a Software Developer. The candidate should have knowledge of Python, Java. The role involves supporting company projects and completing assigned tasks.","Python, Java, C++, Git",Not specified,BS Computer Science,"Manage projects, coordinate stakeholders, track deadlines, and resolve project risks.",80000-130000,"Medical insurance, flexible hours, paid vacation",61,Average,Experience requirement unclear,we are hiring a software developer the candidate should have knowledge of python java the role involves supporting company projects and completing assigned tasks
Content Writer,We need a hardworking Content Writer. Apply now.,"Writing, SEO, Research",Not specified,Not specified,Not specified,Not specified,Not specified,42,Poor,"Experience, education, salary and benefits missing",we need a hardworking content writer apply now
Sales Executive,"We are looking for a Sales Executive to join our team. The successful candidate will use Sales, CRM, Communication to support our projects and business goals. Candidates should have 2-3 years of relevant experience and a Bachelor degree. Strong communication, problem-solving, and teamwork skills are expected.","Sales, CRM, Communication, Negotiation",2-3 years,Bachelor degree,"Manage records, prepare reports, monitor processes, and ensure accurate documentation.",50000-90000,"Health insurance, annual bonus, professional development",94,Good,,we are looking for a sales executive to join our team the successful candidate will use sales crm communication to support our projects and business goals candidates should have 2 3 years of relevant experience and a bachelor degree strong communication problem solving and teamwork skills are expected
Customer Support Representative,"We are hiring a Customer Support Representative. The candidate should have knowledge of Communication, CRM. The role involves supporting company projects and completing assigned tasks.","Communication, CRM, Problem Solving",Not specified,Bachelor degree,"Create user-focused designs, review feedback, and collaborate with developers.",80000-130000,"Health insurance, annual bonus, professional development",73,Average,Responsibilities are limited,we are hiring a customer support representative the candidate should have knowledge of communication crm the role involves supporting company projects and completing assigned tasks
UI UX Designer,"We are hiring a UI UX Designer. The candidate should have knowledge of Figma, UI Design. The role involves supporting company projects and completing assigned tasks.","Figma, UI Design, UX Research, Prototyping",2 years,BS Design,"Support customers, resolve queries, document interactions, and maintain service quality.",60000-100000,"Medical insurance, flexible hours, paid vacation",72,Average,Experience requirement unclear,we are hiring a ui ux designer the candidate should have knowledge of figma ui design the role involves supporting company projects and completing assigned tasks
Accountant,"We are looking for a Accountant to join our team. The successful candidate will use Excel, Accounting, QuickBooks to support our projects and business goals. Candidates should have 5 years of relevant experience and a BS Accounting. Strong communication, problem-solving, and teamwork skills are expected.","Excel, Accounting, QuickBooks",5 years,BS Accounting,"Develop and maintain applications, collaborate with team members, test solutions, and fix issues.",60000-100000,"Health insurance, paid leave, annual bonus",95,Good,,we are looking for a accountant to join our team the successful candidate will use excel accounting quickbooks to support our projects and business goals candidates should have 5 years of relevant experience and a bs accounting strong communication problem solving and teamwork skills are expected
Software Developer,"We are looking for a Software Developer to join our team. The successful candidate will use Python, Java, C++ to support our projects and business goals. Candidates should have 3 years of relevant experience and a BS Computer Science. Strong communication, problem-solving, and teamwork skills are expected.","Python, Java, C++, Git",3 years,BS Computer Science,"Develop and maintain applications, collaborate with team members, test solutions, and fix issues.",100000-160000,"Medical insurance, flexible hours, paid vacation",87,Good,,we are looking for a software developer to join our team the successful candidate will use python java c to support our projects and business goals candidates should have 3 years of relevant experience and a bs computer science strong communication problem solving and teamwork skills are expected
Accountant,We need a person who can do Accountant work. Contact us.,"Excel, Accounting, QuickBooks",Not specified,Not specified,Not specified,Not specified,Not specified,39,Poor,Job responsibilities unclear and required skills missing,we need a person who can do accountant work contact us
Teacher,"We are looking for a Teacher to join our team. The successful candidate will use Teaching, Communication, Lesson Planning to support our projects and business goals. Candidates should have 3-5 years of relevant experience and a Bachelor degree. Strong communication, problem-solving, and teamwork skills are expected.","Teaching, Communication, Lesson Planning",3-5 years,Bachelor degree,"Manage projects, coordinate stakeholders, track deadlines, and resolve project risks.",80000-140000,"Health insurance, annual bonus, professional development",88,Good,,we are looking for a teacher to join our team the successful candidate will use teaching communication lesson planning to support our projects and business goals candidates should have 3 5 years of relevant experience and a bachelor degree strong communication problem solving and teamwork skills are expected
Cybersecurity Analyst,"We are looking for a Cybersecurity Analyst to join our team. The successful candidate will use Network Security, Linux, SIEM to support our projects and business goals. Candidates should have 1 year of relevant experience and a BS Cybersecurity. Strong communication, problem-solving, and teamwork skills are expected.","Network Security, Linux, SIEM, Python",1 year,BS Cybersecurity,"Manage records, prepare reports, monitor processes, and ensure accurate documentation.",90000-150000,"Medical insurance, flexible hours, paid vacation",93,Good,,we are looking for a cybersecurity analyst to join our team the successful candidate will use network security linux siem to support our projects and business goals candidates should have 1 year of relevant experience and a bs cybersecurity strong communication problem solving and teamwork skills are expected
Project Manager,"We are looking for a Project Manager to join our team. The successful candidate will use Agile, Jira, Communication to support our projects and business goals. Candidates should have 3-5 years of relevant experience and a BS Management. Strong communication, problem-solving, and teamwork skills are expected.","Agile, Jira, Communication, Risk Management",3-5 years,BS Management,"Develop and maintain applications, collaborate with team members, test solutions, and fix issues.",90000-140000,"Health insurance, paid leave, annual bonus",94,Good,,we are looking for a project manager to join our team the successful candidate will use agile jira communication to support our projects and business goals candidates should have 3 5 years of relevant experience and a bs management strong communication problem solving and teamwork skills are expected
Mobile App Developer,"We are hiring a Mobile App Developer. The candidate should have knowledge of Kotlin, Java. The role involves supporting company projects and completing assigned tasks.","Kotlin, Java, Android Studio",1 year,BS Computer Science,"Manage records, prepare reports, monitor processes, and ensure accurate documentation.",Not specified,"Health insurance, annual bonus, professional development",62,Average,Benefits information missing,we are hiring a mobile app developer the candidate should have knowledge of kotlin java the role involves supporting company projects and completing assigned tasks
Network Administrator,Looking for someone for a Network Administrator position. Good opportunity.,"Networking, Cisco, TCP/IP, Linux",Not specified,Not specified,Not specified,Not specified,Not specified,34,Poor,"Experience, education, salary and benefits missing",looking for someone for a network administrator position good opportunity
Data Analyst,"We are hiring a Data Analyst. The candidate should have knowledge of Python, SQL. The role involves supporting company projects and completing assigned tasks.","Python, SQL, Excel, Power BI",Not specified,BS Data Science,"Create user-focused designs, review feedback, and collaborate with developers.",60000-100000,"Medical insurance, flexible hours, paid vacation",62,Average,Responsibilities are limited,we are hiring a data analyst the candidate should have knowledge of python sql the role involves supporting company projects and completing assigned tasks
Business Analyst,"We are looking for a Business Analyst to join our team. The successful candidate will use SQL, Excel, Requirements Analysis to support our projects and business goals. Candidates should have 1 year of relevant experience and a Bachelor degree. Strong communication, problem-solving, and teamwork skills are expected.","SQL, Excel, Requirements Analysis",1 year,Bachelor degree,"Create user-focused designs, review feedback, and collaborate with developers.",70000-100000,"Health insurance, annual bonus, professional development",93,Good,,we are looking for a business analyst to join our team the successful candidate will use sql excel requirements analysis to support our projects and business goals candidates should have 1 year of relevant experience and a bachelor degree strong communication problem solving and teamwork skills are expected
Mobile App Developer,"We are hiring a Mobile App Developer. The candidate should have knowledge of Kotlin, Java. The role involves supporting company projects and completing assigned tasks.","Kotlin, Java, Android Studio",2 years,BS Computer Science,"Manage projects, coordinate stakeholders, track deadlines, and resolve project risks.",80000-130000,"Paid leave, training budget, performance bonus",69,Average,Benefits information missing,we are hiring a mobile app developer the candidate should have knowledge of kotlin java the role involves supporting company projects and completing assigned tasks
Web Developer,"We are hiring a Web Developer. The candidate should have knowledge of HTML, CSS. The role involves supporting company projects and completing assigned tasks.","HTML, CSS, JavaScript, React",Not specified,BS Computer Science,"Manage records, prepare reports, monitor processes, and ensure accurate documentation.",Not specified,"Paid leave, training budget, performance bonus",78,Average,Experience requirement unclear,we are hiring a web developer the candidate should have knowledge of html css the role involves supporting company projects and completing assigned tasks
Web Developer,"We are hiring a Web Developer. The candidate should have knowledge of HTML, CSS. The role involves supporting company projects and completing assigned tasks.","HTML, CSS, JavaScript, React",Not specified,BS Computer Science,"Develop and maintain applications, collaborate with team members, test solutions, and fix issues.",60000-100000,Not specified,69,Average,Responsibilities are limited,we are hiring a web developer the candidate should have knowledge of html css the role involves supporting company projects and completing assigned tasks
Software Developer,"We are looking for a Software Developer to join our team. The successful candidate will use Python, Java, C++ to support our projects and business goals. Candidates should have 1 year of relevant experience and a BS Computer Science. Strong communication, problem-solving, and teamwork skills are expected.","Python, Java, C++, Git",1 year,BS Computer Science,"Manage projects, coordinate stakeholders, track deadlines, and resolve project risks.",60000-90000,"Paid leave, training budget, performance bonus",87,Good,,we are looking for a software developer to join our team the successful candidate will use python java c to support our projects and business goals candidates should have 1 year of relevant experience and a bs computer science strong communication problem solving and teamwork skills are expected
Teacher,"We are looking for a Teacher to join our team. The successful candidate will use Teaching, Communication, Lesson Planning to support our projects and business goals. Candidates should have 2-3 years of relevant experience and a Bachelor degree. Strong communication, problem-solving, and teamwork skills are expected.","Teaching, Communication, Lesson Planning",2-3 years,Bachelor degree,"Support customers, resolve queries, document interactions, and maintain service quality.",50000-80000,"Medical insurance, flexible hours, paid vacation",96,Good,,we are looking for a teacher to join our team the successful candidate will use teaching communication lesson planning to support our projects and business goals candidates should have 2 3 years of relevant experience and a bachelor degree strong communication problem solving and teamwork skills are expected
Machine Learning Engineer,"We are hiring a Machine Learning Engineer. The candidate should have knowledge of Python, TensorFlow. The role involves supporting company projects and completing assigned tasks.","Python, TensorFlow, Scikit-learn, SQL",2 years,BS Computer Science,"Manage records, prepare reports, monitor processes, and ensure accurate documentation.",60000-100000,"Paid leave, training budget, performance bonus",67,Average,Salary information missing,we are hiring a machine learning engineer the candidate should have knowledge of python tensorflow the role involves supporting company projects and completing assigned tasks
Cybersecurity Analyst,We need a hardworking Cybersecurity Analyst. Apply now.,"Network Security, Linux, SIEM, Python",Not specified,Not specified,Not specified,Not specified,Not specified,30,Poor,"Skills, experience, education, responsibilities and salary missing",we need a hardworking cybersecurity analyst apply now
Machine Learning Engineer,"We are hiring a Machine Learning Engineer. The candidate should have knowledge of Python, TensorFlow. The role involves supporting company projects and completing assigned tasks.","Python, TensorFlow, Scikit-learn, SQL",1 year,BS Computer Science,"Create user-focused designs, review feedback, and collaborate with developers.",80000-130000,"Health insurance, annual bonus, professional development",67,Average,Salary information missing,we are hiring a machine learning engineer the candidate should have knowledge of python tensorflow the role involves supporting company projects and completing assigned tasks
Cybersecurity Analyst,"We are looking for a Cybersecurity Analyst to join our team. The successful candidate will use Network Security, Linux, SIEM to support our projects and business goals. Candidates should have 5 years of relevant experience and a BS Cybersecurity. Strong communication, problem-solving, and teamwork skills are expected.","Network Security, Linux, SIEM, Python",5 years,BS Cybersecurity,"Develop and maintain applications, collaborate with team members, test solutions, and fix issues.",70000-100000,"Paid leave, training budget, performance bonus",85,Good,,we are looking for a cybersecurity analyst to join our team the successful candidate will use network security linux siem to support our projects and business goals candidates should have 5 years of relevant experience and a bs cybersecurity strong communication problem solving and teamwork skills are expected
Cybersecurity Analyst,"We are hiring a Cybersecurity Analyst. The candidate should have knowledge of Network Security, Linux. The role involves supporting company projects and completing assigned tasks.","Network Security, Linux, SIEM, Python",2 years,BS Cybersecurity,"Manage records, prepare reports, monitor processes, and ensure accurate documentation.",80000-130000,"Health insurance, annual bonus, professional development",77,Average,Benefits information missing,we are hiring a cybersecurity analyst the candidate should have knowledge of network security linux the role involves supporting company projects and completing assigned tasks
Customer Support Representative,"We are hiring a Customer Support Representative. The candidate should have knowledge of Communication, CRM. The role involves supporting company projects and completing assigned tasks.","Communication, CRM, Problem Solving",2 years,Bachelor degree,"Analyze data, prepare reports, communicate findings, and support business decisions.",80000-130000,"Paid leave, training budget, performance bonus",76,Average,Salary information missing,we are hiring a customer support representative the candidate should have knowledge of communication crm the role involves supporting company projects and completing assigned tasks
Software Developer,"We are looking for a Software Developer to join our team. The successful candidate will use Python, Java, C++ to support our projects and business goals. Candidates should have 3 years of relevant experience and a BS Computer Science. Strong communication, problem-solving, and teamwork skills are expected.","Python, Java, C++, Git",3 years,BS Computer Science,"Develop and maintain applications, collaborate with team members, test solutions, and fix issues.",80000-130000,"Health insurance, paid leave, annual bonus",93,Good,,we are looking for a software developer to join our team the successful candidate will use python java c to support our projects and business goals candidates should have 3 years of relevant experience and a bs computer science strong communication problem solving and teamwork skills are expected
Sales Executive,Looking for someone for a Sales Executive position. Good opportunity.,"Sales, CRM, Communication, Negotiation",Not specified,Not specified,Not specified,Not specified,Not specified,39,Poor,"Experience, education, salary and benefits missing",looking for someone for a sales executive position good opportunity
Project Manager,"We are looking for a Project Manager to join our team. The successful candidate will use Agile, Jira, Communication to support our projects and business goals. Candidates should have 2-3 years of relevant experience and a BS Management. Strong communication, problem-solving, and teamwork skills are expected.","Agile, Jira, Communication, Risk Management",2-3 years,BS Management,"Create user-focused designs, review feedback, and collaborate with developers.",50000-100000,"Health insurance, annual bonus, professional development",97,Good,,we are looking for a project manager to join our team the successful candidate will use agile jira communication to support our projects and business goals candidates should have 2 3 years of relevant experience and a bs management strong communication problem solving and teamwork skills are expected
Graphic Designer,"We are hiring a Graphic Designer. The candidate should have knowledge of Photoshop, Illustrator. The role involves supporting company projects and completing assigned tasks.","Photoshop, Illustrator, Canva",Not specified,Bachelor degree,"Manage projects, coordinate stakeholders, track deadlines, and resolve project risks.",60000-100000,Not specified,65,Average,Experience requirement unclear,we are hiring a graphic designer the candidate should have knowledge of photoshop illustrator the role involves supporting company projects and completing assigned tasks
Content Writer,"We are looking for a Content Writer to join our team. The successful candidate will use Writing, SEO, Research to support our projects and business goals. Candidates should have 1 year of relevant experience and a Bachelor degree. Strong communication, problem-solving, and teamwork skills are expected.","Writing, SEO, Research",1 year,Bachelor degree,"Develop and maintain applications, collaborate with team members, test solutions, and fix issues.",50000-80000,"Health insurance, annual bonus, professional development",93,Good,,we are looking for a content writer to join our team the successful candidate will use writing seo research to support our projects and business goals candidates should have 1 year of relevant experience and a bachelor degree strong communication problem solving and teamwork skills are expected
Data Scientist,"We are hiring a Data Scientist. The candidate should have knowledge of Python, Pandas. The role involves supporting company projects and completing assigned tasks.","Python, Pandas, Scikit-learn, SQL",2 years,BS Data Science,"Manage projects, coordinate stakeholders, track deadlines, and resolve project risks.",60000-100000,"Paid leave, training budget, performance bonus",66,Average,Education requirement missing,we are hiring a data scientist the candidate should have knowledge of python pandas the role involves supporting company projects and completing assigned tasks
Software Developer,"We are hiring a Software Developer. The candidate should have knowledge of Python, Java. The role involves supporting company projects and completing assigned tasks.","Python, Java, C++, Git",1 year,BS Computer Science,"Support customers, resolve queries, document interactions, and maintain service quality.",Not specified,"Medical insurance, flexible hours, paid vacation",63,Average,Education requirement missing,we are hiring a software developer the candidate should have knowledge of python java the role involves supporting company projects and completing assigned tasks
Data Analyst,We need a hardworking Data Analyst. Apply now.,"Python, SQL, Excel, Power BI",Not specified,Not specified,Not specified,Not specified,Not specified,32,Poor,"Experience, education, salary and benefits missing",we need a hardworking data analyst apply now
Business Analyst,We need a hardworking Business Analyst. Apply now.,"SQL, Excel, Requirements Analysis",Not specified,Not specified,Not specified,Not specified,Not specified,48,Poor,"Skills, experience, education, responsibilities and salary missing",we need a hardworking business analyst apply now
Cybersecurity Analyst,"We are looking for a Cybersecurity Analyst to join our team. The successful candidate will use Network Security, Linux, SIEM to support our projects and business goals. Candidates should have 3 years of relevant experience and a BS Cybersecurity. Strong communication, problem-solving, and teamwork skills are expected.","Network Security, Linux, SIEM, Python",3 years,BS Cybersecurity,"Manage projects, coordinate stakeholders, track deadlines, and resolve project risks.",100000-130000,"Health insurance, annual bonus, professional development",97,Good,,we are looking for a cybersecurity analyst to join our team the successful candidate will use network security linux siem to support our projects and business goals candidates should have 3 years of relevant experience and a bs cybersecurity strong communication problem solving and teamwork skills are expected
Accountant,"We are hiring a Accountant. The candidate should have knowledge of Excel, Accounting. The role involves supporting company projects and completing assigned tasks.","Excel, Accounting, QuickBooks",Not specified,BS Accounting,"Analyze data, prepare reports, communicate findings, and support business decisions.",80000-130000,"Paid leave, training budget, performance bonus",62,Average,Experience requirement unclear,we are hiring a accountant the candidate should have knowledge of excel accounting the role involves supporting company projects and completing assigned tasks
Web Developer,"We are looking for a Web Developer to join our team. The successful candidate will use HTML, CSS, JavaScript to support our projects and business goals. Candidates should have 2-3 years of relevant experience and a BS Computer Science. Strong communication, problem-solving, and teamwork skills are expected.","HTML, CSS, JavaScript, React",2-3 years,BS Computer Science,"Analyze data, prepare reports, communicate findings, and support business decisions.",50000-100000,"Paid leave, training budget, performance bonus",92,Good,,we are looking for a web developer to join our team the successful candidate will use html css javascript to support our projects and business goals candidates should have 2 3 years of relevant experience and a bs computer science strong communication problem solving and teamwork skills are expected
Data Analyst,"We are hiring a Data Analyst. The candidate should have knowledge of Python, SQL. The role involves supporting company projects and completing assigned tasks.","Python, SQL, Excel, Power BI",1 year,BS Data Science,"Analyze data, prepare reports, communicate findings, and support business decisions.",Not specified,"Health insurance, annual bonus, professional development",75,Average,Education requirement missing,we are hiring a data analyst the candidate should have knowledge of python sql the role involves supporting company projects and completing assigned tasks
Machine Learning Engineer,"We are hiring a Machine Learning Engineer. The candidate should have knowledge of Python, TensorFlow. The role involves supporting company projects and completing assigned tasks.","Python, TensorFlow, Scikit-learn, SQL",2 years,BS Computer Science,"Manage records, prepare reports, monitor processes, and ensure accurate documentation.",60000-100000,Not specified,63,Average,Salary information missing,we are hiring a machine learning engineer the candidate should have knowledge of python tensorflow the role involves supporting company projects and completing assigned tasks
Project Manager,"We are looking for a Project Manager to join our team. The successful candidate will use Agile, Jira, Communication to support our projects and business goals. Candidates should have 1 year of relevant experience and a BS Management. Strong communication, problem-solving, and teamwork skills are expected.","Agile, Jira, Communication, Risk Management",1 year,BS Management,"Develop and maintain applications, collaborate with team members, test solutions, and fix issues.",50000-100000,"Health insurance, annual bonus, professional development",92,Good,,we are looking for a project manager to join our team the successful candidate will use agile jira communication to support our projects and business goals candidates should have 1 year of relevant experience and a bs management strong communication problem solving and teamwork skills are expected
Machine Learning Engineer,"We are hiring a Machine Learning Engineer. The candidate should have knowledge of Python, TensorFlow. The role involves supporting company projects and completing assigned tasks.","Python, TensorFlow, Scikit-learn, SQL",1 year,BS Computer Science,"Manage projects, coordinate stakeholders, track deadlines, and resolve project risks.",60000-100000,"Health insurance, annual bonus, professional development",64,Average,Experience requirement unclear,we are hiring a machine learning engineer the candidate should have knowledge of python tensorflow the role involves supporting company projects and completing assigned tasks
Customer Support Representative,"We are hiring a Customer Support Representative. The candidate should have knowledge of Communication, CRM. The role involves supporting company projects and completing assigned tasks.","Communication, CRM, Problem Solving",Not specified,Bachelor degree,"Create user-focused designs, review feedback, and collaborate with developers.",Not specified,"Health insurance, annual bonus, professional development",73,Average,Salary information missing,we are hiring a customer support representative the candidate should have knowledge of communication crm the role involves supporting company projects and completing assigned tasks
Data Analyst,"We are hiring a Data Analyst. The candidate should have knowledge of Python, SQL. The role involves supporting company projects and completing assigned tasks.","Python, SQL, Excel, Power BI",1 year,BS Data Science,"Develop and maintain applications, collaborate with team members, test solutions, and fix issues.",80000-130000,"Health insurance, annual bonus, professional development",78,Average,Responsibilities are limited,we are hiring a data analyst the candidate should have knowledge of python sql the role involves supporting company projects and completing assigned tasks
Sales Executive,"We are looking for a Sales Executive to join our team. The successful candidate will use Sales, CRM, Communication to support our projects and business goals. Candidates should have 2-3 years of relevant experience and a Bachelor degree. Strong communication, problem-solving, and teamwork skills are expected.","Sales, CRM, Communication, Negotiation",2-3 years,Bachelor degree,"Manage projects, coordinate stakeholders, track deadlines, and resolve project risks.",80000-110000,"Health insurance, paid leave, annual bonus",93,Good,,we are looking for a sales executive to join our team the successful candidate will use sales crm communication to support our projects and business goals candidates should have 2 3 years of relevant experience and a bachelor degree strong communication problem solving and teamwork skills are expected
Marketing Manager,"We are looking for a Marketing Manager to join our team. The successful candidate will use SEO, Google Ads, Analytics to support our projects and business goals. Candidates should have 3 years of relevant experience and a Bachelor degree. Strong communication, problem-solving, and teamwork skills are expected.","SEO, Google Ads, Analytics, Communication",3 years,Bachelor degree,"Support customers, resolve queries, document interactions, and maintain service quality.",70000-110000,"Medical insurance, flexible hours, paid vacation",85,Good,,we are looking for a marketing manager to join our team the successful candidate will use seo google ads analytics to support our projects and business goals candidates should have 3 years of relevant experience and a bachelor degree strong communication problem solving and teamwork skills are expected
Customer Support Representative,"We are hiring a Customer Support Representative. The candidate should have knowledge of Communication, CRM. The role involves supporting company projects and completing assigned tasks.","Communication, CRM, Problem Solving",2 years,Bachelor degree,"Develop and maintain applications, collaborate with team members, test solutions, and fix issues.",Not specified,"Health insurance, annual bonus, professional development",71,Average,Salary information missing,we are hiring a customer support representative the candidate should have knowledge of communication crm the role involves supporting company projects and completing assigned tasks
Data Analyst,Looking for someone for a Data Analyst position. Good opportunity.,"Python, SQL, Excel, Power BI",Not specified,Not specified,Not specified,Not specified,Not specified,43,Poor,"Skills, experience, education, responsibilities and salary missing",looking for someone for a data analyst position good opportunity
Machine Learning Engineer,"We are looking for a Machine Learning Engineer to join our team. The successful candidate will use Python, TensorFlow, Scikit-learn to support our projects and business goals. Candidates should have 1 year of relevant experience and a BS Computer Science. Strong communication, problem-solving, and teamwork skills are expected.","Python, TensorFlow, Scikit-learn, SQL",1 year,BS Computer Science,"Create user-focused designs, review feedback, and collaborate with developers.",100000-140000,"Health insurance, annual bonus, professional development",86,Good,,we are looking for a machine learning engineer to join our team the successful candidate will use python tensorflow scikit learn to support our projects and business goals candidates should have 1 year of relevant experience and a bs computer science strong communication problem solving and teamwork skills are expected
Content Writer,"We are hiring a Content Writer. The candidate should have knowledge of Writing, SEO. The role involves supporting company projects and completing assigned tasks.","Writing, SEO, Research",2 years,Bachelor degree,"Develop and maintain applications, collaborate with team members, test solutions, and fix issues.",Not specified,"Health insurance, annual bonus, professional development",61,Average,Experience requirement unclear,we are hiring a content writer the candidate should have knowledge of writing seo the role involves supporting company projects and completing assigned tasks
Web Developer,"We are looking for a Web Developer to join our team. The successful candidate will use HTML, CSS, JavaScript to support our projects and business goals. Candidates should have 5 years of relevant experience and a BS Computer Science. Strong communication, problem-solving, and teamwork skills are expected.","HTML, CSS, JavaScript, React",5 years,BS Computer Science,"Analyze data, prepare reports, communicate findings, and support business decisions.",50000-110000,"Health insurance, paid leave, annual bonus",97,Good,,we are looking for a web developer to join our team the successful candidate will use html css javascript to support our projects and business goals candidates should have 5 years of relevant experience and a bs computer science strong communication problem solving and teamwork skills are expected
Network Administrator,"We are hiring a Network Administrator. The candidate should have knowledge of Networking, Cisco. The role involves supporting company projects and completing assigned tasks.","Networking, Cisco, TCP/IP, Linux",Not specified,BS Computer Science,"Manage records, prepare reports, monitor processes, and ensure accurate documentation.",Not specified,"Medical insurance, flexible hours, paid vacation",78,Average,Benefits information missing,we are hiring a network administrator the candidate should have knowledge of networking cisco the role involves supporting company projects and completing assigned tasks
Data Analyst,"We are looking for a Data Analyst to join our team. The successful candidate will use Python, SQL, Excel to support our projects and business goals. Candidates should have 2 years of relevant experience and a BS Data Science. Strong communication, problem-solving, and teamwork skills are expected.","Python, SQL, Excel, Power BI",2 years,BS Data Science,"Support customers, resolve queries, document interactions, and maintain service quality.",80000-110000,"Health insurance, annual bonus, professional development",85,Good,,we are looking for a data analyst to join our team the successful candidate will use python sql excel to support our projects and business goals candidates should have 2 years of relevant experience and a bs data science strong communication problem solving and teamwork skills are expected
Graphic Designer,"We are hiring a Graphic Designer. The candidate should have knowledge of Photoshop, Illustrator. The role involves supporting company projects and completing assigned tasks.","Photoshop, Illustrator, Canva",1 year,Bachelor degree,"Manage records, prepare reports, monitor processes, and ensure accurate documentation.",60000-100000,"Medical insurance, flexible hours, paid vacation",61,Average,Experience requirement unclear,we are hiring a graphic designer the candidate should have knowledge of photoshop illustrator the role involves supporting company projects and completing assigned tasks
Data Scientist,"We are hiring a Data Scientist. The candidate should have knowledge of Python, Pandas. The role involves supporting company projects and completing assigned tasks.","Python, Pandas, Scikit-learn, SQL",1 year,BS Data Science,"Develop and maintain applications, collaborate with team members, test solutions, and fix issues.",Not specified,"Health insurance, paid leave, annual bonus",63,Average,Salary information missing,we are hiring a data scientist the candidate should have knowledge of python pandas the role involves supporting company projects and completing assigned tasks
Teacher,We need a hardworking Teacher. Apply now.,"Teaching, Communication, Lesson Planning",Not specified,Not specified,Not specified,Not specified,Not specified,22,Poor,"Skills, experience, education, responsibilities and salary missing",we need a hardworking teacher apply now
Accountant,"We are looking for a Accountant to join our team. The successful candidate will use Excel, Accounting, QuickBooks to support our projects and business goals. Candidates should have 5 years of relevant experience and a BS Accounting. Strong communication, problem-solving, and teamwork skills are expected.","Excel, Accounting, QuickBooks",5 years,BS Accounting,"Develop and maintain applications, collaborate with team members, test solutions, and fix issues.",100000-160000,"Paid leave, training budget, performance bonus",95,Good,,we are looking for a accountant to join our team the successful candidate will use excel accounting quickbooks to support our projects and business goals candidates should have 5 years of relevant experience and a bs accounting strong communication problem solving and teamwork skills are expected
Business Analyst,"We are hiring a Business Analyst. The candidate should have knowledge of SQL, Excel. The role involves supporting company projects and completing assigned tasks.","SQL, Excel, Requirements Analysis",2 years,Bachelor degree,"Support customers, resolve queries, document interactions, and maintain service quality.",60000-100000,"Health insurance, paid leave, annual bonus",65,Average,Experience requirement unclear,we are hiring a business analyst the candidate should have knowledge of sql excel the role involves supporting company projects and completing assigned tasks
Data Analyst,"We are looking for a Data Analyst to join our team. The successful candidate will use Python, SQL, Excel to support our projects and business goals. Candidates should have 2 years of relevant experience and a BS Data Science. Strong communication, problem-solving, and teamwork skills are expected.","Python, SQL, Excel, Power BI",2 years,BS Data Science,"Support customers, resolve queries, document interactions, and maintain service quality.",80000-120000,"Paid leave, training budget, performance bonus",87,Good,,we are looking for a data analyst to join our team the successful candidate will use python sql excel to support our projects and business goals candidates should have 2 years of relevant experience and a bs data science strong communication problem solving and teamwork skills are expected
Database Administrator,"We are looking for a Database Administrator to join our team. The successful candidate will use SQL, MySQL, PostgreSQL to support our projects and business goals. Candidates should have 3-5 years of relevant experience and a BS Computer Science. Strong communication, problem-solving, and teamwork skills are expected.","SQL, MySQL, PostgreSQL, Backup",3-5 years,BS Computer Science,"Manage records, prepare reports, monitor processes, and ensure accurate documentation.",50000-90000,"Health insurance, paid leave, annual bonus",94,Good,,we are looking for a database administrator to join our team the successful candidate will use sql mysql postgresql to support our projects and business goals candidates should have 3 5 years of relevant experience and a bs computer science strong communication problem solving and teamwork skills are expected
Customer Support Representative,We need a hardworking Customer Support Representative. Apply now.,"Communication, CRM, Problem Solving",Not specified,Not specified,Not specified,Not specified,Not specified,48,Poor,Job responsibilities unclear and required skills missing,we need a hardworking customer support representative apply now
Data Analyst,"We are looking for a Data Analyst to join our team. The successful candidate will use Python, SQL, Excel to support our projects and business goals. Candidates should have 2 years of relevant experience and a BS Data Science. Strong communication, problem-solving, and teamwork skills are expected.","Python, SQL, Excel, Power BI",2 years,BS Data Science,"Manage records, prepare reports, monitor processes, and ensure accurate documentation.",50000-100000,"Health insurance, annual bonus, professional development",97,Good,,we are looking for a data analyst to join our team the successful candidate will use python sql excel to support our projects and business goals candidates should have 2 years of relevant experience and a bs data science strong communication problem solving and teamwork skills are expected
Mobile App Developer,"We are hiring a Mobile App Developer. The candidate should have knowledge of Kotlin, Java. The role involves supporting company projects and completing assigned tasks.","Kotlin, Java, Android Studio",1 year,BS Computer Science,"Support customers, resolve queries, document interactions, and maintain service quality.",60000-100000,"Paid leave, training budget, performance bonus",74,Average,Salary information missing,we are hiring a mobile app developer the candidate should have knowledge of kotlin java the role involves supporting company projects and completing assigned tasks
Graphic Designer,We need a person who can do Graphic Designer work. Contact us.,"Photoshop, Illustrator, Canva",Not specified,Not specified,Not specified,Not specified,Not specified,42,Poor,"Skills, experience, education, responsibilities and salary missing",we need a person who can do graphic designer work contact us
Teacher,"We are looking for a Teacher to join our team. The successful candidate will use Teaching, Communication, Lesson Planning to support our projects and business goals. Candidates should have 3 years of relevant experience and a Bachelor degree. Strong communication, problem-solving, and teamwork skills are expected.","Teaching, Communication, Lesson Planning",3 years,Bachelor degree,"Manage projects, coordinate stakeholders, track deadlines, and resolve project risks.",90000-120000,"Paid leave, training budget, performance bonus",91,Good,,we are looking for a teacher to join our team the successful candidate will use teaching communication lesson planning to support our projects and business goals candidates should have 3 years of relevant experience and a bachelor degree strong communication problem solving and teamwork skills are expected
Software Developer,"We are hiring a Software Developer. The candidate should have knowledge of Python, Java. The role involves supporting company projects and completing assigned tasks.","Python, Java, C++, Git",1 year,BS Computer Science,"Develop and maintain applications, collaborate with team members, test solutions, and fix issues.",60000-100000,Not specified,79,Average,Experience requirement unclear,we are hiring a software developer the candidate should have knowledge of python java the role involves supporting company projects and completing assigned tasks
Web Developer,"We are hiring a Web Developer to work on company projects using HTML, CSS, JavaScript.","HTML, CSS, JavaScript, React",2 years,BS Computer Science,"Complete assigned tasks, collaborate with the team, test work, and prepare reports.",70000-120000,"Paid leave, health insurance",82,Good,,we are hiring a web developer to work on company projects using html css javascript
Data Analyst,"We are hiring a Data Analyst to work on company projects using Python, SQL, Excel.","Python, SQL, Excel, Power BI",2 years,BS Data Science,"Complete assigned tasks, collaborate with the team, test work, and prepare reports.",70000-120000,"Paid leave, health insurance",82,Good,,we are hiring a data analyst to work on company projects using python sql excel
Data Scientist,"We are hiring a Data Scientist to work on company projects using Python, Pandas, Scikit-learn.","Python, Pandas, Scikit-learn, SQL",2 years,BS Data Science,"Complete assigned tasks, collaborate with the team, test work, and prepare reports.",70000-120000,"Paid leave, health insurance",82,Good,,we are hiring a data scientist to work on company projects using python pandas scikit learn
Machine Learning Engineer,"We are hiring a Machine Learning Engineer to work on company projects using Python, TensorFlow, Scikit-learn.","Python, TensorFlow, Scikit-learn, SQL",2 years,BS Computer Science,"Complete assigned tasks, collaborate with the team, test work, and prepare reports.",70000-120000,"Paid leave, health insurance",82,Good,,we are hiring a machine learning engineer to work on company projects using python tensorflow scikit learn
Cybersecurity Analyst,"We are hiring a Cybersecurity Analyst to work on company projects using Network Security, Linux, SIEM.","Network Security, Linux, SIEM, Python",2 years,BS Cybersecurity,"Complete assigned tasks, collaborate with the team, test work, and prepare reports.",70000-120000,"Paid leave, health insurance",82,Good,,we are hiring a cybersecurity analyst to work on company projects using network security linux siem
